{
  "model": {
    "type": "minecraft:condition",
    "property": "minecraft:has_component",
    "component": "minecraft:enchantments",
    "ignore_default": true,
    "on_true": {
      "type": "minecraft:select",
      "property": "minecraft:display_context",
      "cases": [
        {
          "when": [
            "firstperson_lefthand",
            "firstperson_righthand",
            "thirdperson_lefthand",
            "thirdperson_righthand"
          ],
          "model": {
            "type": "minecraft:model",
            "model": "item/enchanted_stone_sword_3d"
          }
        }
      ],
      "fallback": {
        "type": "minecraft:model",
        "model": "item/stone_sword"
      }
    },
    "on_false": {
      "type": "minecraft:select",
      "property": "minecraft:display_context",
      "cases": [
        {
          "when": [
            "firstperson_lefthand",
            "firstperson_righthand",
            "thirdperson_lefthand",
            "thirdperson_righthand"
          ],
          "model": {
            "type": "minecraft:model",
            "model": "item/stone_sword_3d"
          }
        }
      ],
      "fallback": {
        "type": "minecraft:model",
        "model": "minecraft:item/stone_sword"
      }
    }
  }
}

