{
    "providers": [
        {
         "type": "bitmap",
         "file": "icons:tooltip/banner_pattern/pattern.png",
         "ascent": 7,
         "height": 8,
         "chars": [
            "\uDB80\uDD45\uDB80\uDD46\uDB80\uDD47\uDB80\uDD48\uDB80\uDD49\uDB80\uDD4A\uDB80\uDD4B\uDB80\uDD4C"
            ]
        },
        {
         "type": "bitmap",
         "file": "icons:tooltip/banner_pattern/border.png",
         "ascent": 9,
         "height": 11,
         "chars": [
			"\uDBC0\uDD26",
			"\uDBC0\uDD27",
			"\uDBC0\uDD28",
			"\uDBC0\uDD29",
			"\uDBC0\uDD2A",
			"\uDBC0\uDD2B",
			"\uDBC0\uDD2C",
			"\uDBC0\uDD2D",
			"\uDBC0\uDD2E",
			"\uDBC0\uDD2F",
			"\uDBC0\uDD30",
			"\uDBC0\uDD31",
			"\uDBC0\uDD32",
			"\uDBC0\uDD33",
			"\uDBC0\uDD34",
			"\uDBC0\uDD35"
			]
		},			
        {
         "type": "bitmap",
         "file": "icons:tooltip/banner_pattern/bricks.png",
         "ascent": 9,
         "height": 11,
         "chars": [
			"\uDBC0\uDD36",
			"\uDBC0\uDD37",
			"\uDBC0\uDD38",
			"\uDBC0\uDD39",
			"\uDBC0\uDD3A",
			"\uDBC0\uDD3B",	
			"\uDBC0\uDD3C",
			"\uDBC0\uDD3D",
			"\uDBC0\uDD3E",
			"\uDBC0\uDD3F",
			"\uDBC0\uDD40",
			"\uDBC0\uDD41",
			"\uDBC0\uDD42",
			"\uDBC0\uDD43",
			"\uDBC0\uDD44",
			"\uDBC0\uDD45"
			]
		},	
        {
         "type": "bitmap",
         "file": "icons:tooltip/banner_pattern/circle.png",
         "ascent": 9,
         "height": 11,
         "chars": [
			"\uDBC0\uDD46",
			"\uDBC0\uDD47",
			"\uDBC0\uDD48",
			"\uDBC0\uDD49",
			"\uDBC0\uDD4A",
			"\uDBC0\uDD4B",
			"\uDBC0\uDD4C",
			"\uDBC0\uDD4D",
			"\uDBC0\uDD4E",
			"\uDBC0\uDD4F",
			"\uDBC0\uDD50",
			"\uDBC0\uDD51",
			"\uDBC0\uDD52",
			"\uDBC0\uDD53",
			"\uDBC0\uDD54",
			"\uDBC0\uDD55"
			]
		},
        {
         "type": "bitmap",
         "file": "icons:tooltip/banner_pattern/creeper.png",
         "ascent": 9,
         "height": 11,
         "chars": [
			"\uDBC0\uDD56",
			"\uDBC0\uDD57",
			"\uDBC0\uDD58",
			"\uDBC0\uDD59",
			"\uDBC0\uDD5A",
			"\uDBC0\uDD5B",
			"\uDBC0\uDD5C",
			"\uDBC0\uDD5D",
			"\uDBC0\uDD5E",
			"\uDBC0\uDD5F",
			"\uDBC0\uDD60",
			"\uDBC0\uDD61",
			"\uDBC0\uDD62",
			"\uDBC0\uDD63",
			"\uDBC0\uDD64",
			"\uDBC0\uDD65"
			]
		},
        {
         "type": "bitmap",
         "file": "icons:tooltip/banner_pattern/cross.png",
         "ascent": 9,
         "height": 11,
         "chars": [
			"\uDBC0\uDD66",
			"\uDBC0\uDD67",
			"\uDBC0\uDD68",
			"\uDBC0\uDD69",
			"\uDBC0\uDD6A",
			"\uDBC0\uDD6B",
			"\uDBC0\uDD6C",
			"\uDBC0\uDD6D",
			"\uDBC0\uDD6E",
			"\uDBC0\uDD6F",
			"\uDBC0\uDD70",
			"\uDBC0\uDD71",
			"\uDBC0\uDD72",
			"\uDBC0\uDD73",
			"\uDBC0\uDD74",
			"\uDBC0\uDD75"
			]
		},
        {
         "type": "bitmap",
         "file": "icons:tooltip/banner_pattern/curly_border.png",
         "ascent": 9,
         "height": 11,
         "chars": [
			"\uDBC0\uDD76",
			"\uDBC0\uDD77",
			"\uDBC0\uDD78",
			"\uDBC0\uDD79",
			"\uDBC0\uDD7A",
			"\uDBC0\uDD7B",
			"\uDBC0\uDD7C",
			"\uDBC0\uDD7D",	 		 
			"\uDBC0\uDD7E",
			"\uDBC0\uDD7F",
			"\uDBC0\uDD80",
			"\uDBC0\uDD81",
			"\uDBC0\uDD82",
			"\uDBC0\uDD83",
			"\uDBC0\uDD84",
			"\uDBC0\uDD85"
			]
		},
        {
         "type": "bitmap",
         "file": "icons:tooltip/banner_pattern/diagonal_left.png",
         "ascent": 9,
         "height": 11,
         "chars": [
			"\uDBC0\uDD86",
			"\uDBC0\uDD87",
			"\uDBC0\uDD88",
			"\uDBC0\uDD89",
			"\uDBC0\uDD8A",
			"\uDBC0\uDD8B",
			"\uDBC0\uDD8C",
			"\uDBC0\uDD8D",
			"\uDBC0\uDD8E",
			"\uDBC0\uDD8F",
			"\uDBC0\uDD90",
			"\uDBC0\uDD91",
			"\uDBC0\uDD92",
			"\uDBC0\uDD93",
			"\uDBC0\uDD94",
			"\uDBC0\uDD95"
			]
		},
        {
         "type": "bitmap",
         "file": "icons:tooltip/banner_pattern/diagonal_right.png",
         "ascent": 9,
         "height": 11,
         "chars": [
			"\uDBC0\uDD96",
			"\uDBC0\uDD97",
			"\uDBC0\uDD98",
			"\uDBC0\uDD99",
			"\uDBC0\uDD9A",
			"\uDBC0\uDD9B",
			"\uDBC0\uDD9C",
			"\uDBC0\uDD9D",
			"\uDBC0\uDD9E",
			"\uDBC0\uDD9F",
			"\uDBC0\uDDA0",
			"\uDBC0\uDDA1",
			"\uDBC0\uDDA2",
			"\uDBC0\uDDA3",
			"\uDBC0\uDDA4",
			"\uDBC0\uDDA5"
			]
		},
        {
         "type": "bitmap",
         "file": "icons:tooltip/banner_pattern/diagonal_up_left.png",
         "ascent": 9,
         "height": 11,
         "chars": [
			"\uDBC0\uDDA6",
			"\uDBC0\uDDA7",
			"\uDBC0\uDDA8",
			"\uDBC0\uDDA9",	 
			"\uDBC0\uDDAA",
			"\uDBC0\uDDAB",
			"\uDBC0\uDDAC",
			"\uDBC0\uDDAD",
			"\uDBC0\uDDAE",
			"\uDBC0\uDDAF",
			"\uDBC0\uDDB0",
			"\uDBC0\uDDB1",
			"\uDBC0\uDDB2",
			"\uDBC0\uDDB3",
			"\uDBC0\uDDB4",
			"\uDBC0\uDDB5"			
			]
		},
        {
         "type": "bitmap",
         "file": "icons:tooltip/banner_pattern/diagonal_up_right.png",
         "ascent": 9,
         "height": 11,
         "chars": [
			"\uDBC0\uDDB6",
			"\uDBC0\uDDB7",
			"\uDBC0\uDDB8",
			"\uDBC0\uDDB9",
			"\uDBC0\uDDBA",
			"\uDBC0\uDDBB",
			"\uDBC0\uDDBC",
			"\uDBC0\uDDBD",
			"\uDBC0\uDDBE",
			"\uDBC0\uDDBF",
			"\uDBC0\uDDC0",
			"\uDBC0\uDDC1",
			"\uDBC0\uDDC2",
			"\uDBC0\uDDC3",
			"\uDBC0\uDDC4",
			"\uDBC0\uDDC5"
			]
		},
        {
         "type": "bitmap",
         "file": "icons:tooltip/banner_pattern/flower.png",
         "ascent": 9,
         "height": 11,
         "chars": [
			"\uDBC0\uDDC6",
			"\uDBC0\uDDC7",
			"\uDBC0\uDDC8",
			"\uDBC0\uDDC9",
			"\uDBC0\uDDCA",
			"\uDBC0\uDDCB",
			"\uDBC0\uDDCC",
			"\uDBC0\uDDCD",
			"\uDBC0\uDDCE",
			"\uDBC0\uDDCF",
			"\uDBC0\uDDD0",
			"\uDBC0\uDDD1",
			"\uDBC0\uDDD2",
			"\uDBC0\uDDD3",
			"\uDBC0\uDDD4",
			"\uDBC0\uDDD5"		 
			]
		},
        {
         "type": "bitmap",
         "file": "icons:tooltip/banner_pattern/globe.png",
         "ascent": 9,
         "height": 11,
         "chars": [
			"\uDBC0\uDDD6",
			"\uDBC0\uDDD7",
			"\uDBC0\uDDD8",
			"\uDBC0\uDDD9",
			"\uDBC0\uDDDA",
			"\uDBC0\uDDDB",
			"\uDBC0\uDDDC",
			"\uDBC0\uDDDD",
			"\uDBC0\uDDDE",
			"\uDBC0\uDDDF",
			"\uDBC0\uDDE0",
			"\uDBC0\uDDE1",
			"\uDBC0\uDDE2",
			"\uDBC0\uDDE3",
			"\uDBC0\uDDE4",
			"\uDBC0\uDDE5"
			]
		},
        {
         "type": "bitmap",
         "file": "icons:tooltip/banner_pattern/gradient.png",
         "ascent": 9,
         "height": 11,
         "chars": [
			"\uDBC0\uDDE6",
			"\uDBC0\uDDE7",
			"\uDBC0\uDDE8",
			"\uDBC0\uDDE9",
			"\uDBC0\uDDEA",
			"\uDBC0\uDDEB",
			"\uDBC0\uDDEC",
			"\uDBC0\uDDED",
			"\uDBC0\uDDEE",
			"\uDBC0\uDDEF",
			"\uDBC0\uDDF0",
			"\uDBC0\uDDF1",
			"\uDBC0\uDDF2",
			"\uDBC0\uDDF3",
			"\uDBC0\uDDF4",
			"\uDBC0\uDDF5"
			]
		},
        {
         "type": "bitmap",
         "file": "icons:tooltip/banner_pattern/gradient_up.png",
         "ascent": 9,
         "height": 11,
         "chars": [
			"\uDBC0\uDDF6",
			"\uDBC0\uDDF7",
			"\uDBC0\uDDF8",
			"\uDBC0\uDDF9",
			"\uDBC0\uDDFA",
			"\uDBC0\uDDFB",
			"\uDBC0\uDDFC",
			"\uDBC0\uDDFD",
			"\uDBC0\uDDFE",
			"\uDBC0\uDDFF",
			"\uDBC0\uDE00",
			"\uDBC0\uDE01", 
			"\uDBC0\uDE02",
			"\uDBC0\uDE03",
			"\uDBC0\uDE04",
			"\uDBC0\uDE05"
			]
		},
        {
         "type": "bitmap",
         "file": "icons:tooltip/banner_pattern/half_horizontal.png",
         "ascent": 9,
         "height": 11,
         "chars": [
			"\uDBC0\uDE06",
			"\uDBC0\uDE07",
			"\uDBC0\uDE08",
			"\uDBC0\uDE09",
			"\uDBC0\uDE0A",
			"\uDBC0\uDE0B",
			"\uDBC0\uDE0C",
			"\uDBC0\uDE0D",
			"\uDBC0\uDE0E",
			"\uDBC0\uDE0F",
			"\uDBC0\uDE10",
			"\uDBC0\uDE11",
			"\uDBC0\uDE12",
			"\uDBC0\uDE13",
			"\uDBC0\uDE14",
			"\uDBC0\uDE15"
			]
		},
        {
         "type": "bitmap",
         "file": "icons:tooltip/banner_pattern/half_horizontal_bottom.png",
         "ascent": 9,
         "height": 11,
         "chars": [
			"\uDBC0\uDE16",
			"\uDBC0\uDE17",
			"\uDBC0\uDE18",
			"\uDBC0\uDE19",
			"\uDBC0\uDE1A",
			"\uDBC0\uDE1B",
			"\uDBC0\uDE1C",
			"\uDBC0\uDE1D",
			"\uDBC0\uDE1E",
			"\uDBC0\uDE1F",
			"\uDBC0\uDE20",
			"\uDBC0\uDE21",
			"\uDBC0\uDE22",
			"\uDBC0\uDE23",
			"\uDBC0\uDE24",
			"\uDBC0\uDE25"
			]
		},
        {
         "type": "bitmap",
         "file": "icons:tooltip/banner_pattern/half_vertical.png",
         "ascent": 9,
         "height": 11,
         "chars": [
			"\uDBC0\uDE26",
			"\uDBC0\uDE27",
			"\uDBC0\uDE28",
			"\uDBC0\uDE29",
			"\uDBC0\uDE2A",
			"\uDBC0\uDE2B",
			"\uDBC0\uDE2C",
			"\uDBC0\uDE2D",	 
			"\uDBC0\uDE2E",
			"\uDBC0\uDE2F",
			"\uDBC0\uDE30",
			"\uDBC0\uDE31",
			"\uDBC0\uDE32",
			"\uDBC0\uDE33",
			"\uDBC0\uDE34",
			"\uDBC0\uDE35"
			]
		},
        {
         "type": "bitmap",
         "file": "icons:tooltip/banner_pattern/half_vertical_right.png",
         "ascent": 9,
         "height": 11,
         "chars": [
			"\uDBC0\uDE36",
			"\uDBC0\uDE37",
			"\uDBC0\uDE38",
			"\uDBC0\uDE39",
			"\uDBC0\uDE3A",
			"\uDBC0\uDE3B",
			"\uDBC0\uDE3C",
			"\uDBC0\uDE3D",
			"\uDBC0\uDE3E",
			"\uDBC0\uDE3F",
			"\uDBC0\uDE40",
			"\uDBC0\uDE41",
			"\uDBC0\uDE42",
			"\uDBC0\uDE43",
			"\uDBC0\uDE44",
			"\uDBC0\uDE45"
			]
		},
        {
         "type": "bitmap",
         "file": "icons:tooltip/banner_pattern/mojang.png",
         "ascent": 9,
         "height": 11,
         "chars": [
			"\uDBC0\uDE46",
			"\uDBC0\uDE47",
			"\uDBC0\uDE48",
			"\uDBC0\uDE49",
			"\uDBC0\uDE4A",
			"\uDBC0\uDE4B",
			"\uDBC0\uDE4C",
			"\uDBC0\uDE4D",
			"\uDBC0\uDE4E",
			"\uDBC0\uDE4F",
			"\uDBC0\uDE50",
			"\uDBC0\uDE51",
			"\uDBC0\uDE52",
			"\uDBC0\uDE53",
			"\uDBC0\uDE54",
			"\uDBC0\uDE55"
			]
		},
        {
         "type": "bitmap",
         "file": "icons:tooltip/banner_pattern/piglin.png",
         "ascent": 9,
         "height": 11,
         "chars": [
			"\uDBC0\uDE56",
			"\uDBC0\uDE57",
			"\uDBC0\uDE58",
			"\uDBC0\uDE59",	 
			"\uDBC0\uDE5A",
			"\uDBC0\uDE5B",
			"\uDBC0\uDE5C",
			"\uDBC0\uDE5D",
			"\uDBC0\uDE5E",
			"\uDBC0\uDE5F",
			"\uDBC0\uDE60",
			"\uDBC0\uDE61",
			"\uDBC0\uDE62",
			"\uDBC0\uDE63",
			"\uDBC0\uDE64",
			"\uDBC0\uDE65"
			]
		},
        {
         "type": "bitmap",
         "file": "icons:tooltip/banner_pattern/rhombus.png",
         "ascent": 9,
         "height": 11,
         "chars": [
			"\uDBC0\uDE66",
			"\uDBC0\uDE67",
			"\uDBC0\uDE68",
			"\uDBC0\uDE69",
			"\uDBC0\uDE6A",
			"\uDBC0\uDE6B",
			"\uDBC0\uDE6C",
			"\uDBC0\uDE6D",
			"\uDBC0\uDE6E",
			"\uDBC0\uDE6F",
			"\uDBC0\uDE70",
			"\uDBC0\uDE71",
			"\uDBC0\uDE72",
			"\uDBC0\uDE73",
			"\uDBC0\uDE74",
			"\uDBC0\uDE75"											
			]
		},
        {
         "type": "bitmap",
         "file": "icons:tooltip/banner_pattern/skull.png",
         "ascent": 9,
         "height": 11,
         "chars": [
			"\uDBC0\uDE76",
			"\uDBC0\uDE77",
			"\uDBC0\uDE78",
			"\uDBC0\uDE79",
			"\uDBC0\uDE7A",
			"\uDBC0\uDE7B",
			"\uDBC0\uDE7C",
			"\uDBC0\uDE7D",
			"\uDBC0\uDE7E",
			"\uDBC0\uDE7F",
			"\uDBC0\uDE80",
			"\uDBC0\uDE81",
			"\uDBC0\uDE82",
			"\uDBC0\uDE83",
			"\uDBC0\uDE84",
			"\uDBC0\uDE85"	 		 
			]
		},
        {
         "type": "bitmap",
         "file": "icons:tooltip/banner_pattern/small_stripes.png",
         "ascent": 9,
         "height": 11,
         "chars": [
			"\uDBC0\uDE86",
			"\uDBC0\uDE87",
			"\uDBC0\uDE88",
			"\uDBC0\uDE89",
			"\uDBC0\uDE8A",
			"\uDBC0\uDE8B",
			"\uDBC0\uDE8C",
			"\uDBC0\uDE8D",
			"\uDBC0\uDE8E",
			"\uDBC0\uDE8F",
			"\uDBC0\uDE90",
			"\uDBC0\uDE91",
			"\uDBC0\uDE92",
			"\uDBC0\uDE93",
			"\uDBC0\uDE94",
			"\uDBC0\uDE95"
			]
		},
        {
         "type": "bitmap",
         "file": "icons:tooltip/banner_pattern/square_bottom_left.png",
         "ascent": 9,
         "height": 11,
         "chars": [
			"\uDBC0\uDE96",
			"\uDBC0\uDE97",
			"\uDBC0\uDE98",
			"\uDBC0\uDE99",
			"\uDBC0\uDE9A",
			"\uDBC0\uDE9B",
			"\uDBC0\uDE9C",
			"\uDBC0\uDE9D",
			"\uDBC0\uDE9E",
			"\uDBC0\uDE9F",
			"\uDBC0\uDEA0",
			"\uDBC0\uDEA1",
			"\uDBC0\uDEA2",
			"\uDBC0\uDEA3",
			"\uDBC0\uDEA4",
			"\uDBC0\uDEA5"
			]
		},
        {
         "type": "bitmap",
         "file": "icons:tooltip/banner_pattern/square_bottom_right.png",
         "ascent": 9,
         "height": 11,
         "chars": [
			"\uDBC0\uDEA6",
			"\uDBC0\uDEA7",
			"\uDBC0\uDEA8",
			"\uDBC0\uDEA9",
			"\uDBC0\uDEAA",
			"\uDBC0\uDEAB",
			"\uDBC0\uDEAC",
			"\uDBC0\uDEAD",
			"\uDBC0\uDEAE",
			"\uDBC0\uDEAF",
			"\uDBC0\uDEB0",
			"\uDBC0\uDEB1",	 
			"\uDBC0\uDEB2",
			"\uDBC0\uDEB3",
			"\uDBC0\uDEB4",
			"\uDBC0\uDEB5"			
			]
		},
        {
         "type": "bitmap",
         "file": "icons:tooltip/banner_pattern/square_top_left.png",
         "ascent": 9,
         "height": 11,
         "chars": [
			"\uDBC0\uDEB6",
			"\uDBC0\uDEB7",
			"\uDBC0\uDEB8",
			"\uDBC0\uDEB9",
			"\uDBC0\uDEBA",
			"\uDBC0\uDEBB",
			"\uDBC0\uDEBC",
			"\uDBC0\uDEBD",
			"\uDBC0\uDEBE",
			"\uDBC0\uDEBF",
			"\uDBC0\uDEC0",
			"\uDBC0\uDEC1",
			"\uDBC0\uDEC2",
			"\uDBC0\uDEC3",
			"\uDBC0\uDEC4",
			"\uDBC0\uDEC5"
			]
		},
        {
         "type": "bitmap",
         "file": "icons:tooltip/banner_pattern/square_top_right.png",
         "ascent": 9,
         "height": 11,
         "chars": [
			"\uDBC0\uDEC6",
			"\uDBC0\uDEC7",
			"\uDBC0\uDEC8",
			"\uDBC0\uDEC9",
			"\uDBC0\uDECA",
			"\uDBC0\uDECB",
			"\uDBC0\uDECC",
			"\uDBC0\uDECD",
			"\uDBC0\uDECE",
			"\uDBC0\uDECF",
			"\uDBC0\uDED0",
			"\uDBC0\uDED1",
			"\uDBC0\uDED2",
			"\uDBC0\uDED3",
			"\uDBC0\uDED4",
			"\uDBC0\uDED5"		
			]
		},
        {
         "type": "bitmap",
         "file": "icons:tooltip/banner_pattern/straight_cross.png",
         "ascent": 9,
         "height": 11,
         "chars": [
			"\uDBC0\uDED6",
			"\uDBC0\uDED7",
			"\uDBC0\uDED8",
			"\uDBC0\uDED9",
			"\uDBC0\uDEDA",
			"\uDBC0\uDEDB",
			"\uDBC0\uDEDC",
			"\uDBC0\uDEDD",		 
			"\uDBC0\uDEDE",
			"\uDBC0\uDEDF",
			"\uDBC0\uDEE0",
			"\uDBC0\uDEE1",
			"\uDBC0\uDEE2",
			"\uDBC0\uDEE3",
			"\uDBC0\uDEE4",
			"\uDBC0\uDEE5"
			]
		},
        {
         "type": "bitmap",
         "file": "icons:tooltip/banner_pattern/stripe_bottom.png",
         "ascent": 9,
         "height": 11,
         "chars": [
			"\uDBC0\uDEE6",
			"\uDBC0\uDEE7",
			"\uDBC0\uDEE8",
			"\uDBC0\uDEE9",
			"\uDBC0\uDEEA",
			"\uDBC0\uDEEB",
			"\uDBC0\uDEEC",
			"\uDBC0\uDEED",
			"\uDBC0\uDEEE",
			"\uDBC0\uDEEF",
			"\uDBC0\uDEF0",
			"\uDBC0\uDEF1",
			"\uDBC0\uDEF2",
			"\uDBC0\uDEF3",
			"\uDBC0\uDEF4",
			"\uDBC0\uDEF5"		
			]
		},
        {
         "type": "bitmap",
         "file": "icons:tooltip/banner_pattern/stripe_center.png",
         "ascent": 9,
         "height": 11,
         "chars": [
			"\uDBC0\uDEF6",
			"\uDBC0\uDEF7",
			"\uDBC0\uDEF8",
			"\uDBC0\uDEF9",
			"\uDBC0\uDEFA",
			"\uDBC0\uDEFB",
			"\uDBC0\uDEFC",
			"\uDBC0\uDEFD",
			"\uDBC0\uDEFE",
			"\uDBC0\uDEFF",
			"\uDBC0\uDF00",
			"\uDBC0\uDF01",
			"\uDBC0\uDF02",
			"\uDBC0\uDF03",
			"\uDBC0\uDF04",
			"\uDBC0\uDF05"
			]
		},
        {
         "type": "bitmap",
         "file": "icons:tooltip/banner_pattern/stripe_downleft.png",
         "ascent": 9,
         "height": 11,
         "chars": [
			"\uDBC0\uDF06",
			"\uDBC0\uDF07",
			"\uDBC0\uDF08",
			"\uDBC0\uDF09",		 
			"\uDBC0\uDF0A",
			"\uDBC0\uDF0B",
			"\uDBC0\uDF0C",
			"\uDBC0\uDF0D",
			"\uDBC0\uDF0E",
			"\uDBC0\uDF0F",
			"\uDBC0\uDF10",
			"\uDBC0\uDF11",
			"\uDBC0\uDF12",
			"\uDBC0\uDF13",
			"\uDBC0\uDF14",
			"\uDBC0\uDF15"	
			]
		},
        {
         "type": "bitmap",
         "file": "icons:tooltip/banner_pattern/stripe_downright.png",
         "ascent": 9,
         "height": 11,
         "chars": [
			"\uDBC0\uDF16",
			"\uDBC0\uDF17",
			"\uDBC0\uDF18",
			"\uDBC0\uDF19",
			"\uDBC0\uDF1A",
			"\uDBC0\uDF1B",
			"\uDBC0\uDF1C",
			"\uDBC0\uDF1D",
			"\uDBC0\uDF1E",
			"\uDBC0\uDF1F",
			"\uDBC0\uDF20",
			"\uDBC0\uDF21",
			"\uDBC0\uDF22",
			"\uDBC0\uDF23",
			"\uDBC0\uDF24",
			"\uDBC0\uDF25"
			]
		},
        {
         "type": "bitmap",
         "file": "icons:tooltip/banner_pattern/stripe_left.png",
         "ascent": 9,
         "height": 11,
         "chars": [
			"\uDBC0\uDF26",
			"\uDBC0\uDF27",
			"\uDBC0\uDF28",
			"\uDBC0\uDF29",
			"\uDBC0\uDF2A",
			"\uDBC0\uDF2B",
			"\uDBC0\uDF2C",
			"\uDBC0\uDF2D",
			"\uDBC0\uDF2E",
			"\uDBC0\uDF2F",
			"\uDBC0\uDF30",
			"\uDBC0\uDF31",
			"\uDBC0\uDF32",
			"\uDBC0\uDF33",
			"\uDBC0\uDF34",
			"\uDBC0\uDF35"	 
			]
		},
        {
         "type": "bitmap",
         "file": "icons:tooltip/banner_pattern/stripe_middle.png",
         "ascent": 9,
         "height": 11,
         "chars": [
			"\uDBC0\uDF36",
			"\uDBC0\uDF37",
			"\uDBC0\uDF38",
			"\uDBC0\uDF39",
			"\uDBC0\uDF3A",
			"\uDBC0\uDF3B",
			"\uDBC0\uDF3C",
			"\uDBC0\uDF3D",
			"\uDBC0\uDF3E",
			"\uDBC0\uDF3F",
			"\uDBC0\uDF40",
			"\uDBC0\uDF41",
			"\uDBC0\uDF42",
			"\uDBC0\uDF43",
			"\uDBC0\uDF44",
			"\uDBC0\uDF45"
			]
		},
        {
         "type": "bitmap",
         "file": "icons:tooltip/banner_pattern/stripe_right.png",
         "ascent": 9,
         "height": 11,
         "chars": [
			"\uDBC0\uDF46",
			"\uDBC0\uDF47",
			"\uDBC0\uDF48",
			"\uDBC0\uDF49",
			"\uDBC0\uDF4A",
			"\uDBC0\uDF4B",
			"\uDBC0\uDF4C",
			"\uDBC0\uDF4D",
			"\uDBC0\uDF4E",
			"\uDBC0\uDF4F",
			"\uDBC0\uDF50",
			"\uDBC0\uDF51",
			"\uDBC0\uDF52",
			"\uDBC0\uDF53",
			"\uDBC0\uDF54",
			"\uDBC0\uDF55"
			]
		},
        {
         "type": "bitmap",
         "file": "icons:tooltip/banner_pattern/stripe_top.png",
         "ascent": 9,
         "height": 11,
         "chars": [
			"\uDBC0\uDF56",
			"\uDBC0\uDF57",
			"\uDBC0\uDF58",
			"\uDBC0\uDF59",
			"\uDBC0\uDF5A",
			"\uDBC0\uDF5B",
			"\uDBC0\uDF5C",
			"\uDBC0\uDF5D",
			"\uDBC0\uDF5E",
			"\uDBC0\uDF5F",
			"\uDBC0\uDF60",
			"\uDBC0\uDF61",	 	 
			"\uDBC0\uDF62",
			"\uDBC0\uDF63",
			"\uDBC0\uDF64",
			"\uDBC0\uDF65"
			]
		},
        {
         "type": "bitmap",
         "file": "icons:tooltip/banner_pattern/triangle_bottom.png",
         "ascent": 9,
         "height": 11,
         "chars": [
			"\uDBC0\uDF66",
			"\uDBC0\uDF67",
			"\uDBC0\uDF68",
			"\uDBC0\uDF69",
			"\uDBC0\uDF6A",
			"\uDBC0\uDF6B",
			"\uDBC0\uDF6C",
			"\uDBC0\uDF6D",
			"\uDBC0\uDF6E",
			"\uDBC0\uDF6F",
			"\uDBC0\uDF70",
			"\uDBC0\uDF71",
			"\uDBC0\uDF72",
			"\uDBC0\uDF73",
			"\uDBC0\uDF74",
			"\uDBC0\uDF75"
			]
		},
        {
         "type": "bitmap",
         "file": "icons:tooltip/banner_pattern/triangle_top.png",
         "ascent": 9,
         "height": 11,
         "chars": [
			"\uDBC0\uDF76",
			"\uDBC0\uDF77",
			"\uDBC0\uDF78",
			"\uDBC0\uDF79",
			"\uDBC0\uDF7A",
			"\uDBC0\uDF7B",
			"\uDBC0\uDF7C",
			"\uDBC0\uDF7D",
			"\uDBC0\uDF7E",
			"\uDBC0\uDF7F",
			"\uDBC0\uDF80",
			"\uDBC0\uDF81",
			"\uDBC0\uDF82",
			"\uDBC0\uDF83",
			"\uDBC0\uDF84",
			"\uDBC0\uDF85"
			]
		},
        {
         "type": "bitmap",
         "file": "icons:tooltip/banner_pattern/triangles_bottom.png",
         "ascent": 9,
         "height": 11,
         "chars": [
			"\uDBC0\uDF86",
			"\uDBC0\uDF87",
			"\uDBC0\uDF88",
			"\uDBC0\uDF89",
			"\uDBC0\uDF8A",
			"\uDBC0\uDF8B",
			"\uDBC0\uDF8C",
			"\uDBC0\uDF8D",		 
			"\uDBC0\uDF8E",
			"\uDBC0\uDF8F",
			"\uDBC0\uDF90",
			"\uDBC0\uDF91",
			"\uDBC0\uDF92",
			"\uDBC0\uDF93",
			"\uDBC0\uDF94",
			"\uDBC0\uDF95"
			]
		},
        {
         "type": "bitmap",
         "file": "icons:tooltip/banner_pattern/triangles_top.png",
         "ascent": 9,
         "height": 11,
         "chars": [
			"\uDBC0\uDF96",
			"\uDBC0\uDF97",
			"\uDBC0\uDF98",
			"\uDBC0\uDF99",
			"\uDBC0\uDF9A",
			"\uDBC0\uDF9B",
			"\uDBC0\uDF9C",
			"\uDBC0\uDF9D",
			"\uDBC0\uDF9E",
			"\uDBC0\uDF9F",
			"\uDBC0\uDFA0",
			"\uDBC0\uDFA1",
			"\uDBC0\uDFA2",
			"\uDBC0\uDFA3",
			"\uDBC0\uDFA4",
			"\uDBC0\uDFA5"																	
			]
		},
        {
         "type": "bitmap",
         "file": "icons:tooltip/banner_pattern/flow.png",
         "ascent": 9,
         "height": 11,
         "chars": [
			"\uDBC0\uDFA6",
			"\uDBC0\uDFA7",
			"\uDBC0\uDFA8",
			"\uDBC0\uDFA9",
			"\uDBC0\uDFBA",
			"\uDBC0\uDFBB",
			"\uDBC0\uDFBC",
			"\uDBC0\uDFBD",
			"\uDBC0\uDFBE",
			"\uDBC0\uDFBF",
			"\uDBC0\uDFB0",
			"\uDBC0\uDFB1",
			"\uDBC0\uDFB2",
			"\uDBC0\uDFB3",
			"\uDBC0\uDFB4",
			"\uDBC0\uDFB5"																	
			]
		},
        {
         "type": "bitmap",
         "file": "icons:tooltip/banner_pattern/guster.png",
         "ascent": 9,
         "height": 11,
         "chars": [
			"\uDBC0\uDFB6",
			"\uDBC0\uDFB7",
			"\uDBC0\uDFB8",
			"\uDBC0\uDFB9",
			"\uDBC0\uDFCA",
			"\uDBC0\uDFCB",
			"\uDBC0\uDFCC",
			"\uDBC0\uDFCD",
			"\uDBC0\uDFCE",
			"\uDBC0\uDFCF",
			"\uDBC0\uDFC0",
			"\uDBC0\uDFC1",
			"\uDBC0\uDFC2",
			"\uDBC0\uDFC3",
			"\uDBC0\uDFC4",
			"\uDBC0\uDFC5"																	
			]
		}
    ]
}
