{
	"format_version": "1.21.6",
	"credit": "davka",
	"texture_size": [32, 32],
	"textures": {
		"2": "block/copper_spear"
	},
	"elements": [
		{
			"from": [6.98995, -13, 7.49371],
			"to": [8.98995, 17, 8.49371],
			"rotation": {"angle": 0, "axis": "y", "origin": [7.98995, -6.25, 7.99371]},
			"faces": {
				"north": {"uv": [0, 0, 1, 15], "texture": "#2"},
				"east": {"uv": [2, 0, 2.5, 15], "texture": "#2"},
				"south": {"uv": [1, 0, 2, 15], "texture": "#2"},
				"west": {"uv": [2.5, 0, 3, 15], "texture": "#2"},
				"up": {"uv": [9.5, 2, 8.5, 1.5], "texture": "#2"},
				"down": {"uv": [9.5, 2, 8.5, 2.5], "texture": "#2"}
			}
		},
		{
			"from": [6.51421, 16, 6.99445],
			"to": [9.51421, 25, 8.99445],
			"rotation": {"angle": 0, "axis": "y", "origin": [8.26421, 12.05343, 7.74445]},
			"faces": {
				"north": {"uv": [3, 0, 4.5, 4.5], "texture": "#2"},
				"east": {"uv": [3, 4.5, 4, 9], "texture": "#2"},
				"south": {"uv": [4.5, 0, 3, 4.5], "texture": "#2"},
				"west": {"uv": [4, 4.5, 5, 9], "texture": "#2"},
				"up": {"uv": [9, 7.5, 7.5, 6.5], "texture": "#2"},
				"down": {"uv": [9, 7.5, 7.5, 8.5], "texture": "#2"}
			}
		},
		{
			"from": [6.51421, 29, 7.49445],
			"to": [9.51421, 32, 8.49445],
			"rotation": {"angle": 0, "axis": "y", "origin": [9.26421, 17.05343, 8.24445]},
			"faces": {
				"north": {"uv": [6.5, 4, 8, 5.5], "texture": "#2"},
				"east": {"uv": [5.5, 8, 6, 9.5], "texture": "#2"},
				"south": {"uv": [8, 4, 6.5, 5.5], "texture": "#2"},
				"west": {"uv": [6, 8, 6.5, 9.5], "texture": "#2"},
				"up": {"uv": [9.5, 1.5, 8, 1], "texture": "#2"},
				"down": {"uv": [9.5, 5, 8, 5.5], "texture": "#2"}
			}
		},
		{
			"from": [5.51421, 24, 7.49445],
			"to": [10.51421, 29, 8.49445],
			"rotation": {"angle": 0, "axis": "y", "origin": [9.26421, 14.05343, 8.24445]},
			"faces": {
				"north": {"uv": [4.5, 0, 7, 2.5], "texture": "#2"},
				"east": {"uv": [8, 2.5, 8.5, 5], "texture": "#2"},
				"south": {"uv": [7, 0, 4.5, 2.5], "texture": "#2"},
				"west": {"uv": [5, 8, 5.5, 10.5], "texture": "#2"},
				"up": {"uv": [10.5, 0.5, 8, 0], "texture": "#2"},
				"down": {"uv": [10.5, 0.5, 8, 1], "texture": "#2"}
			}
		},
		{
			"from": [4.51421, 21, 7.49445],
			"to": [11.51421, 24, 8.49445],
			"rotation": {"angle": 0, "axis": "y", "origin": [9.26421, 9.05343, 8.24445]},
			"faces": {
				"north": {"uv": [4.5, 2.5, 8, 4], "texture": "#2"},
				"east": {"uv": [6.5, 8, 7, 9.5], "texture": "#2"},
				"south": {"uv": [8, 2.5, 4.5, 4], "texture": "#2"},
				"west": {"uv": [7, 8, 7.5, 9.5], "texture": "#2"},
				"up": {"uv": [10, 6, 6.5, 5.5], "texture": "#2"},
				"down": {"uv": [10, 6, 6.5, 6.5], "texture": "#2"}
			}
		},
		{
			"from": [6.5, -16, 7],
			"to": [9.5, -13, 9],
			"rotation": {"angle": 0, "axis": "y", "origin": [8.75, -14.00355, 8]},
			"faces": {
				"north": {"uv": [5, 4, 6.5, 5.5], "texture": "#2"},
				"east": {"uv": [6.5, 6.5, 7.5, 8], "texture": "#2"},
				"south": {"uv": [5, 5.5, 6.5, 7], "texture": "#2"},
				"west": {"uv": [7, 0, 8, 1.5], "texture": "#2"},
				"up": {"uv": [8.5, 2.5, 7, 1.5], "texture": "#2"},
				"down": {"uv": [6.5, 7, 5, 8], "texture": "#2"}
			}
		}
	],
	"display": {
		"thirdperson_righthand": {
			"rotation": [0, 90, 0],
			"translation": [-0.5, 1, 1.75],
			"scale": [0.85, 0.85, 0.85]
		},
		"thirdperson_lefthand": {
			"rotation": [0, 90, 0],
			"translation": [-0.5, 1, 1.75],
			"scale": [0.85, 0.85, 0.85]
		},
		"firstperson_righthand": {
			"rotation": [169.95, 83.26, 178.72],
			"translation": [1.5, 1.75, 0.75],
			"scale": [0.55, 0.55, 0.55]
		},
		"firstperson_lefthand": {
			"rotation": [126, 93, -135.52],
			"translation": [1.75, 1.25, 1.75],
			"scale": [0.55, 0.55, 0.55]
		},
		"ground": {
			"rotation": [12.74, 17, -28.36],
			"translation": [0, 6.5, 0],
			"scale": [0.4, 0.4, 0.4]
		},
		"gui": {
			"rotation": [140.93, 0.17, -143.26],
			"translation": [-5.25, -5.5, 0],
			"scale": [0.75, 0.75, 0.75]
		},
		"fixed": {
			"rotation": [0, 0, 45],
			"translation": [-0.5, 0.5, 0],
			"scale": [0.9, 0.9, 0.9]
		}
	},
	"groups": [
		0,
		1,
		{
			"name": "head",
			"origin": [10.26421, 8.45343, 7.74445],
			"color": 0,
			"children": [2, 3, 4]
		},
		5
	]
}