{
	"format_version": "1.21.6",
	"credit": "davka",
	"texture_size": [32, 32],
	"textures": {
		"1": "block/copper_pickaxe"
	},
	"elements": [
		{
			"from": [6.98995, 2, 7.49371],
			"to": [8.98995, 15, 8.49371],
			"rotation": {"angle": 0, "axis": "y", "origin": [7.98995, 8.75, 7.99371]},
			"faces": {
				"north": {"uv": [5.5, 0.5, 6.5, 7], "texture": "#1"},
				"east": {"uv": [5, 0.5, 5.5, 7], "texture": "#1"},
				"south": {"uv": [5.5, 0.5, 6.5, 7], "texture": "#1"},
				"west": {"uv": [6.5, 0.5, 7, 7], "texture": "#1"},
				"up": {"uv": [6.5, 0.5, 5.5, 0], "texture": "#1"},
				"down": {"uv": [7.5, 0, 6.5, 0.5], "texture": "#1"}
			}
		},
		{
			"from": [6.51421, 11, 6.99445],
			"to": [9.51421, 23, 8.99445],
			"rotation": {"angle": 0, "axis": "y", "origin": [8.26421, 7.05343, 7.74445]},
			"faces": {
				"north": {"uv": [1, 1, 2.5, 7], "texture": "#1"},
				"east": {"uv": [0, 1, 1, 7], "texture": "#1"},
				"south": {"uv": [2.5, 1, 1, 7], "texture": "#1"},
				"west": {"uv": [2.5, 1, 3.5, 7], "texture": "#1"},
				"up": {"uv": [2.5, 1, 1, 0], "texture": "#1"},
				"down": {"uv": [4, 0, 2.5, 1], "texture": "#1"}
			}
		},
		{
			"from": [8.51421, 19, 7.49445],
			"to": [13.51421, 22, 8.49445],
			"rotation": {"angle": -22.5, "axis": "z", "origin": [9.26421, 20.05343, 8.24445]},
			"faces": {
				"north": {"uv": [0.5, 7.5, 3, 9], "texture": "#1"},
				"east": {"uv": [0, 7.5, 0.5, 9], "texture": "#1"},
				"south": {"uv": [3, 7.5, 0.5, 9], "texture": "#1"},
				"west": {"uv": [3, 7.5, 3.5, 9], "texture": "#1"},
				"up": {"uv": [3, 7.5, 0.5, 7], "texture": "#1"},
				"down": {"uv": [5.5, 7, 3, 7.5], "texture": "#1"}
			}
		},
		{
			"from": [13.51421, 17, 7.49445],
			"to": [17.51421, 22, 8.49445],
			"rotation": {"angle": -22.5, "axis": "z", "origin": [9.26421, 20.05343, 8.24445]},
			"faces": {
				"north": {"uv": [6.5, 7.5, 8.5, 10], "texture": "#1"},
				"east": {"uv": [6, 7.5, 6.5, 10], "texture": "#1"},
				"south": {"uv": [8.5, 7.5, 6.5, 10], "texture": "#1"},
				"west": {"uv": [8.5, 7.5, 9, 10], "texture": "#1"},
				"up": {"uv": [8.5, 7.5, 6.5, 7], "texture": "#1"},
				"down": {"uv": [10.5, 7, 8.5, 7.5], "texture": "#1"}
			}
		},
		{
			"from": [2.58094, 19.47835, 7.49445],
			"to": [7.58094, 22.47835, 8.49445],
			"rotation": {"angle": 22.5, "axis": "z", "origin": [7.98579, 20.05343, 8.24445]},
			"faces": {
				"north": {"uv": [3, 7.5, 0.5, 9], "texture": "#1"},
				"east": {"uv": [3.5, 7.5, 3, 9], "texture": "#1"},
				"south": {"uv": [0.5, 7.5, 3, 9], "texture": "#1"},
				"west": {"uv": [0.5, 7.5, 0, 9], "texture": "#1"},
				"up": {"uv": [0.5, 7.5, 3, 7], "texture": "#1"},
				"down": {"uv": [3, 7, 5.5, 7.5], "texture": "#1"}
			}
		},
		{
			"from": [-1.41906, 17.47835, 7.49445],
			"to": [2.58094, 22.47835, 8.49445],
			"rotation": {"angle": 22.5, "axis": "z", "origin": [7.98579, 20.05343, 8.24445]},
			"faces": {
				"north": {"uv": [8.5, 7.5, 6.5, 10], "texture": "#1"},
				"east": {"uv": [9, 7.5, 8.5, 10], "texture": "#1"},
				"south": {"uv": [6.5, 7.5, 8.5, 10], "texture": "#1"},
				"west": {"uv": [6.5, 7.5, 6, 10], "texture": "#1"},
				"up": {"uv": [6.5, 7.5, 8.5, 7], "texture": "#1"},
				"down": {"uv": [8.5, 7, 10.5, 7.5], "texture": "#1"}
			}
		},
		{
			"from": [6.5, 0, 7],
			"to": [9.5, 3, 9],
			"rotation": {"angle": 0, "axis": "z", "origin": [8.75, 1.99645, 8]},
			"faces": {
				"north": {"uv": [9, 1, 10.5, 2.5], "texture": "#1"},
				"east": {"uv": [8, 1, 9, 2.5], "texture": "#1"},
				"south": {"uv": [11.5, 1, 13, 2.5], "texture": "#1"},
				"west": {"uv": [10.5, 1, 11.5, 2.5], "texture": "#1"},
				"up": {"uv": [10.5, 1, 9, 0], "texture": "#1"},
				"down": {"uv": [12, 0, 10.5, 1], "texture": "#1"}
			}
		}
	],
	"display": {
		"thirdperson_righthand": {
			"rotation": [0, 90, 0],
			"translation": [-0.5, -2, 1.75],
			"scale": [0.85, 0.85, 0.85]
		},
		"thirdperson_lefthand": {
			"rotation": [0, -90, 0],
			"translation": [-0.5, -1.5, 1.75],
			"scale": [0.85, 0.85, 0.85]
		},
		"firstperson_righthand": {
			"rotation": [56.05, 84.96, -44.68],
			"translation": [1.75, -0.5, 0],
			"scale": [0.55, 0.55, 0.55]
		},
		"firstperson_lefthand": {
			"rotation": [-56.05, -84.96, -62],
			"translation": [1.5, -0.5, 0],
			"scale": [0.55, 0.55, 0.55]
		},
		"ground": {
			"rotation": [12.74, 17, -28.36],
			"translation": [0, 1.75, 0],
			"scale": [0.4, 0.4, 0.4]
		},
		"gui": {
			"rotation": [140.93, 0.17, -143.26],
			"translation": [-2.25, -3, 0],
			"scale": [0.75, 0.75, 0.75]
		},
		"fixed": {
			"rotation": [0, 0, 45],
			"translation": [3.5, -3.75, 0],
			"scale": [0.9, 0.9, 0.9]
		}
	},
	"groups": [
		0,
		1,
		{
			"name": "head",
			"origin": [10.26421, 8.45343, 7.74445],
			"color": 0,
			"children": [2, 3]
		},
		{
			"name": "head",
			"origin": [10.26421, 8.45343, 7.74445],
			"color": 0,
			"children": [4, 5]
		},
		6
	]
}