{
	"format_version": "1.21.6",
	"credit": "davka",
	"texture_size": [32, 32],
	"textures": {
		"1": "block/copper_sword"
	},
	"elements": [
		{
			"from": [7.50629, 2, 6.98995],
			"to": [8.50629, 7, 8.98995],
			"shade": false,
			"rotation": {"angle": 0, "axis": "y", "origin": [8.00629, 8.75, 7.98995]},
			"faces": {
				"north": {"uv": [3, 8.5, 3.5, 11], "texture": "#1"},
				"east": {"uv": [1, 7.5, 2, 10], "texture": "#1"},
				"south": {"uv": [3.5, 8.5, 4, 11], "texture": "#1"},
				"west": {"uv": [2, 7.5, 3, 10], "texture": "#1"},
				"up": {"uv": [9, 5.5, 8.5, 4.5], "texture": "#1"},
				"down": {"uv": [9, 5.5, 8.5, 6.5], "texture": "#1"}
			}
		},
		{
			"from": [6.50629, 7, 4],
			"to": [9.50629, 8, 12],
			"shade": false,
			"rotation": {"angle": 0, "axis": "y", "origin": [8.00629, 9.75, 8]},
			"faces": {
				"north": {"uv": [4, 4, 5, 4.5], "texture": "#1"},
				"east": {"uv": [0, 4, 4, 4.5], "texture": "#1"},
				"south": {"uv": [9, 4, 10, 4.5], "texture": "#1"},
				"west": {"uv": [5, 4, 9, 4.5], "texture": "#1"},
				"up": {"uv": [5, 4, 4, 0], "texture": "#1"},
				"down": {"uv": [6, 0, 5, 4], "texture": "#1"}
			}
		},
		{
			"from": [7.50629, 7, 4.98995],
			"to": [8.50629, 22, 10.98995],
			"shade": false,
			"rotation": {"angle": 0, "axis": "y", "origin": [7.00629, 34.75, 8.98995]},
			"faces": {
				"north": {"uv": [0, 7.5, 0.5, 15], "texture": "#1"},
				"east": {"uv": [5, 4.5, 8, 12], "texture": "#1"},
				"south": {"uv": [0.5, 7.5, 1, 15], "texture": "#1"},
				"west": {"uv": [8, 4.5, 5, 12], "texture": "#1"},
				"up": {"uv": [8.5, 7.5, 8, 4.5], "texture": "#1"},
				"down": {"uv": [8.5, 7.5, 8, 10.5], "texture": "#1"}
			}
		},
		{
			"from": [7.50629, 22, 5.98995],
			"to": [8.50629, 24, 9.98995],
			"shade": false,
			"rotation": {"angle": 0, "axis": "y", "origin": [7.00629, 39.75, 8.98995]},
			"faces": {
				"north": {"uv": [8.5, 6.5, 9, 7.5], "texture": "#1"},
				"east": {"uv": [5, 7.5, 3, 8.5], "texture": "#1"},
				"south": {"uv": [8.5, 7.5, 9, 8.5], "texture": "#1"},
				"west": {"uv": [3, 7.5, 5, 8.5], "texture": "#1"},
				"up": {"uv": [4.5, 10.5, 4, 8.5], "texture": "#1"},
				"down": {"uv": [5, 8.5, 4.5, 10.5], "texture": "#1"}
			}
		},
		{
			"from": [7, -1, 6.5],
			"to": [9, 2, 9.5],
			"shade": false,
			"rotation": {"angle": 0, "axis": "y", "origin": [8, 0.99645, 8.75]},
			"faces": {
				"north": {"uv": [1.5, 6, 2.5, 7.5], "texture": "#1"},
				"east": {"uv": [0, 6, 1.5, 7.5], "texture": "#1"},
				"south": {"uv": [4, 6, 5, 7.5], "texture": "#1"},
				"west": {"uv": [2.5, 6, 4, 7.5], "texture": "#1"},
				"up": {"uv": [2.5, 6, 1.5, 4.5], "texture": "#1"},
				"down": {"uv": [3.5, 4.5, 2.5, 6], "texture": "#1"}
			}
		}
	],
	"display": {
		"thirdperson_righthand": {
			"translation": [-0.5, 1, 2],
			"scale": [0.85, 0.85, 0.85]
		},
		"thirdperson_lefthand": {
			"translation": [-0.5, 1.75, 2],
			"scale": [0.85, 0.85, 0.85]
		},
		"firstperson_righthand": {
			"rotation": [13.82, -6.35, -6.85],
			"translation": [1.75, 1.75, 0],
			"scale": [0.55, 0.55, 0.55]
		},
		"firstperson_lefthand": {
			"rotation": [13.82, -6.35, -6.85],
			"translation": [1.75, 1.75, 0],
			"scale": [0.55, 0.55, 0.55]
		},
		"ground": {
			"rotation": [-45, 0, 0],
			"translation": [0, 2, 0],
			"scale": [0.5, 0.5, 0.5]
		},
		"gui": {
			"rotation": [35.89, 49.3, -67.72],
			"translation": [-2.5, -3, 0],
			"scale": [0.7, 0.7, 0.7]
		},
		"fixed": {
			"rotation": [-90, 45, 90],
			"translation": [4.25, -4.25, 0]
		}
	}
}