{
	"format_version": "1.21.6",
	"credit": "davka",
	"texture_size": [32, 32],
	"textures": {
		"2": "block/copper_hoe",
		"particle": "block/copper_hoe"
	},
	"elements": [
		{
			"from": [6.98995, 2, 7.49371],
			"to": [8.98995, 15, 8.49371],
			"rotation": {"angle": 0, "axis": "y", "origin": [7.98995, 8.75, 7.99371]},
			"faces": {
				"north": {"uv": [1.5, 0, 2.5, 6.5], "texture": "#2"},
				"east": {"uv": [4.5, 4, 5, 10.5], "texture": "#2"},
				"south": {"uv": [1.5, 0, 2.5, 6.5], "texture": "#2"},
				"west": {"uv": [5, 4, 5.5, 10.5], "texture": "#2"},
				"up": {"uv": [8, 5, 7, 4.5], "texture": "#2"},
				"down": {"uv": [8, 5, 7, 5.5], "texture": "#2"}
			}
		},
		{
			"from": [6.51421, 11, 6.99445],
			"to": [9.51421, 23, 8.99445],
			"rotation": {"angle": 0, "axis": "y", "origin": [8.26421, 7.05343, 7.74445]},
			"faces": {
				"north": {"uv": [0, 0, 1.5, 6], "texture": "#2"},
				"east": {"uv": [2.5, 0, 3.5, 6], "texture": "#2"},
				"south": {"uv": [1.5, 0, 0, 6], "texture": "#2"},
				"west": {"uv": [3.5, 0, 4.5, 6], "texture": "#2"},
				"up": {"uv": [1.5, 7, 0, 6], "texture": "#2"},
				"down": {"uv": [4, 6, 2.5, 7], "texture": "#2"}
			}
		},
		{
			"from": [7.51421, 19, 7.49445],
			"to": [12.51421, 22, 8.49445],
			"rotation": {"angle": 0, "axis": "z", "origin": [8.26421, 20.05343, 8.24445]},
			"faces": {
				"north": {"uv": [4.5, 2.5, 7, 4], "texture": "#2"},
				"east": {"uv": [3, 7, 3.5, 8.5], "texture": "#2"},
				"south": {"uv": [7, 2.5, 4.5, 4], "texture": "#2"},
				"west": {"uv": [3.5, 7, 4, 8.5], "texture": "#2"},
				"up": {"uv": [9.5, 3, 7, 2.5], "texture": "#2"},
				"down": {"uv": [9.5, 3, 7, 3.5], "texture": "#2"}
			}
		},
		{
			"from": [12.51421, 17, 7.49445],
			"to": [16.51421, 22, 8.49445],
			"rotation": {"angle": 0, "axis": "z", "origin": [8.26421, 20.05343, 8.24445]},
			"faces": {
				"north": {"uv": [4.5, 0, 6.5, 2.5], "texture": "#2"},
				"east": {"uv": [4, 6, 4.5, 8.5], "texture": "#2"},
				"south": {"uv": [6.5, 0, 4.5, 2.5], "texture": "#2"},
				"west": {"uv": [2.5, 7, 3, 9.5], "texture": "#2"},
				"up": {"uv": [9, 4, 7, 3.5], "texture": "#2"},
				"down": {"uv": [9, 4, 7, 4.5], "texture": "#2"}
			}
		},
		{
			"from": [6.5, 0, 7],
			"to": [9.5, 3, 9],
			"rotation": {"angle": 0, "axis": "z", "origin": [8.75, 1.99645, 8]},
			"faces": {
				"north": {"uv": [5.5, 4, 7, 5.5], "texture": "#2"},
				"east": {"uv": [6.5, 0, 7.5, 1.5], "texture": "#2"},
				"south": {"uv": [5.5, 5.5, 7, 7], "texture": "#2"},
				"west": {"uv": [1.5, 6.5, 2.5, 8], "texture": "#2"},
				"up": {"uv": [8, 2.5, 6.5, 1.5], "texture": "#2"},
				"down": {"uv": [1.5, 7, 0, 8], "texture": "#2"}
			}
		}
	],
	"display": {
		"thirdperson_righthand": {
			"rotation": [0, 90, 0],
			"translation": [-0.5, -2, 1.75],
			"scale": [0.85, 0.85, 0.85]
		},
		"thirdperson_lefthand": {
			"rotation": [0, -90, 0],
			"translation": [-0.5, -1.5, 1.75],
			"scale": [0.85, 0.85, 0.85]
		},
		"firstperson_righthand": {
			"rotation": [56.05, 84.96, -44.68],
			"translation": [1.75, -0.5, 0],
			"scale": [0.55, 0.55, 0.55]
		},
		"firstperson_lefthand": {
			"rotation": [-56.05, -84.96, -62],
			"translation": [1.5, -0.5, 0],
			"scale": [0.55, 0.55, 0.55]
		},
		"ground": {
			"rotation": [12.74, 17, -28.36],
			"translation": [0, 1.75, 0],
			"scale": [0.4, 0.4, 0.4]
		},
		"gui": {
			"rotation": [140.93, 0.17, -143.26],
			"translation": [-2.25, -3, 0],
			"scale": [0.75, 0.75, 0.75]
		},
		"fixed": {
			"rotation": [0, 0, 45],
			"translation": [3.5, -3.75, 0],
			"scale": [0.9, 0.9, 0.9]
		}
	},
	"groups": [
		0,
		1,
		{
			"name": "head",
			"origin": [10.26421, 8.45343, 7.74445],
			"color": 0,
			"children": [2, 3]
		},
		{
			"name": "head",
			"origin": [10.26421, 8.45343, 7.74445],
			"color": 0,
			"children": []
		},
		4
	]
}