{
	"format_version": "1.21.6",
	"credit": "davka",
	"texture_size": [32, 32],
	"textures": {
		"0": "block/diamond_pickaxe",
		"particle": "block/diamond_pickaxe"
	},
	"elements": [
		{
			"from": [12.69234, 15.6603, 6.498],
			"to": [17.69234, 20.6603, 9.498],
			"shade": false,
			"light_emission": 8,
			"rotation": {"angle": 45, "axis": "z", "origin": [8, 10.96796, 7.999]},
			"faces": {
				"north": {"uv": [0, 3, 2.5, 5.5], "texture": "#0"},
				"east": {"uv": [5, 0, 6.5, 2.5], "texture": "#0"},
				"south": {"uv": [2.5, 3, 5, 5.5], "texture": "#0"},
				"west": {"uv": [5, 2.5, 6.5, 5], "texture": "#0"},
				"up": {"uv": [7.5, 6.5, 5, 5], "texture": "#0"},
				"down": {"uv": [2.5, 5.5, 0, 7], "texture": "#0"}
			}
		},
		{
			"from": [8.69235, 19.7603, 7.498],
			"to": [12.69235, 22.7603, 8.498],
			"shade": false,
			"light_emission": 8,
			"rotation": {"angle": 45, "axis": "z", "origin": [8, 11.06796, 7.999]},
			"faces": {
				"north": {"uv": [6.5, 3.5, 8.5, 5], "texture": "#0"},
				"east": {"uv": [5, 10, 5.5, 11.5], "texture": "#0"},
				"south": {"uv": [0.5, 7, 2.5, 8.5], "texture": "#0"},
				"west": {"uv": [8, 10, 8.5, 11.5], "texture": "#0"},
				"up": {"uv": [11.5, 3, 9.5, 2.5], "texture": "#0"},
				"down": {"uv": [11.5, 5, 9.5, 5.5], "texture": "#0"}
			}
		},
		{
			"from": [-3.69235, 8.76031, 7.498],
			"to": [0.30765, 11.76031, 8.498],
			"shade": false,
			"light_emission": 8,
			"rotation": {"angle": -45, "axis": "z", "origin": [8, 11.06796, 7.999]},
			"faces": {
				"north": {"uv": [7, 6.5, 9, 8], "texture": "#0"},
				"east": {"uv": [10, 8, 10.5, 9.5], "texture": "#0"},
				"south": {"uv": [7.5, 0, 9.5, 1.5], "texture": "#0"},
				"west": {"uv": [8.5, 10, 9, 11.5], "texture": "#0"},
				"up": {"uv": [11.5, 6, 9.5, 5.5], "texture": "#0"},
				"down": {"uv": [11.5, 6, 9.5, 6.5], "texture": "#0"}
			}
		},
		{
			"from": [3.05025, 19.65368, 7.499],
			"to": [12.95025, 22.65368, 8.497],
			"shade": false,
			"light_emission": 8,
			"rotation": {"angle": 0, "axis": "y", "origin": [8, 11.06796, 7.999]},
			"faces": {
				"north": {"uv": [0, 0, 5, 1.5], "texture": "#0"},
				"east": {"uv": [9, 10, 9.5, 11.5], "texture": "#0"},
				"south": {"uv": [0, 1.5, 5, 3], "texture": "#0"},
				"west": {"uv": [9.5, 10, 10, 11.5], "texture": "#0"},
				"up": {"uv": [12.5, 3.5, 7.5, 3], "texture": "#0"},
				"down": {"uv": [13.5, 3.5, 8.5, 4], "texture": "#0"}
			}
		},
		{
			"from": [3.30765, 19.76031, 7.498],
			"to": [7.30765, 22.76031, 8.498],
			"shade": false,
			"light_emission": 8,
			"rotation": {"angle": -45, "axis": "z", "origin": [8, 11.06796, 7.999]},
			"faces": {
				"north": {"uv": [7.5, 1.5, 9.5, 3], "texture": "#0"},
				"east": {"uv": [10, 10, 10.5, 11.5], "texture": "#0"},
				"south": {"uv": [7.5, 5, 9.5, 6.5], "texture": "#0"},
				"west": {"uv": [10.5, 0, 11, 1.5], "texture": "#0"},
				"up": {"uv": [9, 10, 7, 9.5], "texture": "#0"},
				"down": {"uv": [11, 9.5, 9, 10], "texture": "#0"}
			}
		},
		{
			"from": [4.05765, 20.76031, 7.498],
			"to": [4.30765, 21.76031, 8.498],
			"shade": false,
			"light_emission": 8,
			"rotation": {"angle": -45, "axis": "z", "origin": [8, 11.06796, 7.999]},
			"faces": {
				"north": {"uv": [11.5, 0, 12, 0.5], "texture": "#0"},
				"east": {"uv": [11.5, 0, 12, 0.5], "texture": "#0"},
				"south": {"uv": [11.5, 0, 12, 0.5], "texture": "#0"},
				"west": {"uv": [11.5, 0, 12, 0.5], "texture": "#0"},
				"up": {"uv": [12, 0.5, 11.5, 0], "texture": "#0"},
				"down": {"uv": [11.5, 0, 11.5, 0], "texture": "#0"}
			}
		},
		{
			"from": [15.69234, 8.76031, 7.498],
			"to": [19.69234, 11.76031, 8.498],
			"shade": false,
			"light_emission": 8,
			"rotation": {"angle": 45, "axis": "z", "origin": [8, 11.06796, 7.999]},
			"faces": {
				"north": {"uv": [7, 8, 9, 9.5], "texture": "#0"},
				"east": {"uv": [0.5, 10.5, 1, 12], "texture": "#0"},
				"south": {"uv": [0.5, 8.5, 2.5, 10], "texture": "#0"},
				"west": {"uv": [1, 10.5, 1.5, 12], "texture": "#0"},
				"up": {"uv": [2.5, 10.5, 0.5, 10], "texture": "#0"},
				"down": {"uv": [12, 4, 10, 4.5], "texture": "#0"}
			}
		},
		{
			"from": [-0.44235, 3.37561, 7],
			"to": [2.05765, 5.87561, 9],
			"shade": false,
			"light_emission": 8,
			"rotation": {"angle": 45, "axis": "z", "origin": [8, 11.81796, 7.999]},
			"faces": {
				"north": {"uv": [2.5, 9, 4, 10.5], "texture": "#0"},
				"east": {"uv": [9, 8, 10, 9.5], "texture": "#0"},
				"south": {"uv": [9, 6.5, 10.5, 8], "texture": "#0"},
				"west": {"uv": [9.5, 0, 10.5, 1.5], "texture": "#0"},
				"up": {"uv": [10, 5, 8.5, 4], "texture": "#0"},
				"down": {"uv": [11, 1.5, 9.5, 2.5], "texture": "#0"}
			}
		},
		{
			"from": [6.93865, 12.70394, 6.93765],
			"to": [9.05995, 19.70394, 9.05895],
			"shade": false,
			"light_emission": 8,
			"rotation": {"angle": -45, "axis": "y", "origin": [8, 11.06796, 7.999]},
			"faces": {
				"north": {"uv": [2.5, 5.5, 3.5, 9], "texture": "#0"},
				"east": {"uv": [3.5, 5.5, 4.5, 9], "texture": "#0"},
				"south": {"uv": [6.5, 0, 7.5, 3.5], "texture": "#0"},
				"west": {"uv": [4.5, 6.5, 5.5, 10], "texture": "#0"},
				"up": {"uv": [5, 11, 4, 10], "texture": "#0"},
				"down": {"uv": [8, 10, 7, 11], "texture": "#0"}
			}
		},
		{
			"from": [7.29219, 2, 7.3054],
			"to": [8.69219, 15.5, 8.7054],
			"shade": false,
			"light_emission": 8,
			"rotation": {"angle": -45, "axis": "y", "origin": [8, 11.81796, 7.999]},
			"faces": {
				"north": {"uv": [5.5, 6.5, 6, 13.5], "texture": "#0"},
				"east": {"uv": [6, 6.5, 6.5, 13.5], "texture": "#0"},
				"south": {"uv": [6.5, 6.5, 7, 13.5], "texture": "#0"},
				"west": {"uv": [0, 7, 0.5, 14], "texture": "#0"},
				"up": {"uv": [5, 6, 4.5, 5.5], "texture": "#0"},
				"down": {"uv": [5, 6, 4.5, 6.5], "texture": "#0"}
			}
		},
		{
			"from": [11.69235, 20.7603, 7.498],
			"to": [11.94235, 21.7603, 8.498],
			"shade": false,
			"light_emission": 8,
			"rotation": {"angle": 45, "axis": "z", "origin": [8, 11.06796, 7.999]},
			"faces": {
				"north": {"uv": [12, 0, 11.5, 0.5], "texture": "#0"},
				"east": {"uv": [12, 0, 11.5, 0.5], "texture": "#0"},
				"south": {"uv": [12, 0, 11.5, 0.5], "texture": "#0"},
				"west": {"uv": [12, 0, 11.5, 0.5], "texture": "#0"},
				"up": {"uv": [11.5, 0.5, 12, 0], "texture": "#0"},
				"down": {"uv": [11.5, 0, 11.5, 0], "texture": "#0"}
			}
		}
	],
	"display": {
		"thirdperson_righthand": {
			"rotation": [0, 90, 0],
			"translation": [-0.5, -2, 1.75],
			"scale": [0.85, 0.85, 0.85]
		},
		"thirdperson_lefthand": {
			"rotation": [0, -90, 0],
			"translation": [-0.5, -1.5, 1.75],
			"scale": [0.85, 0.85, 0.85]
		},
		"firstperson_righthand": {
			"rotation": [56.05, 84.96, -44.68],
			"translation": [1.75, -0.5, 0],
			"scale": [0.55, 0.55, 0.55]
		},
		"firstperson_lefthand": {
			"rotation": [-56.05, -84.96, -62],
			"translation": [1.5, -0.5, 0],
			"scale": [0.55, 0.55, 0.55]
		},
		"ground": {
			"rotation": [12.74, 17, -28.36],
			"translation": [0, 1.75, 0],
			"scale": [0.4, 0.4, 0.4]
		},
		"gui": {
			"rotation": [140.93, 0.17, -143.26],
			"translation": [-2.25, -3, 0],
			"scale": [0.75, 0.75, 0.75]
		},
		"fixed": {
			"rotation": [0, 0, 45],
			"translation": [3.5, -3.75, 0],
			"scale": [0.9, 0.9, 0.9]
		}
	},
	"groups": [
		{
			"name": "group",
			"origin": [14.01041, 22.34303, 7.50189],
			"color": 0,
			"children": [
				0,
				1,
				2,
				3,
				4,
				{
					"name": "group",
					"origin": [14.01041, 22.34303, 7.50189],
					"color": 0,
					"children": [5]
				},
				6,
				7,
				8,
				9,
				{
					"name": "group",
					"origin": [1.98959, 22.34303, 7.50189],
					"color": 0,
					"children": [10]
				}
			]
		}
	]
}