{
	"format_version": "1.21.6",
	"credit": "davka",
	"texture_size": [64, 64],
	"textures": {
		"2": "block/diamond_spear"
	},
	"elements": [
		{
			"from": [28.44635, 16.62839, 7.50879],
			"to": [30.44635, 17.62839, 8.50979],
			"shade": false,
			"light_emission": 8,
			"rotation": {"angle": 45, "axis": "z", "origin": [7.98579, 1.16783, 8.00364]},
			"faces": {
				"north": {"uv": [5.25, 2.25, 5.75, 2.5], "texture": "#2"},
				"east": {"uv": [5, 2.25, 5.25, 2.5], "texture": "#2"},
				"south": {"uv": [6, 2.25, 6.5, 2.5], "texture": "#2"},
				"west": {"uv": [5.75, 2.25, 6, 2.5], "texture": "#2"},
				"up": {"uv": [5.75, 2.25, 5.25, 2], "texture": "#2"},
				"down": {"uv": [6.25, 2, 5.75, 2.25], "texture": "#2"}
			}
		},
		{
			"from": [7.0019, 16.8, 6.97956],
			"to": [9.0019, 23.8, 8.97956],
			"shade": false,
			"light_emission": 8,
			"rotation": {"angle": -45, "axis": "y", "origin": [7.98579, 1.16783, 8.00364]},
			"faces": {
				"north": {"uv": [1.5, 4.25, 2, 6], "texture": "#2"},
				"east": {"uv": [1, 4.25, 1.5, 6], "texture": "#2"},
				"south": {"uv": [2.5, 4.25, 3, 6], "texture": "#2"},
				"west": {"uv": [2, 4.25, 2.5, 6], "texture": "#2"},
				"up": {"uv": [2, 4.25, 1.5, 3.75], "texture": "#2"},
				"down": {"uv": [2.5, 3.75, 2, 4.25], "texture": "#2"}
			}
		},
		{
			"from": [-14.47477, 16.62839, 7.50879],
			"to": [-12.47477, 17.62839, 8.50979],
			"shade": false,
			"light_emission": 8,
			"rotation": {"angle": -45, "axis": "z", "origin": [7.98579, 1.16783, 8.00364]},
			"faces": {
				"north": {"uv": [5.75, 2.25, 5.25, 2.5], "texture": "#2"},
				"east": {"uv": [6, 2.25, 5.75, 2.5], "texture": "#2"},
				"south": {"uv": [6.5, 2.25, 6, 2.5], "texture": "#2"},
				"west": {"uv": [5.25, 2.25, 5, 2.5], "texture": "#2"},
				"up": {"uv": [5.25, 2.25, 5.75, 2], "texture": "#2"},
				"down": {"uv": [5.75, 2, 6.25, 2.25], "texture": "#2"}
			}
		},
		{
			"from": [-14.47477, 17.62839, 7.50879],
			"to": [-8.47477, 23.62839, 8.50879],
			"shade": false,
			"light_emission": 8,
			"rotation": {"angle": -45, "axis": "z", "origin": [7.98579, 1.16783, 8.00364]},
			"faces": {
				"north": {"uv": [2.75, 2.25, 1.25, 3.75], "texture": "#2"},
				"east": {"uv": [3, 2.25, 2.75, 3.75], "texture": "#2"},
				"south": {"uv": [4.5, 2.25, 3, 3.75], "texture": "#2"},
				"west": {"uv": [1.25, 2.25, 1, 3.75], "texture": "#2"},
				"up": {"uv": [1.25, 2.25, 2.75, 2], "texture": "#2"},
				"down": {"uv": [2.75, 2, 4.25, 2.25], "texture": "#2"}
			}
		},
		{
			"from": [-10.47477, 14.62839, 6.50879],
			"to": [-5.47477, 19.62839, 9.50879],
			"shade": false,
			"light_emission": 8,
			"rotation": {"angle": -45, "axis": "z", "origin": [7.98579, 1.16783, 8.00364]},
			"faces": {
				"north": {"uv": [3, 0.75, 1.75, 2], "texture": "#2"},
				"east": {"uv": [3.75, 0.75, 3, 2], "texture": "#2"},
				"south": {"uv": [5, 0.75, 3.75, 2], "texture": "#2"},
				"west": {"uv": [1.75, 0.75, 1, 2], "texture": "#2"},
				"up": {"uv": [1.75, 0.75, 3, 0], "texture": "#2"},
				"down": {"uv": [3, 0, 4.25, 0.75], "texture": "#2"}
			}
		},
		{
			"from": [7.30694, -14, 7.31681],
			"to": [8.70694, 19, 8.71681],
			"shade": false,
			"light_emission": 8,
			"rotation": {"angle": -45, "axis": "y", "origin": [7.98579, 1.16783, 8.00364]},
			"faces": {
				"north": {"uv": [1, 0.25, 0.75, 8.5], "texture": "#2"},
				"east": {"uv": [0.25, 0.25, 0, 8.5], "texture": "#2"},
				"south": {"uv": [1, 0.25, 0.75, 8.5], "texture": "#2"},
				"west": {"uv": [0.25, 0.25, 0, 8.5], "texture": "#2"},
				"up": {"uv": [0.25, 0.25, 0.5, 0], "texture": "#2"},
				"down": {"uv": [0.5, 0, 0.75, 0.25], "texture": "#2"}
			}
		},
		{
			"from": [17.72111, -11.0474, 7],
			"to": [20.22111, -8.5474, 9],
			"shade": false,
			"light_emission": 8,
			"rotation": {"angle": -45, "axis": "z", "origin": [7.98579, 1.16783, 8.00364]},
			"faces": {
				"north": {"uv": [4, 4.25, 3.5, 4.75], "texture": "#2"},
				"east": {"uv": [4.5, 4.25, 4, 4.75], "texture": "#2"},
				"south": {"uv": [5, 4.25, 4.5, 4.75], "texture": "#2"},
				"west": {"uv": [3.5, 4.25, 3, 4.75], "texture": "#2"},
				"up": {"uv": [3.5, 4.25, 4, 3.75], "texture": "#2"},
				"down": {"uv": [4, 3.75, 4.5, 4.25], "texture": "#2"}
			}
		}
	],
	"display": {
		"thirdperson_righthand": {
			"rotation": [0, 90, 0],
			"translation": [-0.5, 1, 1.75],
			"scale": [0.85, 0.85, 0.85]
		},
		"thirdperson_lefthand": {
			"rotation": [0, 90, 0],
			"translation": [-0.5, 1, 1.75],
			"scale": [0.85, 0.85, 0.85]
		},
		"firstperson_righthand": {
			"rotation": [169.95, 83.26, 178.72],
			"translation": [1.5, 1.75, 0.75],
			"scale": [0.55, 0.55, 0.55]
		},
		"firstperson_lefthand": {
			"rotation": [126, 93, -135.52],
			"translation": [1.75, 1.25, 1.75],
			"scale": [0.55, 0.55, 0.55]
		},
		"ground": {
			"rotation": [12.74, 17, -28.36],
			"translation": [0, 6.5, 0],
			"scale": [0.4, 0.4, 0.4]
		},
		"gui": {
			"rotation": [140.93, 0.17, -143.26],
			"translation": [-5.25, -5.5, 0],
			"scale": [0.75, 0.75, 0.75]
		},
		"fixed": {
			"rotation": [0, 0, 45],
			"translation": [-0.5, 0.5, 0],
			"scale": [0.9, 0.9, 0.9]
		}
	},
	"groups": [
		{
			"name": "spear",
			"origin": [12.22843, 23.66876, 8.00929],
			"color": 0,
			"children": [0, 1, 2, 3, 4, 5, 6]
		}
	]
}