{
	"format_version": "1.21.6",
	"credit": "davka",
	"texture_size": [32, 32],
	"textures": {
		"1": "block/glint/enchanted_iron_pickaxe_glint_fp",
		"2": "block/enchanted/enchanted_iron_pickaxe",
		"particle": "block/enchanted/enchanted_iron_pickaxe"
	},
	"elements": [
		{
			"from": [6.97868, 3, 7.5],
			"to": [8.97868, 16, 8.5],
			"rotation": {"angle": 0, "axis": "y", "origin": [7.72868, 8.91421, 8.25]},
			"faces": {
				"north": {"uv": [3, 0, 4, 6.5], "texture": "#2"},
				"east": {"uv": [1, 5, 1.5, 11.5], "texture": "#2"},
				"south": {"uv": [4, 0, 5, 6.5], "texture": "#2"},
				"west": {"uv": [1.5, 5, 2, 11.5], "texture": "#2"},
				"up": {"uv": [9, 6.5, 8, 6], "texture": "#2"},
				"down": {"uv": [3.5, 8.5, 2.5, 9], "texture": "#2"}
			}
		},
		{
			"from": [6.5, 0.5, 7],
			"to": [9.5, 3.5, 9],
			"rotation": {"angle": 45, "axis": "z", "origin": [8, 2, 8]},
			"faces": {
				"north": {"uv": [2, 6.5, 3.5, 8], "texture": "#2"},
				"east": {"uv": [2, 5, 3, 6.5], "texture": "#2"},
				"south": {"uv": [3.5, 6.5, 5, 8], "texture": "#2"},
				"west": {"uv": [5, 6.5, 6, 8], "texture": "#2"},
				"up": {"uv": [7.5, 7.5, 6, 6.5], "texture": "#2"},
				"down": {"uv": [7.5, 7.5, 6, 8.5], "texture": "#2"}
			}
		},
		{
			"from": [6.51421, 13, 6.99445],
			"to": [9.51421, 23, 8.99445],
			"rotation": {"angle": 0, "axis": "y", "origin": [7.26421, 4.32843, 7.74445]},
			"faces": {
				"north": {"uv": [0, 0, 1.5, 5], "texture": "#2"},
				"east": {"uv": [0, 5, 1, 10], "texture": "#2"},
				"south": {"uv": [1.5, 0, 3, 5], "texture": "#2"},
				"west": {"uv": [5, 0, 6, 5], "texture": "#2"},
				"up": {"uv": [9, 7.5, 7.5, 6.5], "texture": "#2"},
				"down": {"uv": [9, 7.5, 7.5, 8.5], "texture": "#2"}
			}
		},
		{
			"from": [8.61492, 12.2059, 7.607],
			"to": [14.61492, 14.9059, 8.609],
			"rotation": {"angle": -45, "axis": "z", "origin": [19.61492, 12.63862, 7.6091]},
			"faces": {
				"north": {"uv": [9, 1.5, 6, 3], "texture": "#2"},
				"east": {"uv": [6, 8, 5.5, 9.5], "texture": "#2"},
				"south": {"uv": [9, 3, 6, 4.5], "texture": "#2"},
				"west": {"uv": [5.5, 8, 5, 9.5], "texture": "#2"},
				"up": {"uv": [8, 5.5, 11, 5], "texture": "#2"},
				"down": {"uv": [8, 5.5, 11, 6], "texture": "#2"}
			}
		},
		{
			"from": [8.43995, 19.02, 7.608],
			"to": [14.43995, 22.02, 8.608],
			"rotation": {"angle": 0, "axis": "y", "origin": [14.73995, 20, 7.60805]},
			"faces": {
				"north": {"uv": [8, 5, 5, 6.5], "texture": "#2"},
				"east": {"uv": [2.5, 8.5, 2, 10], "texture": "#2"},
				"south": {"uv": [9, 0, 6, 1.5], "texture": "#2"},
				"west": {"uv": [9, 1.5, 8.5, 3], "texture": "#2"},
				"up": {"uv": [6, 5, 9, 4.5], "texture": "#2"},
				"down": {"uv": [2, 8, 5, 8.5], "texture": "#2"}
			}
		},
		{
			"name": "cube_outline",
			"from": [9.17868, 16.2, 8.7],
			"to": [6.77868, 2.8, 7.3],
			"rotation": {"angle": 0, "axis": "y", "origin": [7.72868, 8.91421, 8.25]},
			"faces": {
				"north": {"uv": [3, 0, 4, 6.5], "texture": "#1"},
				"east": {"uv": [1, 5, 1.5, 11.5], "texture": "#1"},
				"south": {"uv": [4, 0, 5, 6.5], "texture": "#1"},
				"west": {"uv": [1.5, 5, 2, 11.5], "texture": "#1"},
				"up": {"uv": [9, 6.5, 8, 6], "texture": "#1"},
				"down": {"uv": [9, 6.5, 8, 7], "texture": "#1"}
			}
		},
		{
			"name": "cube_outline",
			"from": [9.7, 3.7, 9.2],
			"to": [6.3, 0.3, 6.8],
			"rotation": {"angle": 45, "axis": "z", "origin": [8, 2, 8]},
			"faces": {
				"north": {"uv": [2, 6.5, 3.5, 8], "texture": "#1"},
				"east": {"uv": [2, 5, 3, 6.5], "texture": "#1"},
				"south": {"uv": [3.5, 6.5, 5, 8], "texture": "#1"},
				"west": {"uv": [5, 7, 6, 8.5], "texture": "#1"},
				"up": {"uv": [7.5, 8, 6, 7], "texture": "#1"},
				"down": {"uv": [9, 7, 7.5, 8], "texture": "#1"}
			}
		},
		{
			"name": "cube_outline",
			"from": [9.71421, 23.2, 9.19445],
			"to": [6.31421, 12.8, 6.79445],
			"rotation": {"angle": 0, "axis": "y", "origin": [7.26421, 4.32843, 7.74445]},
			"faces": {
				"north": {"uv": [0, 0, 1.5, 5], "texture": "#1"},
				"east": {"uv": [0, 5, 1, 10], "texture": "#1"},
				"south": {"uv": [1.5, 0, 3, 5], "texture": "#1"},
				"west": {"uv": [5, 0, 6, 5], "texture": "#1"},
				"up": {"uv": [3.5, 9, 2, 8], "texture": "#1"},
				"down": {"uv": [5, 8, 3.5, 9], "texture": "#1"}
			}
		},
		{
			"name": "cube_outline",
			"from": [14.88992, 15.02305, 8.81],
			"to": [8.48992, 11.92305, 7.408],
			"rotation": {"angle": -45, "axis": "z", "origin": [19.68992, 12.55577, 7.6101]},
			"faces": {
				"north": {"uv": [8, 5, 5, 6.5], "texture": "#1"},
				"east": {"uv": [7, 8, 6.5, 9.5], "texture": "#1"},
				"south": {"uv": [9, 0, 6, 1.5], "texture": "#1"},
				"west": {"uv": [6.5, 8, 6, 9.5], "texture": "#1"},
				"up": {"uv": [6, 5, 8.6875, 4.5], "texture": "#1"},
				"down": {"uv": [5, 6.5, 8, 7], "texture": "#1"}
			}
		},
		{
			"name": "cube_outline",
			"from": [13.51495, 22.22, 8.808],
			"to": [8.51495, 18.82, 7.408],
			"rotation": {"angle": 0, "axis": "y", "origin": [15.01495, 20, 7.60805]},
			"faces": {
				"north": {"uv": [8.5, 1.5, 6, 3], "texture": "#1"},
				"east": {"uv": [8, 8, 7.5, 9.5], "texture": "#1"},
				"south": {"uv": [8.5, 3, 6, 4.5], "texture": "#1"},
				"west": {"uv": [7.5, 8, 7, 9.5], "texture": "#1"},
				"up": {"uv": [8, 5.5, 10.5, 5], "texture": "#1"},
				"down": {"uv": [8, 5.5, 10.5, 6], "texture": "#1"}
			}
		}
	],
	"display": {
		"thirdperson_righthand": {
			"rotation": [0, 90, 0],
			"translation": [-0.5, -2, 1.75],
			"scale": [0.85, 0.85, 0.85]
		},
		"thirdperson_lefthand": {
			"rotation": [0, -90, 0],
			"translation": [-0.5, -1.5, 1.75],
			"scale": [0.85, 0.85, 0.85]
		},
		"firstperson_righthand": {
			"rotation": [56.05, 84.96, -44.68],
			"translation": [1.75, -0.5, 0],
			"scale": [0.55, 0.55, 0.55]
		},
		"firstperson_lefthand": {
			"rotation": [-56.05, -84.96, -62],
			"translation": [1.5, -0.5, 0],
			"scale": [0.55, 0.55, 0.55]
		},
		"ground": {
			"rotation": [12.74, 17, -28.36],
			"translation": [0, 1.75, 0],
			"scale": [0.4, 0.4, 0.4]
		},
		"gui": {
			"rotation": [140.93, 0.17, -143.26],
			"translation": [-2.25, -3, 0],
			"scale": [0.75, 0.75, 0.75]
		},
		"fixed": {
			"rotation": [0, 0, 45],
			"translation": [3.5, -3.75, 0],
			"scale": [0.9, 0.9, 0.9]
		}
	},
	"groups": [
		0,
		1,
		2,
		3,
		4,
		{
			"name": "group",
			"origin": [-2.68992, 12.55577, 7.6101],
			"color": 0,
			"children": [5, 6, 7, 8, 9]
		}
	]
}