{
	"format_version": "1.21.6",
	"credit": "davka",
	"texture_size": [64, 64],
	"textures": {
		"1": "block/glint/enchanted_diamond_spear_glint_fp",
		"2": "block/enchanted/enchanted_diamond_spear",
		"particle": "block/glint/enchanted_diamond_spear_glint_fp"
	},
	"elements": [
		{
			"from": [28.44635, 16.62839, 7.50879],
			"to": [30.44635, 17.62839, 8.50979],
			"shade": false,
			"light_emission": 8,
			"rotation": {"angle": 45, "axis": "z", "origin": [7.98579, 1.16783, 8.00364]},
			"faces": {
				"north": {"uv": [5.25, 2.25, 5.75, 2.5], "texture": "#2"},
				"east": {"uv": [5, 2.25, 5.25, 2.5], "texture": "#2"},
				"south": {"uv": [6, 2.25, 6.5, 2.5], "texture": "#2"},
				"west": {"uv": [5.75, 2.25, 6, 2.5], "texture": "#2"},
				"up": {"uv": [5.75, 2.25, 5.25, 2], "texture": "#2"},
				"down": {"uv": [6.25, 2, 5.75, 2.25], "texture": "#2"}
			}
		},
		{
			"from": [7.0019, 16.8, 6.97956],
			"to": [9.0019, 23.8, 8.97956],
			"shade": false,
			"light_emission": 8,
			"rotation": {"angle": -45, "axis": "y", "origin": [7.98579, 1.16783, 8.00364]},
			"faces": {
				"north": {"uv": [1.5, 4.25, 2, 6], "texture": "#2"},
				"east": {"uv": [1, 4.25, 1.5, 6], "texture": "#2"},
				"south": {"uv": [2.5, 4.25, 3, 6], "texture": "#2"},
				"west": {"uv": [2, 4.25, 2.5, 6], "texture": "#2"},
				"up": {"uv": [2, 4.25, 1.5, 3.75], "texture": "#2"},
				"down": {"uv": [2.5, 3.75, 2, 4.25], "texture": "#2"}
			}
		},
		{
			"from": [-14.47477, 16.62839, 7.50879],
			"to": [-12.47477, 17.62839, 8.50979],
			"shade": false,
			"light_emission": 8,
			"rotation": {"angle": -45, "axis": "z", "origin": [7.98579, 1.16783, 8.00364]},
			"faces": {
				"north": {"uv": [5.75, 2.25, 5.25, 2.5], "texture": "#2"},
				"east": {"uv": [6, 2.25, 5.75, 2.5], "texture": "#2"},
				"south": {"uv": [6.5, 2.25, 6, 2.5], "texture": "#2"},
				"west": {"uv": [5.25, 2.25, 5, 2.5], "texture": "#2"},
				"up": {"uv": [5.25, 2.25, 5.75, 2], "texture": "#2"},
				"down": {"uv": [5.75, 2, 6.25, 2.25], "texture": "#2"}
			}
		},
		{
			"from": [-14.47477, 17.62839, 7.50879],
			"to": [-8.47477, 23.62839, 8.50879],
			"shade": false,
			"light_emission": 8,
			"rotation": {"angle": -45, "axis": "z", "origin": [7.98579, 1.16783, 8.00364]},
			"faces": {
				"north": {"uv": [2.75, 2.25, 1.25, 3.75], "texture": "#2"},
				"east": {"uv": [3, 2.25, 2.75, 3.75], "texture": "#2"},
				"south": {"uv": [4.5, 2.25, 3, 3.75], "texture": "#2"},
				"west": {"uv": [1.25, 2.25, 1, 3.75], "texture": "#2"},
				"up": {"uv": [1.25, 2.25, 2.75, 2], "texture": "#2"},
				"down": {"uv": [2.75, 2, 4.25, 2.25], "texture": "#2"}
			}
		},
		{
			"from": [-10.47477, 14.62839, 6.50879],
			"to": [-5.47477, 19.62839, 9.50879],
			"shade": false,
			"light_emission": 8,
			"rotation": {"angle": -45, "axis": "z", "origin": [7.98579, 1.16783, 8.00364]},
			"faces": {
				"north": {"uv": [3, 0.75, 1.75, 2], "texture": "#2"},
				"east": {"uv": [3.75, 0.75, 3, 2], "texture": "#2"},
				"south": {"uv": [5, 0.75, 3.75, 2], "texture": "#2"},
				"west": {"uv": [1.75, 0.75, 1, 2], "texture": "#2"},
				"up": {"uv": [1.75, 0.75, 3, 0], "texture": "#2"},
				"down": {"uv": [3, 0, 4.25, 0.75], "texture": "#2"}
			}
		},
		{
			"from": [7.30694, -14, 7.31681],
			"to": [8.70694, 19, 8.71681],
			"shade": false,
			"light_emission": 8,
			"rotation": {"angle": -45, "axis": "y", "origin": [7.98579, 1.16783, 8.00364]},
			"faces": {
				"north": {"uv": [1, 0.25, 0.75, 8.5], "texture": "#2"},
				"east": {"uv": [0.25, 0.25, 0, 8.5], "texture": "#2"},
				"south": {"uv": [1, 0.25, 0.75, 8.5], "texture": "#2"},
				"west": {"uv": [0.25, 0.25, 0, 8.5], "texture": "#2"},
				"up": {"uv": [0.25, 0.25, 0.5, 0], "texture": "#2"},
				"down": {"uv": [0.5, 0, 0.75, 0.25], "texture": "#2"}
			}
		},
		{
			"from": [17.72111, -11.0474, 7],
			"to": [20.22111, -8.5474, 9],
			"shade": false,
			"light_emission": 8,
			"rotation": {"angle": -45, "axis": "z", "origin": [7.98579, 1.16783, 8.00364]},
			"faces": {
				"north": {"uv": [4, 4.25, 3.5, 4.75], "texture": "#2"},
				"east": {"uv": [4.5, 4.25, 4, 4.75], "texture": "#2"},
				"south": {"uv": [5, 4.25, 4.5, 4.75], "texture": "#2"},
				"west": {"uv": [3.5, 4.25, 3, 4.75], "texture": "#2"},
				"up": {"uv": [3.5, 4.25, 4, 3.75], "texture": "#2"},
				"down": {"uv": [4, 3.75, 4.5, 4.25], "texture": "#2"}
			}
		},
		{
			"name": "cube_outline",
			"from": [30.92919, 17.54555, 8.70979],
			"to": [28.52919, 16.54555, 7.30879],
			"rotation": {"angle": 45, "axis": "z", "origin": [8.26863, 0.88499, 8.00364]},
			"faces": {
				"north": {"uv": [4.5, 3.25, 5, 3.5], "texture": "#1"},
				"east": {"uv": [2.25, 3, 2.5, 3.25], "texture": "#1"},
				"south": {"uv": [4.5, 3.5, 5, 3.75], "texture": "#1"},
				"west": {"uv": [2.25, 3.25, 2.5, 3.5], "texture": "#1"},
				"up": {"uv": [5, 4, 4.5, 3.75], "texture": "#1"},
				"down": {"uv": [2, 4.75, 1.5, 5], "texture": "#1"}
			}
		},
		{
			"name": "cube_outline",
			"from": [9.2019, 24, 9.17956],
			"to": [6.8019, 16.6, 6.77956],
			"rotation": {"angle": -45, "axis": "y", "origin": [7.98579, 1.16783, 8.00364]},
			"faces": {
				"north": {"uv": [1.75, 3, 2.25, 4.75], "texture": "#1"},
				"east": {"uv": [3.75, 0, 4.25, 1.75], "texture": "#1"},
				"south": {"uv": [2.25, 3.75, 2.75, 5.5], "texture": "#1"},
				"west": {"uv": [2.75, 3.75, 3.25, 5.5], "texture": "#1"},
				"up": {"uv": [5, 1.5, 4.5, 1], "texture": "#1"},
				"down": {"uv": [5, 1.75, 4.5, 2.25], "texture": "#1"}
			}
		},
		{
			"name": "cube_outline",
			"from": [-12.55761, 17.54555, 8.70979],
			"to": [-14.95761, 16.54555, 7.30879],
			"rotation": {"angle": -45, "axis": "z", "origin": [7.70295, 0.88499, 8.00364]},
			"faces": {
				"north": {"uv": [5, 3.25, 4.5, 3.5], "texture": "#1"},
				"east": {"uv": [2.5, 3.25, 2.25, 3.5], "texture": "#1"},
				"south": {"uv": [5, 3.5, 4.5, 3.75], "texture": "#1"},
				"west": {"uv": [2.5, 3, 2.25, 3.25], "texture": "#1"},
				"up": {"uv": [5, 4, 4.5, 3.75], "texture": "#1"},
				"down": {"uv": [2, 5, 1.5, 4.75], "texture": "#1"}
			}
		},
		{
			"name": "cube_outline",
			"from": [-8.27477, 23.82839, 8.70879],
			"to": [-14.67477, 17.42839, 7.30879],
			"rotation": {"angle": -45, "axis": "z", "origin": [7.98579, 1.16783, 8.00364]},
			"faces": {
				"north": {"uv": [1, 0, 2.5, 1.5], "texture": "#1"},
				"east": {"uv": [4, 4, 4.25, 5.5], "texture": "#1"},
				"south": {"uv": [1, 1.5, 2.5, 3], "texture": "#1"},
				"west": {"uv": [4.25, 0.14375, 4.5, 1.5], "texture": "#1"},
				"up": {"uv": [5.625, 1.75, 4.25, 1.5], "texture": "#1"},
				"down": {"uv": [5.75, 4, 4.25, 4.25], "texture": "#1"}
			}
		},
		{
			"name": "cube_outline",
			"from": [-5.27477, 19.82839, 9.70879],
			"to": [-10.67477, 14.42839, 6.30879],
			"rotation": {"angle": -45, "axis": "z", "origin": [7.98579, 1.16783, 8.00364]},
			"faces": {
				"north": {"uv": [2.5, 0, 3.75, 1.25], "texture": "#1"},
				"east": {"uv": [2.5, 2.5, 3.25, 3.75], "texture": "#1"},
				"south": {"uv": [2.5, 1.25, 3.75, 2.5], "texture": "#1"},
				"west": {"uv": [1, 3, 1.75, 4.25], "texture": "#1"},
				"up": {"uv": [4.5, 3.25, 3.25, 2.5], "texture": "#1"},
				"down": {"uv": [4.5, 3.25, 3.25, 4], "texture": "#1"}
			}
		},
		{
			"name": "cube_outline",
			"from": [8.90694, 19.2, 8.91681],
			"to": [7.10694, -14.2, 7.11681],
			"rotation": {"angle": -45, "axis": "y", "origin": [7.98579, 1.16783, 8.00364]},
			"faces": {
				"north": {"uv": [0, 0, 0.5, 8.25], "texture": "#1"},
				"east": {"uv": [0.5, 0, 1, 8.25], "texture": "#1"},
				"south": {"uv": [0.5, 0, 0, 8.25], "texture": "#1"},
				"west": {"uv": [1, 0, 0.5, 8.25], "texture": "#1"},
				"up": {"uv": [5, 2.75, 4.5, 2.25], "texture": "#1"},
				"down": {"uv": [5, 2.75, 4.5, 3.25], "texture": "#1"}
			}
		},
		{
			"name": "cube_outline",
			"from": [20.42111, -8.3474, 9.2],
			"to": [17.52111, -11.2474, 6.8],
			"rotation": {"angle": -45, "axis": "z", "origin": [7.98579, 1.16783, 8.00364]},
			"faces": {
				"north": {"uv": [3.75, 1.75, 4.5, 2.5], "texture": "#1"},
				"east": {"uv": [1, 4.25, 1.5, 5], "texture": "#1"},
				"south": {"uv": [3.25, 4, 4, 4.75], "texture": "#1"},
				"west": {"uv": [4.25, 4.25, 4.75, 5], "texture": "#1"},
				"up": {"uv": [5.25, 0.5, 4.5, 0], "texture": "#1"},
				"down": {"uv": [5.25, 0.5, 4.5, 1], "texture": "#1"}
			}
		}
	],
	"display": {
		"thirdperson_righthand": {
			"rotation": [0, 90, 0],
			"translation": [-0.5, 1, 1.75],
			"scale": [0.85, 0.85, 0.85]
		},
		"thirdperson_lefthand": {
			"rotation": [0, 90, 0],
			"translation": [-0.5, 1, 1.75],
			"scale": [0.85, 0.85, 0.85]
		},
		"firstperson_righthand": {
			"rotation": [169.95, 83.26, 178.72],
			"translation": [1.5, 1.75, 0.75],
			"scale": [0.55, 0.55, 0.55]
		},
		"firstperson_lefthand": {
			"rotation": [126, 93, -135.52],
			"translation": [1.75, 1.25, 1.75],
			"scale": [0.55, 0.55, 0.55]
		},
		"ground": {
			"rotation": [12.74, 17, -28.36],
			"translation": [0, 6.5, 0],
			"scale": [0.4, 0.4, 0.4]
		},
		"gui": {
			"rotation": [140.93, 0.17, -143.26],
			"translation": [-5.25, -5.5, 0],
			"scale": [0.75, 0.75, 0.75]
		},
		"fixed": {
			"rotation": [0, 0, 45],
			"translation": [-0.5, 0.5, 0],
			"scale": [0.9, 0.9, 0.9]
		}
	},
	"groups": [
		{
			"name": "spear",
			"origin": [12.22843, 23.66876, 8.00929],
			"color": 0,
			"children": [0, 1, 2, 3, 4, 5, 6]
		},
		{
			"name": "group",
			"origin": [7.98579, 1.16783, 8.00364],
			"color": 0,
			"children": [7, 8, 9, 10, 11, 12, 13]
		}
	]
}