{
	"format_version": "1.21.6",
	"credit": "Made with Blockbench",
	"texture_size": [32, 32],
	"textures": {
		"1": "block/enchanted/enchanted_netherite_spear",
		"2": "block/glint/enchanted_netherite_spear_glint_fp",
		"particle": "block/enchanted/enchanted_netherite_spear"
	},
	"elements": [
		{
			"from": [6.51421, 28.75, 7.49445],
			"to": [9.51421, 31.75, 8.49445],
			"rotation": {"angle": 0, "axis": "y", "origin": [9.26421, 16.80343, 8.24445]},
			"faces": {
				"north": {"uv": [5, 4, 6.5, 5.5], "texture": "#1"},
				"east": {"uv": [5, 8.5, 5.5, 10], "texture": "#1"},
				"south": {"uv": [6.5, 4, 5, 5.5], "texture": "#1"},
				"west": {"uv": [5.5, 8.5, 6, 10], "texture": "#1"},
				"up": {"uv": [9.5, 5, 8, 4.5], "texture": "#1"},
				"down": {"uv": [9.5, 5, 8, 5.5], "texture": "#1"}
			}
		},
		{
			"from": [5.51421, 23.75, 7.49445],
			"to": [10.51421, 28.75, 8.49445],
			"rotation": {"angle": 0, "axis": "y", "origin": [9.26421, 13.80343, 8.24445]},
			"faces": {
				"north": {"uv": [4.5, 0, 7, 2.5], "texture": "#1"},
				"east": {"uv": [8, 1, 8.5, 3.5], "texture": "#1"},
				"south": {"uv": [7, 0, 4.5, 2.5], "texture": "#1"},
				"west": {"uv": [8.5, 0, 9, 2.5], "texture": "#1"},
				"up": {"uv": [10.5, 4, 8, 3.5], "texture": "#1"},
				"down": {"uv": [10.5, 4, 8, 4.5], "texture": "#1"}
			}
		},
		{
			"from": [4.51421, 20.75, 7.49445],
			"to": [11.51421, 23.75, 8.49445],
			"rotation": {"angle": 0, "axis": "y", "origin": [9.26421, 8.80343, 8.24445]},
			"faces": {
				"north": {"uv": [4.5, 2.5, 8, 4], "texture": "#1"},
				"east": {"uv": [6, 8.5, 6.5, 10], "texture": "#1"},
				"south": {"uv": [8, 2.5, 4.5, 4], "texture": "#1"},
				"west": {"uv": [6.5, 8.5, 7, 10], "texture": "#1"},
				"up": {"uv": [10, 6, 6.5, 5.5], "texture": "#1"},
				"down": {"uv": [10, 6, 6.5, 6.5], "texture": "#1"}
			}
		},
		{
			"from": [7.26464, -14.25, 7.29047],
			"to": [8.66464, 16.75, 8.69047],
			"rotation": {"angle": 45, "axis": "y", "origin": [7.98579, 0.91783, 8.00364]},
			"faces": {
				"north": {"uv": [1, 0, 1.5, 15.5], "texture": "#1"},
				"east": {"uv": [0.5, 0, 1, 15.5], "texture": "#1"},
				"south": {"uv": [0, 0, 0.5, 15.5], "texture": "#1"},
				"west": {"uv": [1.5, 0, 2, 15.5], "texture": "#1"},
				"up": {"uv": [0.25, 0.25, 0.5, 0], "rotation": 180, "texture": "#1"},
				"down": {"uv": [0.5, 0, 0.75, 0.25], "rotation": 180, "texture": "#1"}
			}
		},
		{
			"from": [7.0019, 16.75, 6.97956],
			"to": [9.0019, 23.75, 8.97956],
			"rotation": {"angle": -45, "axis": "y", "origin": [7.98579, 1.11783, 8.00364]},
			"faces": {
				"north": {"uv": [11.5, 1, 12.5, 4.5], "texture": "#1"},
				"east": {"uv": [10.5, 1, 11.5, 4.5], "texture": "#1"},
				"south": {"uv": [13.5, 1, 14.5, 4.5], "texture": "#1"},
				"west": {"uv": [12.5, 1, 13.5, 4.5], "texture": "#1"},
				"up": {"uv": [12.5, 1, 11.5, 0], "texture": "#1"},
				"down": {"uv": [13.5, 0, 12.5, 1], "texture": "#1"}
			}
		},
		{
			"from": [17.72111, -11.0474, 7],
			"to": [20.22111, -8.5474, 9],
			"rotation": {"angle": -45, "axis": "z", "origin": [7.98579, 1.16783, 8.00364]},
			"faces": {
				"north": {"uv": [5, 11, 4, 12], "texture": "#1"},
				"east": {"uv": [6, 11, 5, 12], "texture": "#1"},
				"south": {"uv": [7, 11, 6, 12], "texture": "#1"},
				"west": {"uv": [4, 11, 3, 12], "texture": "#1"},
				"up": {"uv": [4, 11, 5, 10], "texture": "#1"},
				"down": {"uv": [5, 10, 6, 11], "texture": "#1"}
			}
		},
		{
			"name": "cube_outline",
			"from": [9.71421, 31.95, 8.69445],
			"to": [6.31421, 28.95, 7.29445],
			"rotation": {"angle": 0, "axis": "y", "origin": [9.26421, 17.00343, 8.24445]},
			"faces": {
				"north": {"uv": [6.5, 0, 8, 1.5], "texture": "#2"},
				"east": {"uv": [4, 9, 4.5, 10.5], "texture": "#2"},
				"south": {"uv": [6.5, 0, 8, 1.5], "texture": "#2"},
				"west": {"uv": [9, 4, 9.5, 5.5], "texture": "#2"},
				"up": {"uv": [9.5, 7.5, 8, 7], "texture": "#2"},
				"down": {"uv": [10.5, 2.5, 9, 3], "texture": "#2"}
			}
		},
		{
			"name": "cube_outline",
			"from": [10.71421, 28.95, 8.69445],
			"to": [5.31421, 23.95, 7.29445],
			"rotation": {"angle": 0, "axis": "y", "origin": [9.26421, 13.80343, 8.24445]},
			"faces": {
				"north": {"uv": [4, 0, 6.5, 2.5], "texture": "#2"},
				"east": {"uv": [8, 4, 8.5, 6.5], "texture": "#2"},
				"south": {"uv": [4, 0, 6.5, 2.5], "texture": "#2"},
				"west": {"uv": [8.5, 4, 9, 6.5], "texture": "#2"},
				"up": {"uv": [10.5, 1.5, 8, 1], "texture": "#2"},
				"down": {"uv": [10.5, 6.5, 8, 7], "texture": "#2"}
			}
		},
		{
			"name": "cube_outline",
			"from": [11.71421, 23.95, 8.94445],
			"to": [4.31421, 20.55, 7.14445],
			"rotation": {"angle": 0, "axis": "y", "origin": [9.26421, 8.80343, 8.49445]},
			"faces": {
				"north": {"uv": [4, 2.5, 7.5, 4], "texture": "#2"},
				"east": {"uv": [4.5, 9, 5, 10.5], "texture": "#2"},
				"south": {"uv": [4, 2.5, 7.5, 4], "texture": "#2"},
				"west": {"uv": [5, 9, 5.5, 10.5], "texture": "#2"},
				"up": {"uv": [11, 3.5, 7.5, 3], "texture": "#2"},
				"down": {"uv": [11, 3.5, 7.5, 4], "texture": "#2"}
			}
		},
		{
			"name": "cube_outline",
			"from": [8.86464, 16.95, 8.89047],
			"to": [7.06464, -14.45, 7.09047],
			"rotation": {"angle": 45, "axis": "y", "origin": [7.98579, 0.91783, 8.00364]},
			"faces": {
				"north": {"uv": [0, 0, 1, 15.5], "texture": "#2"},
				"east": {"uv": [1, 0, 2, 15.5], "texture": "#2"},
				"south": {"uv": [2, 0, 3, 15.5], "texture": "#2"},
				"west": {"uv": [3, 0, 4, 15.5], "texture": "#2"},
				"up": {"uv": [7.5, 2.5, 6.5, 1.5], "texture": "#2"},
				"down": {"uv": [8.5, 8.5, 7.5, 9.5], "texture": "#2"}
			}
		},
		{
			"name": "cube_outline",
			"from": [9.2019, 23.95, 9.17956],
			"to": [6.8019, 16.55, 6.77956],
			"rotation": {"angle": -45, "axis": "y", "origin": [7.98579, 1.11783, 8.00364]},
			"faces": {
				"north": {"uv": [4, 4, 5, 7.5], "texture": "#2"},
				"east": {"uv": [5, 4, 6, 7.5], "texture": "#2"},
				"south": {"uv": [6, 4, 7, 7.5], "texture": "#2"},
				"west": {"uv": [7, 4, 8, 7.5], "texture": "#2"},
				"up": {"uv": [9.5, 9.5, 8.5, 8.5], "texture": "#2"},
				"down": {"uv": [10, 1.5, 9, 2.5], "texture": "#2"}
			}
		},
		{
			"name": "cube_outline",
			"from": [20.42111, -8.3474, 9.2],
			"to": [17.52111, -11.2474, 6.8],
			"rotation": {"angle": -45, "axis": "z", "origin": [7.98579, 1.16783, 8.00364]},
			"faces": {
				"north": {"uv": [7.5, 1.5, 9, 3], "texture": "#2"},
				"east": {"uv": [5.5, 7.5, 6.5, 9], "texture": "#2"},
				"south": {"uv": [4, 7.5, 5.5, 9], "texture": "#2"},
				"west": {"uv": [6.5, 7.5, 7.5, 9], "texture": "#2"},
				"up": {"uv": [9, 8.5, 7.5, 7.5], "texture": "#2"},
				"down": {"uv": [9.5, 0, 8, 1], "texture": "#2"}
			}
		}
	],
	"display": {
		"thirdperson_righthand": {
			"rotation": [0, 90, 0],
			"translation": [-0.5, 1, 1.75],
			"scale": [0.85, 0.85, 0.85]
		},
		"thirdperson_lefthand": {
			"rotation": [0, 90, 0],
			"translation": [-0.5, 1, 1.75],
			"scale": [0.85, 0.85, 0.85]
		},
		"firstperson_righthand": {
			"rotation": [169.95, 83.26, 178.72],
			"translation": [1.5, 1.75, 0.75],
			"scale": [0.55, 0.55, 0.55]
		},
		"firstperson_lefthand": {
			"rotation": [126, 93, -135.52],
			"translation": [1.75, 1.25, 1.75],
			"scale": [0.55, 0.55, 0.55]
		},
		"ground": {
			"rotation": [12.74, 17, -28.36],
			"translation": [0, 6.5, 0],
			"scale": [0.4, 0.4, 0.4]
		},
		"gui": {
			"rotation": [140.93, 0.17, -143.26],
			"translation": [-5.25, -5.5, 0],
			"scale": [0.75, 0.75, 0.75]
		},
		"fixed": {
			"rotation": [0, 0, 45],
			"translation": [-0.5, 0.5, 0],
			"scale": [0.9, 0.9, 0.9]
		}
	},
	"groups": [
		{
			"name": "head",
			"origin": [10.26421, 8.45343, 7.74445],
			"color": 0,
			"children": [0, 1, 2]
		},
		3,
		4,
		5,
		{
			"name": "group",
			"origin": [9.26421, 17.05343, 8.24445],
			"color": 0,
			"children": [6, 7, 8, 9, 10, 11]
		}
	]
}