{
	"format_version": "1.21.6",
	"credit": "davka",
	"texture_size": [32, 32],
	"textures": {
		"1": "block/glint/enchanted_diamond_sword_glint_fp",
		"2": "block/enchanted/enchanted_diamond_sword",
		"particle": "block/enchanted/enchanted_diamond_sword"
	},
	"elements": [
		{
			"from": [7, 0, 7],
			"to": [9, 2, 9],
			"shade": false,
			"light_emission": 8,
			"rotation": {"angle": 45, "axis": "x", "origin": [8, 1, 8]},
			"faces": {
				"north": {"uv": [8, 0.5, 8.5, 1], "texture": "#2"},
				"east": {"uv": [7.5, 0.5, 8, 1], "texture": "#2"},
				"south": {"uv": [9, 0.5, 9.5, 1], "texture": "#2"},
				"west": {"uv": [8.5, 0.5, 9, 1], "texture": "#2"},
				"up": {"uv": [8.5, 0.5, 8, 0], "texture": "#2"},
				"down": {"uv": [9, 0, 8.5, 0.5], "texture": "#2"}
			}
		},
		{
			"from": [7.5, 1, 7.5],
			"to": [8.5, 7, 8.5],
			"shade": false,
			"light_emission": 8,
			"rotation": {"angle": -45, "axis": "y", "origin": [8, 4, 8]},
			"faces": {
				"north": {"uv": [7.75, 1.25, 8, 2.75], "texture": "#2"},
				"east": {"uv": [7.5, 1.25, 7.75, 2.75], "texture": "#2"},
				"south": {"uv": [8.25, 1.25, 8.5, 2.75], "texture": "#2"},
				"west": {"uv": [8, 1.25, 8.25, 2.75], "texture": "#2"},
				"up": {"uv": [8, 1.25, 7.75, 1], "texture": "#2"},
				"down": {"uv": [8.25, 1, 8, 1.25], "texture": "#2"}
			}
		},
		{
			"from": [7, 6, 6],
			"to": [9, 10, 10],
			"shade": false,
			"light_emission": 8,
			"rotation": {"angle": 45, "axis": "x", "origin": [8, 8, 8]},
			"faces": {
				"north": {"uv": [6.5, 6.75, 7, 7.75], "texture": "#2"},
				"east": {"uv": [5.5, 6.75, 6.5, 7.75], "texture": "#2"},
				"south": {"uv": [8, 6.75, 8.5, 7.75], "texture": "#2"},
				"west": {"uv": [7, 6.75, 8, 7.75], "texture": "#2"},
				"up": {"uv": [7, 6.75, 6.5, 5.75], "texture": "#2"},
				"down": {"uv": [7.5, 5.75, 7, 6.75], "texture": "#2"}
			}
		},
		{
			"from": [7.499, 6, 11.65685],
			"to": [8.519, 8, 13.65685],
			"shade": false,
			"light_emission": 8,
			"rotation": {"angle": 45, "axis": "x", "origin": [8, 8, 13.65685]},
			"faces": {
				"north": {"uv": [6, 8.25, 6.25, 8.75], "texture": "#2"},
				"east": {"uv": [5.5, 8.25, 6, 8.75], "texture": "#2"},
				"south": {"uv": [6.75, 8.25, 7, 8.75], "texture": "#2"},
				"west": {"uv": [6.25, 8.25, 6.75, 8.75], "texture": "#2"},
				"up": {"uv": [6.25, 8.25, 6, 7.75], "texture": "#2"},
				"down": {"uv": [6.5, 7.75, 6.25, 8.25], "texture": "#2"}
			}
		},
		{
			"from": [7.499, 7, 2.75736],
			"to": [8.519, 9, 4.75736],
			"shade": false,
			"light_emission": 8,
			"rotation": {"angle": -45, "axis": "x", "origin": [8.009, 8, 3.75736]},
			"faces": {
				"north": {"uv": [7.5, 8.25, 7.75, 8.75], "texture": "#2"},
				"east": {"uv": [7, 8.25, 7.5, 8.75], "texture": "#2"},
				"south": {"uv": [8.25, 8.25, 8.5, 8.75], "texture": "#2"},
				"west": {"uv": [7.75, 8.25, 8.25, 8.75], "texture": "#2"},
				"up": {"uv": [7.75, 8.25, 7.5, 7.75], "texture": "#2"},
				"down": {"uv": [8, 7.75, 7.75, 8.25], "texture": "#2"}
			}
		},
		{
			"from": [7.5, 7.5, 4],
			"to": [8.5, 8.5, 12],
			"shade": false,
			"light_emission": 8,
			"rotation": {"angle": 0, "axis": "y", "origin": [8, 12, 8.5]},
			"faces": {
				"north": {"uv": [5.5, 5.5, 5.75, 5.75], "texture": "#2"},
				"east": {"uv": [3.5, 5.5, 5.5, 5.75], "texture": "#2"},
				"south": {"uv": [7.75, 5.5, 8, 5.75], "texture": "#2"},
				"west": {"uv": [5.75, 5.5, 7.75, 5.75], "texture": "#2"},
				"up": {"uv": [5.75, 5.5, 5.5, 3.5], "texture": "#2"},
				"down": {"uv": [6, 3.5, 5.75, 5.5], "texture": "#2"}
			}
		},
		{
			"from": [7.5, 8.5, 5],
			"to": [8.5, 19.5, 11],
			"shade": false,
			"light_emission": 8,
			"rotation": {"angle": 0, "axis": "y", "origin": [7.5, 12.5, 7.5]},
			"faces": {
				"north": {"uv": [1.5, 1.5, 1.75, 4.25], "texture": "#2"},
				"east": {"uv": [0, 1.5, 1.5, 4.25], "texture": "#2"},
				"south": {"uv": [3.25, 1.5, 3.5, 4.25], "texture": "#2"},
				"west": {"uv": [1.75, 1.5, 3.25, 4.25], "texture": "#2"},
				"up": {"uv": [1.75, 1.5, 1.5, 0], "texture": "#2"},
				"down": {"uv": [2, 0, 1.75, 1.5], "texture": "#2"}
			}
		},
		{
			"from": [7.499, 17.07843, 4],
			"to": [8.508, 24.07843, 11],
			"shade": false,
			"light_emission": 8,
			"rotation": {"angle": 45, "axis": "x", "origin": [8, 20.07843, 8]},
			"faces": {
				"north": {"uv": [5.25, 1.75, 5.5, 3.5], "texture": "#2"},
				"east": {"uv": [3.5, 1.75, 5.25, 3.5], "texture": "#2"},
				"south": {"uv": [7.25, 1.75, 7.5, 3.5], "texture": "#2"},
				"west": {"uv": [5.5, 1.75, 7.25, 3.5], "texture": "#2"},
				"up": {"uv": [5.5, 1.75, 5.25, 0], "texture": "#2"},
				"down": {"uv": [5.75, 0, 5.5, 1.75], "texture": "#2"}
			}
		},
		{
			"from": [7.5, 1, 7.5],
			"to": [8.5, 7, 8.5],
			"shade": false,
			"light_emission": 8,
			"rotation": {"angle": 45, "axis": "y", "origin": [8, 4, 8]},
			"faces": {
				"north": {"uv": [8, 1.25, 7.75, 2.75], "texture": "#2"},
				"east": {"uv": [8.25, 1.25, 8, 2.75], "texture": "#2"},
				"south": {"uv": [8.5, 1.25, 8.25, 2.75], "texture": "#2"},
				"west": {"uv": [7.75, 1.25, 7.5, 2.75], "texture": "#2"},
				"up": {"uv": [7.75, 1.25, 8, 1], "texture": "#2"},
				"down": {"uv": [8, 1, 8.25, 1.25], "texture": "#2"}
			}
		},
		{
			"from": [7.481, 6, 11.65685],
			"to": [8.501, 8, 13.65685],
			"shade": false,
			"light_emission": 8,
			"rotation": {"angle": 45, "axis": "x", "origin": [8, 8, 13.65685]},
			"faces": {
				"north": {"uv": [6.25, 8.25, 6, 8.75], "texture": "#2"},
				"east": {"uv": [6.75, 8.25, 6.25, 8.75], "texture": "#2"},
				"south": {"uv": [7, 8.25, 6.75, 8.75], "texture": "#2"},
				"west": {"uv": [6, 8.25, 5.5, 8.75], "texture": "#2"},
				"up": {"uv": [6, 8.25, 6.25, 7.75], "texture": "#2"},
				"down": {"uv": [6.25, 7.75, 6.5, 8.25], "texture": "#2"}
			}
		},
		{
			"from": [7.481, 7, 2.75736],
			"to": [8.501, 9, 4.75736],
			"shade": false,
			"light_emission": 8,
			"rotation": {"angle": -45, "axis": "x", "origin": [7.991, 8, 3.75736]},
			"faces": {
				"north": {"uv": [7.75, 8.25, 7.5, 8.75], "texture": "#2"},
				"east": {"uv": [8.25, 8.25, 7.75, 8.75], "texture": "#2"},
				"south": {"uv": [8.5, 8.25, 8.25, 8.75], "texture": "#2"},
				"west": {"uv": [7.5, 8.25, 7, 8.75], "texture": "#2"},
				"up": {"uv": [7.5, 8.25, 7.75, 7.75], "texture": "#2"},
				"down": {"uv": [7.75, 7.75, 8, 8.25], "texture": "#2"}
			}
		},
		{
			"name": "cube_outline",
			"from": [9.2, 2.2, 9.2],
			"to": [6.8, -0.2, 6.8],
			"rotation": {"angle": 45, "axis": "x", "origin": [8, 1, 8]},
			"faces": {
				"north": {"uv": [6, 4, 7, 5], "texture": "#1"},
				"east": {"uv": [5, 9, 6, 10], "texture": "#1"},
				"south": {"uv": [6, 9, 7, 10], "texture": "#1"},
				"west": {"uv": [9, 7, 10, 8], "texture": "#1"},
				"up": {"uv": [9, 10, 8, 9], "texture": "#1"},
				"down": {"uv": [10, 9, 9, 10], "texture": "#1"}
			}
		},
		{
			"name": "cube_outline",
			"from": [8.7, 7.2, 8.7],
			"to": [7.3, 0.8, 7.3],
			"rotation": {"angle": -45, "axis": "y", "origin": [8, 4, 8]},
			"faces": {
				"north": {"uv": [2.5, 9, 3, 12], "texture": "#1"},
				"east": {"uv": [3, 9, 3.5, 12], "texture": "#1"},
				"south": {"uv": [3.5, 9, 4, 12], "texture": "#1"},
				"west": {"uv": [4, 9, 4.5, 12], "texture": "#1"},
				"up": {"uv": [6.5, 5.5, 6, 5], "texture": "#1"},
				"down": {"uv": [7, 5, 6.5, 5.5], "texture": "#1"}
			}
		},
		{
			"name": "cube_outline",
			"from": [9.2, 10.2, 10.2],
			"to": [6.8, 5.8, 5.8],
			"rotation": {"angle": 45, "axis": "x", "origin": [8, 8, 8]},
			"faces": {
				"north": {"uv": [8, 0, 9, 2], "texture": "#1"},
				"east": {"uv": [6, 0, 8, 2], "texture": "#1"},
				"south": {"uv": [8, 2, 9, 4], "texture": "#1"},
				"west": {"uv": [6, 2, 8, 4], "texture": "#1"},
				"up": {"uv": [9, 6, 8, 4], "texture": "#1"},
				"down": {"uv": [9, 6, 8, 8], "texture": "#1"}
			}
		},
		{
			"name": "cube_outline",
			"from": [8.719, 9.2, 4.95736],
			"to": [7.299, 6.8, 2.55736],
			"rotation": {"angle": -45, "axis": "x", "origin": [8.009, 8, 3.75736]},
			"faces": {
				"north": {"uv": [7.5, 9.65, 8, 10.5], "texture": "#1"},
				"east": {"uv": [9.5, 2, 10.5, 3], "texture": "#1"},
				"south": {"uv": [10, 4, 10.5, 5], "texture": "#1"},
				"west": {"uv": [9.5, 3, 10.5, 4], "texture": "#1"},
				"up": {"uv": [5.5, 10.825, 5, 10], "texture": "#1"},
				"down": {"uv": [10.5, 5, 10, 6], "texture": "#1"}
			}
		},
		{
			"name": "cube_outline",
			"from": [8.7, 8.7, 11.375],
			"to": [7.3, 7.3, 4.575],
			"rotation": {"angle": 0, "axis": "y", "origin": [8, 12, 7.675]},
			"faces": {
				"north": {"uv": [5.5, 10, 6, 10.5], "texture": "#1"},
				"east": {"uv": [8, 8, 12, 8.5], "texture": "#1"},
				"south": {"uv": [6, 10, 6.5, 10.5], "texture": "#1"},
				"west": {"uv": [8, 8.5, 12, 9], "texture": "#1"},
				"up": {"uv": [0.5, 13, 0, 9], "texture": "#1"},
				"down": {"uv": [9.5, 0, 9, 4], "texture": "#1"}
			}
		},
		{
			"name": "cube_outline",
			"from": [8.7, 19.7, 11.2],
			"to": [7.3, 8.3, 4.8],
			"rotation": {"angle": 0, "axis": "y", "origin": [7.5, 12.5, 7.5]},
			"faces": {
				"north": {"uv": [7, 4, 7.5, 9.425], "texture": "#1"},
				"east": {"uv": [0, 0, 3, 5.5], "texture": "#1"},
				"south": {"uv": [7.5, 4, 8, 9.4125], "texture": "#1"},
				"west": {"uv": [3, 0, 6, 5.5], "texture": "#1"},
				"up": {"uv": [9.5, 7, 9, 4], "texture": "#1"},
				"down": {"uv": [5, 9, 4.5, 12], "texture": "#1"}
			}
		},
		{
			"name": "cube_outline",
			"from": [8.708, 24.27843, 11.2],
			"to": [7.299, 16.87843, 3.8],
			"rotation": {"angle": 45, "axis": "x", "origin": [8, 20.07843, 8]},
			"faces": {
				"north": {"uv": [0.5, 9.925, 1, 12.5], "texture": "#1"},
				"east": {"uv": [0, 5.5, 3.5, 9], "texture": "#1"},
				"south": {"uv": [1, 9, 1.5, 12.5], "texture": "#1"},
				"west": {"uv": [3.5, 5.5, 7, 9], "texture": "#1"},
				"up": {"uv": [2, 9.95, 1.5, 12.5], "texture": "#1"},
				"down": {"uv": [2.5, 9, 2, 12.5], "texture": "#1"}
			}
		},
		{
			"name": "cube_outline",
			"from": [8.701, 9.2, 13.44264],
			"to": [7.281, 6.8, 11.04264],
			"rotation": {"angle": 45, "axis": "x", "origin": [7.991, 8, 12.24264]},
			"faces": {
				"north": {"uv": [10, 5, 10.5, 6], "rotation": 180, "texture": "#1"},
				"east": {"uv": [10.5, 3, 9.5, 4], "rotation": 270, "texture": "#1"},
				"south": {"uv": [5, 10.825, 5.5, 10], "texture": "#1"},
				"west": {"uv": [10.5, 2, 9.5, 3], "rotation": 90, "texture": "#1"},
				"up": {"uv": [8, 9.65, 7.5, 10.5], "rotation": 180, "texture": "#1"},
				"down": {"uv": [10.5, 4, 10, 5], "texture": "#1"}
			}
		},
		{
			"name": "cube_outline",
			"from": [8.719, 9.2, 13.44264],
			"to": [7.299, 6.8, 11.04264],
			"rotation": {"angle": 45, "axis": "x", "origin": [8.009, 8, 12.24264]},
			"faces": {
				"north": {"uv": [10.5, 5, 10, 6], "rotation": 180, "texture": "#1"},
				"east": {"uv": [10.5, 3, 9.5, 2], "rotation": 90, "texture": "#1"},
				"south": {"uv": [5.5, 10.825, 5, 10], "texture": "#1"},
				"west": {"uv": [10.5, 4, 9.5, 3], "rotation": 270, "texture": "#1"},
				"up": {"uv": [7.5, 9.65, 8, 10.5], "rotation": 180, "texture": "#1"},
				"down": {"uv": [10, 4, 10.5, 5], "texture": "#1"}
			}
		},
		{
			"name": "cube_outline",
			"from": [8.7, 7.2, 8.7],
			"to": [7.3, 0.8, 7.3],
			"rotation": {"angle": 45, "axis": "y", "origin": [8, 4, 8]},
			"faces": {
				"north": {"uv": [3, 9, 2.5, 12], "texture": "#1"},
				"east": {"uv": [4.5, 9, 4, 12], "texture": "#1"},
				"south": {"uv": [4, 9, 3.5, 12], "texture": "#1"},
				"west": {"uv": [3.5, 9, 3, 12], "texture": "#1"},
				"up": {"uv": [6, 5.5, 6.5, 5], "texture": "#1"},
				"down": {"uv": [6.5, 5, 7, 5.5], "texture": "#1"}
			}
		},
		{
			"name": "cube_outline",
			"from": [8.701, 9.2, 4.95736],
			"to": [7.281, 6.8, 2.55736],
			"rotation": {"angle": -45, "axis": "x", "origin": [7.991, 8, 3.75736]},
			"faces": {
				"north": {"uv": [8, 9.65, 7.5, 10.5], "texture": "#1"},
				"east": {"uv": [10.5, 3, 9.5, 4], "texture": "#1"},
				"south": {"uv": [10.5, 4, 10, 5], "texture": "#1"},
				"west": {"uv": [10.5, 2, 9.5, 3], "texture": "#1"},
				"up": {"uv": [5, 10.825, 5.5, 10], "texture": "#1"},
				"down": {"uv": [10, 5, 10.5, 6], "texture": "#1"}
			}
		}
	],
	"display": {
		"thirdperson_righthand": {
			"translation": [-0.5, 1.75, 2],
			"scale": [0.85, 0.85, 0.85]
		},
		"thirdperson_lefthand": {
			"translation": [-0.5, 1.75, 2],
			"scale": [0.85, 0.85, 0.85]
		},
		"firstperson_righthand": {
			"rotation": [13.82, -6.35, -6.85],
			"translation": [1.75, 1.75, 0],
			"scale": [0.55, 0.55, 0.55]
		},
		"firstperson_lefthand": {
			"rotation": [13.82, -6.35, -6.85],
			"translation": [1.75, 1.75, 0],
			"scale": [0.55, 0.55, 0.55]
		},
		"ground": {
			"rotation": [-45, 0, 0],
			"translation": [0, 2, 0],
			"scale": [0.5, 0.5, 0.5]
		},
		"gui": {
			"rotation": [35.89, 49.3, -67.72],
			"translation": [-2.5, -3, 0],
			"scale": [0.7, 0.7, 0.7]
		},
		"fixed": {
			"rotation": [-90, 45, 90],
			"translation": [4.25, -4.25, 0]
		},
		"on_shelf": {
			"rotation": [0, 90, 0]
		}
	},
	"groups": [
		{
			"name": "group",
			"origin": [8, 1, 8],
			"color": 0,
			"children": [0, 1, 2, 3, 4, 5, 6, 7, 8, 9, 10]
		},
		{
			"name": "group",
			"origin": [8, 1, 8],
			"color": 0,
			"children": [11, 12, 13, 14, 15, 16, 17, 18, 19, 20, 21]
		}
	],
	"credits": "Blockbench"
}