{
	"format_version": "1.21.6",
	"credit": "davka",
	"texture_size": [32, 32],
	"textures": {
		"0": "block/enchanted/enchanted_diamond_axe",
		"1": "block/glint/enchanted_diamond_axe_glint_fp",
		"particle": "block/enchanted/enchanted_diamond_axe"
	},
	"elements": [
		{
			"from": [7.23995, 2, 7.31871],
			"to": [8.63995, 15.5, 8.71871],
			"shade": false,
			"light_emission": 8,
			"rotation": {"angle": -45, "axis": "y", "origin": [7.98995, 7.91421, 8.06871]},
			"faces": {
				"north": {"uv": [8, 0, 8.5, 7], "texture": "#0"},
				"east": {"uv": [8, 7, 8.5, 14], "texture": "#0"},
				"south": {"uv": [8.5, 0, 9, 7], "texture": "#0"},
				"west": {"uv": [3, 8.5, 3.5, 15.5], "texture": "#0"},
				"up": {"uv": [11.5, 6.5, 11, 6], "texture": "#0"},
				"down": {"uv": [11.5, 6.5, 11, 7], "texture": "#0"}
			}
		},
		{
			"from": [7.76741, 18.32, 7.509],
			"to": [11.76741, 22.32, 8.499],
			"shade": false,
			"light_emission": 8,
			"rotation": {"angle": 0, "axis": "y", "origin": [4.76741, 19.2, 7.50805]},
			"faces": {
				"north": {"uv": [3.5, 5, 5.5, 7], "texture": "#0"},
				"east": {"uv": [7.5, 5, 8, 7], "texture": "#0"},
				"south": {"uv": [5.5, 5, 3.5, 7], "texture": "#0"},
				"west": {"uv": [2.5, 9.5, 3, 11.5], "texture": "#0"},
				"up": {"uv": [12, 10, 10, 9.5], "texture": "#0"},
				"down": {"uv": [12.5, 3, 10.5, 3.5], "texture": "#0"}
			}
		},
		{
			"from": [10.76741, 16.32, 7.508],
			"to": [17.76741, 23.32, 8.509],
			"shade": false,
			"light_emission": 8,
			"rotation": {"angle": 45, "axis": "z", "origin": [13.76741, 20.32, 8.0085]},
			"faces": {
				"north": {"uv": [0, 0, 3.5, 3.5], "texture": "#0"},
				"east": {"uv": [7.5, 8.5, 8, 12], "texture": "#0"},
				"south": {"uv": [3.5, 0, 0, 3.5], "texture": "#0"},
				"west": {"uv": [2, 9.5, 2.5, 13], "texture": "#0"},
				"up": {"uv": [13.5, 7.5, 10, 7], "texture": "#0"},
				"down": {"uv": [13.5, 7.5, 10, 8], "texture": "#0"}
			}
		},
		{
			"from": [9.81766, 21.26975, 7.508],
			"to": [12.81766, 24.26975, 8.509],
			"shade": false,
			"light_emission": 8,
			"rotation": {"angle": 45, "axis": "z", "origin": [8.81766, 25.26975, 8.0085]},
			"faces": {
				"north": {"uv": [9, 0, 10.5, 1.5], "texture": "#0"},
				"east": {"uv": [10.5, 3.5, 11, 5], "texture": "#0"},
				"south": {"uv": [10.5, 0, 9, 1.5], "texture": "#0"},
				"west": {"uv": [3.5, 11, 4, 12.5], "texture": "#0"},
				"up": {"uv": [12, 5.5, 10.5, 5], "texture": "#0"},
				"down": {"uv": [12, 5.5, 10.5, 6], "texture": "#0"}
			}
		},
		{
			"from": [13.3532, 12.83472, 7.508],
			"to": [16.3532, 15.83472, 8.509],
			"shade": false,
			"light_emission": 8,
			"rotation": {"angle": 45, "axis": "z", "origin": [12.3532, 11.83472, 8.0085]},
			"faces": {
				"north": {"uv": [9, 3, 10.5, 4.5], "texture": "#0"},
				"east": {"uv": [11, 3.5, 11.5, 5], "texture": "#0"},
				"south": {"uv": [10.5, 3, 9, 4.5], "texture": "#0"},
				"west": {"uv": [4, 11, 4.5, 12.5], "texture": "#0"},
				"up": {"uv": [6, 11.5, 4.5, 11], "texture": "#0"},
				"down": {"uv": [7.5, 11, 6, 11.5], "texture": "#0"}
			}
		},
		{
			"from": [5.51421, 17.81447, 6.50879],
			"to": [10.51421, 22.81447, 9.50979],
			"shade": false,
			"light_emission": 8,
			"rotation": {"angle": 45, "axis": "z", "origin": [8.01421, 20.31447, 8.00929]},
			"faces": {
				"north": {"uv": [3.5, 0, 6, 2.5], "texture": "#0"},
				"east": {"uv": [0, 7, 1.5, 9.5], "texture": "#0"},
				"south": {"uv": [3.5, 2.5, 6, 5], "texture": "#0"},
				"west": {"uv": [1.5, 7, 3, 9.5], "texture": "#0"},
				"up": {"uv": [5.5, 8.5, 3, 7], "texture": "#0"},
				"down": {"uv": [8, 7, 5.5, 8.5], "texture": "#0"}
			}
		},
		{
			"from": [3.68921, 17.81447, 7.08379],
			"to": [7.68921, 21.81447, 9.08479],
			"shade": false,
			"light_emission": 8,
			"rotation": {"angle": 45, "axis": "z", "origin": [5.18921, 20.31447, 7.58429]},
			"faces": {
				"north": {"uv": [6, 0, 8, 2], "texture": "#0"},
				"east": {"uv": [0, 9.5, 1, 11.5], "texture": "#0"},
				"south": {"uv": [6, 2, 8, 4], "texture": "#0"},
				"west": {"uv": [1, 9.5, 2, 11.5], "texture": "#0"},
				"up": {"uv": [8, 5, 6, 4], "texture": "#0"},
				"down": {"uv": [11, 6, 9, 7], "texture": "#0"}
			}
		},
		{
			"from": [6.5, 0.5, 7],
			"to": [9, 3, 9],
			"shade": false,
			"light_emission": 8,
			"rotation": {"angle": 45, "axis": "z", "origin": [8, 2, 8]},
			"faces": {
				"north": {"uv": [8.5, 7, 10, 8.5], "texture": "#0"},
				"east": {"uv": [10, 8, 11, 9.5], "texture": "#0"},
				"south": {"uv": [8.5, 8.5, 10, 10], "texture": "#0"},
				"west": {"uv": [8.5, 10, 9.5, 11.5], "texture": "#0"},
				"up": {"uv": [11, 11, 9.5, 10], "texture": "#0"},
				"down": {"uv": [12, 0, 10.5, 1], "texture": "#0"}
			}
		},
		{
			"from": [7.26421, 11.65, 6.89445],
			"to": [9.26421, 18.65, 8.89445],
			"shade": false,
			"light_emission": 8,
			"rotation": {"angle": -45, "axis": "y", "origin": [8.01421, 3.70343, 7.64445]},
			"faces": {
				"north": {"uv": [11, 10, 12, 13.5], "texture": "#0"},
				"east": {"uv": [12, 10, 13, 13.5], "texture": "#0"},
				"south": {"uv": [13, 10, 14, 13.5], "texture": "#0"},
				"west": {"uv": [14, 10, 15, 13.5], "texture": "#0"},
				"up": {"uv": [11.5, 2, 10.5, 1], "texture": "#0"},
				"down": {"uv": [11.5, 2, 10.5, 3], "texture": "#0"}
			}
		},
		{
			"name": "cube_outline",
			"from": [7.88921, 22.01447, 9.28479],
			"to": [3.48921, 17.61447, 6.88379],
			"rotation": {"angle": 45, "axis": "z", "origin": [5.18921, 20.31447, 7.58429]},
			"faces": {
				"north": {"uv": [7.5, 0, 9.5, 2], "texture": "#1"},
				"east": {"uv": [10.5, 7.5, 11.5, 9.5], "texture": "#1"},
				"south": {"uv": [7.5, 2, 9.5, 4], "texture": "#1"},
				"west": {"uv": [10.5, 9.5, 11.5, 11.5], "texture": "#1"},
				"up": {"uv": [9, 12, 7, 11], "texture": "#1"},
				"down": {"uv": [13.5, 7.5, 11.5, 8.5], "texture": "#1"}
			}
		},
		{
			"name": "cube_outline",
			"from": [9.2, 3.2, 9.2],
			"to": [6.3, 0.3, 6.8],
			"rotation": {"angle": 45, "axis": "z", "origin": [8, 2, 8]},
			"faces": {
				"north": {"uv": [7, 9.5, 8.5, 11], "texture": "#1"},
				"east": {"uv": [12, 3, 13, 4.5], "texture": "#1"},
				"south": {"uv": [0, 10.5, 1.5, 12], "texture": "#1"},
				"west": {"uv": [4, 12, 5, 13.5], "texture": "#1"},
				"up": {"uv": [9, 7, 7.5, 6], "texture": "#1"},
				"down": {"uv": [13.5, 4.5, 12, 5.5], "texture": "#1"}
			}
		},
		{
			"name": "cube_outline",
			"from": [8.83995, 16.2, 8.91871],
			"to": [7.03995, 1.8, 7.11871],
			"rotation": {"angle": -45, "axis": "y", "origin": [7.98995, 7.91421, 8.06871]},
			"faces": {
				"north": {"uv": [0, 3.5, 1, 10.5], "texture": "#1"},
				"east": {"uv": [3.5, 0, 4.5, 7], "texture": "#1"},
				"south": {"uv": [1, 3.5, 2, 10.5], "texture": "#1"},
				"west": {"uv": [2, 3.5, 3, 10.5], "texture": "#1"},
				"up": {"uv": [13.5, 9.5, 12.5, 8.5], "texture": "#1"},
				"down": {"uv": [13.5, 9.5, 12.5, 10.5], "texture": "#1"}
			}
		},
		{
			"name": "cube_outline",
			"from": [9.07416, 20.49609, 9.54294],
			"to": [9.07416, 16.49609, 7.74294],
			"rotation": {"angle": -45, "axis": "y", "origin": [9.07416, 18.49609, 8.64294]},
			"faces": {
				"north": {"uv": [0, 0, 0, 2], "texture": "#1"},
				"east": {"uv": [9, 11, 10, 13], "texture": "#1"},
				"south": {"uv": [0, 0, 0, 2], "texture": "#1"},
				"west": {"uv": [11.5, 8.5, 12.5, 10.5], "texture": "#1"},
				"up": {"uv": [0, 1, 0, 0], "texture": "#1"},
				"down": {"uv": [0, 0, 0, 1], "texture": "#1"}
			}
		},
		{
			"name": "cube_outline",
			"from": [9.46421, 20.49609, 6.70229],
			"to": [7.66421, 16.49609, 6.70229],
			"rotation": {"angle": -45, "axis": "y", "origin": [8.01421, 5.34952, 7.65229]},
			"faces": {
				"north": {"uv": [10, 11.5, 11, 13.5], "texture": "#1"},
				"east": {"uv": [0, 0, 0, 2], "texture": "#1"},
				"south": {"uv": [11.5, 10.5, 12.5, 12.5], "texture": "#1"},
				"west": {"uv": [0, 0, 0, 2], "texture": "#1"},
				"up": {"uv": [1, 0, 0, 0], "texture": "#1"},
				"down": {"uv": [1, 0, 0, 0], "texture": "#1"}
			}
		},
		{
			"name": "cube_outline",
			"from": [9.46421, 16.49609, 9.10229],
			"to": [7.06421, 11.49609, 6.70229],
			"rotation": {"angle": -45, "axis": "y", "origin": [8.01421, 5.34952, 7.65229]},
			"faces": {
				"north": {"uv": [9.5, 3, 10.5, 5.5], "texture": "#1"},
				"east": {"uv": [4, 9.5, 5, 12], "texture": "#1"},
				"south": {"uv": [5, 9.5, 6, 12], "texture": "#1"},
				"west": {"uv": [6, 9.5, 7, 12], "texture": "#1"},
				"up": {"uv": [13.5, 11.5, 12.5, 10.5], "texture": "#1"},
				"down": {"uv": [12.5, 12.5, 11.5, 13.5], "texture": "#1"}
			}
		},
		{
			"name": "cube_outline",
			"from": [8.3635, 20.49609, 6.70159],
			"to": [6.5635, 16.49609, 6.70159],
			"rotation": {"angle": 45, "axis": "y", "origin": [8.0135, 5.34952, 7.65159]},
			"faces": {
				"north": {"uv": [0, 12, 1, 14], "texture": "#1"},
				"east": {"uv": [0, 0, 0, 2], "texture": "#1"},
				"south": {"uv": [12, 0, 13, 2], "texture": "#1"},
				"west": {"uv": [0, 0, 0, 2], "texture": "#1"},
				"up": {"uv": [1, 0, 0, 0], "texture": "#1"},
				"down": {"uv": [1, 0, 0, 0], "texture": "#1"}
			}
		},
		{
			"name": "cube_outline",
			"from": [6.95355, 20.49609, 9.54224],
			"to": [6.95355, 16.49609, 7.74224],
			"rotation": {"angle": 45, "axis": "y", "origin": [6.95355, 18.49609, 8.64224]},
			"faces": {
				"north": {"uv": [0, 0, 0, 2], "texture": "#1"},
				"east": {"uv": [1, 12, 2, 14], "texture": "#1"},
				"south": {"uv": [0, 0, 0, 2], "texture": "#1"},
				"west": {"uv": [2, 12, 3, 14], "texture": "#1"},
				"up": {"uv": [0, 1, 0, 0], "texture": "#1"},
				"down": {"uv": [0, 0, 0, 1], "texture": "#1"}
			}
		},
		{
			"name": "cube_outline",
			"from": [11.96741, 22.52, 8.699],
			"to": [7.56741, 18.12, 7.309],
			"rotation": {"angle": 0, "axis": "y", "origin": [4.76741, 19.2, 7.50805]},
			"faces": {
				"north": {"uv": [7.5, 4, 9.5, 6], "texture": "#1"},
				"east": {"uv": [13, 0, 13.5, 2], "texture": "#1"},
				"south": {"uv": [7.5, 4, 9.5, 6], "texture": "#1"},
				"west": {"uv": [13, 5.5, 13.5, 7.5], "texture": "#1"},
				"up": {"uv": [14.6375, 3.5, 13, 3], "texture": "#1"},
				"down": {"uv": [14.6875, 3.5, 13, 4], "texture": "#1"}
			}
		},
		{
			"name": "cube_outline",
			"from": [17.96741, 23.52, 8.709],
			"to": [10.56741, 16.12, 7.308],
			"rotation": {"angle": 45, "axis": "z", "origin": [13.76741, 20.32, 8.0085]},
			"faces": {
				"north": {"uv": [3.5, 0, 0, 3.5], "texture": "#1"},
				"east": {"uv": [3, 3.3375, 3.5, 7], "texture": "#1"},
				"south": {"uv": [0, 0, 3.5, 3.5], "texture": "#1"},
				"west": {"uv": [11, 11.5, 11.5, 15], "texture": "#1"},
				"up": {"uv": [15.5, 2.5, 12, 2], "texture": "#1"},
				"down": {"uv": [15.5, 2.5, 12.15, 3], "texture": "#1"}
			}
		},
		{
			"name": "cube_outline",
			"from": [13.01766, 24.46975, 8.709],
			"to": [9.61766, 21.46975, 7.308],
			"rotation": {"angle": 45, "axis": "z", "origin": [8.81766, 25.26975, 8.0085]},
			"faces": {
				"north": {"uv": [10.5, 4.5, 12, 6], "texture": "#1"},
				"east": {"uv": [8.5, 9.5, 9, 11], "texture": "#1"},
				"south": {"uv": [10.5, 4.5, 12, 6], "texture": "#1"},
				"west": {"uv": [6, 13, 6.5, 14.5], "texture": "#1"},
				"up": {"uv": [14.5, 4.5, 13, 4], "texture": "#1"},
				"down": {"uv": [8, 13, 6.5, 13.5], "texture": "#1"}
			}
		},
		{
			"name": "cube_outline",
			"from": [10.71421, 23.01447, 9.70979],
			"to": [5.31421, 17.61447, 6.30879],
			"rotation": {"angle": 45, "axis": "z", "origin": [8.01421, 20.31447, 8.00929]},
			"faces": {
				"north": {"uv": [4, 7, 6.5, 9.5], "texture": "#1"},
				"east": {"uv": [9, 6, 10.5, 8.5], "texture": "#1"},
				"south": {"uv": [6.5, 7, 9, 9.5], "texture": "#1"},
				"west": {"uv": [9, 8.5, 10.5, 11], "texture": "#1"},
				"up": {"uv": [12, 1.5, 9.5, 0], "texture": "#1"},
				"down": {"uv": [12, 1.5, 9.5, 3], "texture": "#1"}
			}
		},
		{
			"name": "cube_outline",
			"from": [16.27035, 15.75188, 8.709],
			"to": [13.27035, 12.35188, 7.308],
			"rotation": {"angle": 45, "axis": "z", "origin": [12.07035, 11.55188, 8.0085]},
			"faces": {
				"north": {"uv": [10.5, 6, 12, 7.5], "texture": "#1"},
				"east": {"uv": [8, 13, 8.5, 14.5], "texture": "#1"},
				"south": {"uv": [10.5, 6, 12, 7.5], "texture": "#1"},
				"west": {"uv": [8.5, 13, 9, 14.5], "texture": "#1"},
				"up": {"uv": [15, 0.5, 13.5, 0], "texture": "#1"},
				"down": {"uv": [15, 0.5, 13.5, 1], "texture": "#1"}
			}
		}
	],
	"display": {
		"thirdperson_righthand": {
			"rotation": [0, 90, 0],
			"translation": [-0.5, -2, 1.75],
			"scale": [0.85, 0.85, 0.85]
		},
		"thirdperson_lefthand": {
			"rotation": [0, -90, 0],
			"translation": [-0.5, -1.5, 1.75],
			"scale": [0.85, 0.85, 0.85]
		},
		"firstperson_righthand": {
			"rotation": [56.05, 84.96, -44.68],
			"translation": [1.75, -0.5, 0],
			"scale": [0.55, 0.55, 0.55]
		},
		"firstperson_lefthand": {
			"rotation": [-56.05, -84.96, -62],
			"translation": [1.5, -0.5, 0],
			"scale": [0.55, 0.55, 0.55]
		},
		"ground": {
			"rotation": [12.74, 17, -28.36],
			"translation": [0, 1.75, 0],
			"scale": [0.4, 0.4, 0.4]
		},
		"gui": {
			"rotation": [140.93, 0.17, -143.26],
			"translation": [-2.25, -3, 0],
			"scale": [0.75, 0.75, 0.75]
		},
		"fixed": {
			"rotation": [0, 0, 45],
			"translation": [3.5, -3.75, 0],
			"scale": [0.9, 0.9, 0.9]
		}
	},
	"groups": [
		{
			"name": "group",
			"origin": [7.98995, 7.91421, 8.06871],
			"color": 0,
			"children": [0, 1, 2, 3, 4, 5, 6, 7, 8]
		},
		{
			"name": "group",
			"origin": [5.18921, 20.31447, 7.58429],
			"color": 0,
			"children": [
				9,
				10,
				11,
				{
					"name": "guard",
					"origin": [9.07416, 18.34609, 8.64294],
					"color": 0,
					"children": [12, 13, 14, 15, 16]
				},
				17,
				18,
				19,
				20,
				21
			]
		}
	]
}