{
	"format_version": "1.21.6",
	"credit": "davka",
	"texture_size": [32, 32],
	"textures": {
		"1": "block/enchanted/enchanted_diamond_shovel",
		"2": "block/glint/enchanted_diamond_shovel_fp",
		"particle": "block/enchanted/enchanted_diamond_shovel"
	},
	"elements": [
		{
			"from": [5.51421, 17.23947, 6.50879],
			"to": [10.51421, 22.23947, 9.50979],
			"shade": false,
			"light_emission": 8,
			"rotation": {"angle": 45, "axis": "z", "origin": [8.01421, 19.73947, 8.00929]},
			"faces": {
				"north": {"uv": [8.5, 5, 6, 7.5], "texture": "#1"},
				"east": {"uv": [6.5, 0, 8, 2.5], "texture": "#1"},
				"south": {"uv": [6, 5, 8.5, 7.5], "texture": "#1"},
				"west": {"uv": [6.5, 2.5, 8, 5], "texture": "#1"},
				"up": {"uv": [2.5, 8.5, 0, 7], "texture": "#1"},
				"down": {"uv": [5, 7.5, 2.5, 9], "texture": "#1"}
			}
		},
		{
			"from": [4.56421, 20.37526, 7.50879],
			"to": [11.51421, 27.32526, 8.50979],
			"shade": false,
			"light_emission": 8,
			"rotation": {"angle": 45, "axis": "z", "origin": [8.01421, 23.82526, 8.00929]},
			"faces": {
				"north": {"uv": [3.5, 3.5, 0, 7], "texture": "#1"},
				"east": {"uv": [1.5, 8.5, 2, 12], "texture": "#1"},
				"south": {"uv": [0, 3.5, 3.5, 7], "texture": "#1"},
				"west": {"uv": [2, 8.5, 2.5, 12], "texture": "#1"},
				"up": {"uv": [12, 7, 8.5, 6.5], "texture": "#1"},
				"down": {"uv": [12, 7, 8.5, 7.5], "texture": "#1"}
			}
		},
		{
			"from": [5.21421, 19.275, 7.51],
			"to": [10.81921, 24.275, 8.5],
			"shade": false,
			"light_emission": 8,
			"rotation": {"angle": 0, "axis": "z", "origin": [7.89447, 23.275, 8.00929]},
			"faces": {
				"north": {"uv": [6.5, 2.5, 3.5, 5], "texture": "#1"},
				"east": {"uv": [4, 9, 4.5, 11.5], "texture": "#1"},
				"south": {"uv": [3.5, 2.5, 6.5, 5], "texture": "#1"},
				"west": {"uv": [4.5, 9, 5, 11.5], "texture": "#1"},
				"up": {"uv": [12, 3, 9, 2.5], "texture": "#1"},
				"down": {"uv": [12, 3, 9, 3.5], "texture": "#1"}
			}
		},
		{
			"from": [7.26421, 12.8, 6.89445],
			"to": [9.26421, 19.8, 8.89445],
			"shade": false,
			"light_emission": 8,
			"rotation": {"angle": -45, "axis": "y", "origin": [8.01421, 4.85343, 7.64445]},
			"faces": {
				"north": {"uv": [5, 7.5, 6, 11], "texture": "#1"},
				"east": {"uv": [6, 7.5, 7, 11], "texture": "#1"},
				"south": {"uv": [7, 7.5, 8, 11], "texture": "#1"},
				"west": {"uv": [8, 0, 9, 3.5], "texture": "#1"},
				"up": {"uv": [9.5, 10, 8.5, 9], "texture": "#1"},
				"down": {"uv": [10.5, 3.5, 9.5, 4.5], "texture": "#1"}
			}
		},
		{
			"from": [7.23995, 2, 7.31871],
			"to": [8.63995, 16, 8.71871],
			"shade": false,
			"light_emission": 8,
			"rotation": {"angle": -45, "axis": "y", "origin": [7.98995, 7.91421, 8.06871]},
			"faces": {
				"north": {"uv": [8, 7.5, 8.5, 14.5], "texture": "#1"},
				"east": {"uv": [0.5, 8.5, 1, 15.5], "texture": "#1"},
				"south": {"uv": [0, 8.5, 0.5, 15.5], "texture": "#1"},
				"west": {"uv": [1, 8.5, 1.5, 15.5], "texture": "#1"},
				"up": {"uv": [3, 7.5, 2.5, 7], "texture": "#1"},
				"down": {"uv": [3.5, 7, 3, 7.5], "texture": "#1"}
			}
		},
		{
			"from": [6.5, 0.5, 7],
			"to": [9, 3, 9],
			"shade": false,
			"light_emission": 8,
			"rotation": {"angle": 45, "axis": "z", "origin": [8, 2, 8]},
			"faces": {
				"north": {"uv": [8, 3.5, 9.5, 5], "texture": "#1"},
				"east": {"uv": [8.5, 7.5, 9.5, 9], "texture": "#1"},
				"south": {"uv": [8.5, 5, 10, 6.5], "texture": "#1"},
				"west": {"uv": [9, 0, 10, 1.5], "texture": "#1"},
				"up": {"uv": [10.5, 2.5, 9, 1.5], "texture": "#1"},
				"down": {"uv": [4, 9, 2.5, 10], "texture": "#1"}
			}
		},
		{
			"name": "cube_outline",
			"from": [10.71421, 22.43947, 9.70979],
			"to": [5.31421, 17.03947, 6.30879],
			"rotation": {"angle": 45, "axis": "z", "origin": [8.01421, 19.73947, 8.00929]},
			"faces": {
				"north": {"uv": [1, 6, 3.5, 8.5], "texture": "#2"},
				"east": {"uv": [6.5, 0, 8, 2.5], "texture": "#2"},
				"south": {"uv": [3.5, 6, 1, 8.5], "texture": "#2"},
				"west": {"uv": [6.5, 2.5, 8, 5], "texture": "#2"},
				"up": {"uv": [9, 6.5, 6.5, 5], "texture": "#2"},
				"down": {"uv": [9, 6.5, 6.5, 8], "texture": "#2"}
			}
		},
		{
			"name": "cube_outline",
			"from": [11.71421, 27.52526, 8.70979],
			"to": [4.36421, 20.17526, 7.30879],
			"rotation": {"angle": 45, "axis": "z", "origin": [8.01421, 23.82526, 8.00929]},
			"faces": {
				"north": {"uv": [0, 0, 3.5, 3.5], "texture": "#2"},
				"east": {"uv": [8, 8, 8.5, 11.5], "texture": "#2"},
				"south": {"uv": [3.5, 0, 0, 3.5], "texture": "#2"},
				"west": {"uv": [1, 8.5, 1.5, 12], "texture": "#2"},
				"up": {"uv": [12, 8.5, 8.5, 8], "texture": "#2"},
				"down": {"uv": [12, 8.5, 8.5, 9], "texture": "#2"}
			}
		},
		{
			"name": "cube_outline",
			"from": [11.01921, 24.475, 8.7],
			"to": [5.01421, 19.075, 7.31],
			"rotation": {"angle": 0, "axis": "y", "origin": [7.89447, 23.275, 8.00929]},
			"faces": {
				"north": {"uv": [0, 3.5, 3, 6], "texture": "#2"},
				"east": {"uv": [3, 3.5, 3.5, 5.5125], "texture": "#2"},
				"south": {"uv": [3, 3.5, 0, 6], "texture": "#2"},
				"west": {"uv": [9, 5, 9.5, 7.0625], "texture": "#2"},
				"up": {"uv": [12, 0.5, 9, 0], "texture": "#2"},
				"down": {"uv": [12, 0.5, 9, 1], "texture": "#2"}
			}
		},
		{
			"name": "cube_outline",
			"from": [9.46421, 16.75, 9.09445],
			"to": [7.06421, 12.75, 6.69445],
			"rotation": {"angle": -45, "axis": "y", "origin": [8.01421, 1.60343, 7.64445]},
			"faces": {
				"north": {"uv": [3.5, 7, 4.5, 10.5], "texture": "#2"},
				"east": {"uv": [4.5, 7, 5.5, 10.5], "texture": "#2"},
				"south": {"uv": [5.5, 7, 6.5, 10.5], "texture": "#2"},
				"west": {"uv": [8, 0, 9, 3.5], "texture": "#2"},
				"up": {"uv": [9.5, 10, 8.5, 9], "texture": "#2"},
				"down": {"uv": [10.5, 3, 9.5, 4], "texture": "#2"}
			}
		},
		{
			"name": "cube_outline",
			"from": [9.07416, 20.75, 9.53369],
			"to": [9.07416, 16.75, 7.73369],
			"rotation": {"angle": -45, "axis": "y", "origin": [9.07416, 18.75, 8.63369]},
			"faces": {
				"north": {"uv": [8, 0, 9, 3.5], "texture": "#2"},
				"east": {"uv": [3.5, 10.5, 4.5, 14], "texture": "#2"},
				"south": {"uv": [4.5, 7, 5.5, 10.5], "texture": "#2"},
				"west": {"uv": [5.5, 7, 6.5, 10.5], "texture": "#2"},
				"up": {"uv": [9.5, 10, 8.5, 9], "rotation": 90, "texture": "#2"},
				"down": {"uv": [10.5, 3, 9.5, 4], "rotation": 270, "texture": "#2"}
			}
		},
		{
			"name": "cube_outline",
			"from": [9.46421, 20.75, 6.69304],
			"to": [7.66421, 16.75, 6.69304],
			"rotation": {"angle": -45, "axis": "y", "origin": [8.01421, 5.60343, 7.64304]},
			"faces": {
				"north": {"uv": [3.5, 10.5, 4.5, 14], "texture": "#2"},
				"east": {"uv": [4.5, 7, 5.5, 10.5], "texture": "#2"},
				"south": {"uv": [5.5, 7, 6.5, 10.5], "texture": "#2"},
				"west": {"uv": [8, 0, 9, 3.5], "texture": "#2"},
				"up": {"uv": [9.5, 10, 8.5, 9], "texture": "#2"},
				"down": {"uv": [10.5, 3, 9.5, 4], "texture": "#2"}
			}
		},
		{
			"name": "cube_outline",
			"from": [8.83995, 16.2, 8.91871],
			"to": [7.03995, 1.8, 7.11871],
			"rotation": {"angle": -45, "axis": "y", "origin": [7.98995, 7.91421, 8.06871]},
			"faces": {
				"north": {"uv": [3.5, 0, 4.5, 7], "texture": "#2"},
				"east": {"uv": [4.5, 0, 5.5, 7], "texture": "#2"},
				"south": {"uv": [5.5, 0, 6.5, 7], "texture": "#2"},
				"west": {"uv": [0, 6, 1, 13], "texture": "#2"},
				"up": {"uv": [10.5, 5, 9.5, 4], "texture": "#2"},
				"down": {"uv": [10.5, 5, 9.5, 6], "texture": "#2"}
			}
		},
		{
			"name": "cube_outline",
			"from": [6.92584, 20.75, 9.53369],
			"to": [6.92584, 16.75, 7.73369],
			"rotation": {"angle": 45, "axis": "y", "origin": [6.92584, 18.75, 8.63369]},
			"faces": {
				"north": {"uv": [9, 0, 8, 3.5], "texture": "#2"},
				"east": {"uv": [6.5, 7, 5.5, 10.5], "texture": "#2"},
				"south": {"uv": [5.5, 7, 4.5, 10.5], "texture": "#2"},
				"west": {"uv": [4.5, 10.5, 3.5, 14], "texture": "#2"},
				"up": {"uv": [9.5, 9, 8.5, 10], "rotation": 90, "texture": "#2"},
				"down": {"uv": [10.5, 4, 9.5, 3], "rotation": 270, "texture": "#2"}
			}
		},
		{
			"name": "cube_outline",
			"from": [8.33579, 20.75, 6.69304],
			"to": [6.53579, 16.75, 6.69304],
			"rotation": {"angle": 45, "axis": "y", "origin": [7.98579, 5.60343, 7.64304]},
			"faces": {
				"north": {"uv": [4.5, 10.5, 3.5, 14], "texture": "#2"},
				"east": {"uv": [9, 0, 8, 3.5], "texture": "#2"},
				"south": {"uv": [6.5, 7, 5.5, 10.5], "texture": "#2"},
				"west": {"uv": [5.5, 7, 4.5, 10.5], "texture": "#2"},
				"up": {"uv": [8.5, 10, 9.5, 9], "texture": "#2"},
				"down": {"uv": [9.5, 3, 10.5, 4], "texture": "#2"}
			}
		},
		{
			"name": "cube_outline",
			"from": [9.2, 3.2, 9.2],
			"to": [6.3, 0.3, 6.8],
			"rotation": {"angle": 45, "axis": "z", "origin": [8, 2, 8]},
			"faces": {
				"north": {"uv": [8, 3.5, 9.5, 5], "texture": "#2"},
				"east": {"uv": [1.5, 8.5, 2.5, 10], "texture": "#2"},
				"south": {"uv": [6.5, 8, 8, 9.5], "texture": "#2"},
				"west": {"uv": [2.5, 8.5, 3.5, 10], "texture": "#2"},
				"up": {"uv": [10.5, 2, 9, 1], "texture": "#2"},
				"down": {"uv": [10.5, 2, 9, 3], "texture": "#2"}
			}
		}
	],
	"display": {
		"thirdperson_righthand": {
			"rotation": [0, 90, 0],
			"translation": [-0.5, -2, 1.75],
			"scale": [0.85, 0.85, 0.85]
		},
		"thirdperson_lefthand": {
			"rotation": [0, -90, 0],
			"translation": [-0.5, -1.5, 1.75],
			"scale": [0.85, 0.85, 0.85]
		},
		"firstperson_righthand": {
			"rotation": [72.54, 85.63, -61.21],
			"translation": [1.75, -0.5, 0],
			"scale": [0.55, 0.55, 0.55]
		},
		"firstperson_lefthand": {
			"rotation": [-56.05, -84.96, -62],
			"translation": [1.5, -0.5, 0],
			"scale": [0.55, 0.55, 0.55]
		},
		"ground": {
			"rotation": [12.74, 17, -28.36],
			"translation": [0, 1.75, 0],
			"scale": [0.4, 0.4, 0.4]
		},
		"gui": {
			"rotation": [140.93, 0.17, -143.26],
			"translation": [-2.25, -3, 0],
			"scale": [0.75, 0.75, 0.75]
		},
		"fixed": {
			"rotation": [0, 0, 45],
			"translation": [3.5, -3.75, 0],
			"scale": [0.9, 0.9, 0.9]
		}
	},
	"groups": [
		{
			"name": "group",
			"origin": [8.01421, 19.73947, 8.00929],
			"color": 0,
			"children": [0, 1, 2, 3, 4, 5]
		},
		{
			"name": "group",
			"origin": [8.01421, 19.73947, 8.00929],
			"color": 0,
			"children": [6, 7, 8, 9, 10, 11, 12, 13, 14, 15]
		}
	]
}