{
	"format_version": "1.21.6",
	"credit": "Made with Blockbench",
	"texture_size": [64, 64],
	"textures": {
		"1": "block/glint/enchanted_golden_spear_glint_fp",
		"2": "block/enchanted/enchanted_golden_spear",
		"particle": "block/glint/enchanted_golden_spear_glint_fp"
	},
	"elements": [
		{
			"from": [6.98995, -13, 7.49371],
			"to": [8.98995, 17, 8.49371],
			"rotation": {"angle": 0, "axis": "y", "origin": [7.98995, -6.25, 7.99371]},
			"faces": {
				"north": {"uv": [0, 0, 0.5, 7.5], "texture": "#2"},
				"east": {"uv": [1, 1.5, 1.25, 9], "texture": "#2"},
				"south": {"uv": [0.5, 0, 1, 7.5], "texture": "#2"},
				"west": {"uv": [1.25, 1.5, 1.5, 9], "texture": "#2"},
				"up": {"uv": [2.25, 4.75, 1.75, 4.5], "texture": "#2"},
				"down": {"uv": [5, 2.5, 4.5, 2.75], "texture": "#2"}
			}
		},
		{
			"from": [6.51421, 15.8, 6.99445],
			"to": [9.51421, 24.8, 8.99445],
			"shade": false,
			"light_emission": 2,
			"rotation": {"angle": 0, "axis": "y", "origin": [8.26421, 11.85343, 7.74445]},
			"faces": {
				"north": {"uv": [1.5, 1.5, 2.25, 3.75], "texture": "#2"},
				"east": {"uv": [3, 0, 3.5, 2.25], "texture": "#2"},
				"south": {"uv": [2.25, 1.5, 3, 3.75], "texture": "#2"},
				"west": {"uv": [3, 2.25, 3.5, 4.5], "texture": "#2"},
				"up": {"uv": [4.5, 4, 3.75, 3.5], "texture": "#2"},
				"down": {"uv": [2.25, 4, 1.5, 4.5], "texture": "#2"}
			}
		},
		{
			"from": [11.51421, 20.8, 7.49445],
			"to": [13.51421, 23.8, 8.49445],
			"shade": false,
			"light_emission": 2,
			"rotation": {"angle": 0, "axis": "y", "origin": [13.26421, 8.85343, 8.24445]},
			"faces": {
				"north": {"uv": [3.5, 2.5, 4, 3.25], "texture": "#2"},
				"east": {"uv": [2.75, 4, 3, 4.75], "texture": "#2"},
				"south": {"uv": [4, 2.5, 3.5, 3.25], "texture": "#2"},
				"west": {"uv": [4.25, 1, 4.5, 1.75], "texture": "#2"},
				"up": {"uv": [4.75, 2, 4.25, 1.75], "texture": "#2"},
				"down": {"uv": [5, 1, 4.5, 1.25], "texture": "#2"}
			}
		},
		{
			"from": [6.51421, 23.8, 7.49445],
			"to": [13.51421, 29.8, 8.49445],
			"shade": false,
			"light_emission": 2,
			"rotation": {"angle": 0, "axis": "y", "origin": [10.26342, 13.85343, 8.24445]},
			"faces": {
				"north": {"uv": [1, 0, 2.75, 1.5], "texture": "#2"},
				"east": {"uv": [2.75, 0, 3, 1.5], "texture": "#2"},
				"south": {"uv": [2.75, 0, 1, 1.5], "texture": "#2"},
				"west": {"uv": [3.5, 3.25, 3.75, 4.75], "texture": "#2"},
				"up": {"uv": [5.25, 2.25, 3.5, 2], "texture": "#2"},
				"down": {"uv": [5.25, 2.25, 3.5, 2.5], "texture": "#2"}
			}
		},
		{
			"from": [5.51421, 29.8, 7.49445],
			"to": [11.51421, 31.8, 8.49445],
			"shade": false,
			"light_emission": 2,
			"rotation": {"angle": 0, "axis": "y", "origin": [10.26421, 16.85343, 8.24445]},
			"faces": {
				"north": {"uv": [3.5, 0, 5, 0.5], "texture": "#2"},
				"east": {"uv": [4.5, 1.25, 4.75, 1.75], "texture": "#2"},
				"south": {"uv": [5, 0, 3.5, 0.5], "texture": "#2"},
				"west": {"uv": [1.5, 4.5, 1.75, 5], "texture": "#2"},
				"up": {"uv": [3, 4, 1.5, 3.75], "texture": "#2"},
				"down": {"uv": [5.25, 3.25, 3.75, 3.5], "texture": "#2"}
			}
		},
		{
			"from": [6.5, -15.75, 7],
			"to": [9.5, -12.75, 9],
			"shade": false,
			"light_emission": 2,
			"rotation": {"angle": 45, "axis": "z", "origin": [8, -14.25, 8]},
			"faces": {
				"north": {"uv": [3.5, 0.5, 4.25, 1.25], "texture": "#2"},
				"east": {"uv": [2.25, 4, 2.75, 4.75], "texture": "#2"},
				"south": {"uv": [3.5, 1.25, 4.25, 2], "texture": "#2"},
				"west": {"uv": [4, 2.5, 4.5, 3.25], "texture": "#2"},
				"up": {"uv": [4.5, 4.5, 3.75, 4], "texture": "#2"},
				"down": {"uv": [5, 0.5, 4.25, 1], "texture": "#2"}
			}
		},
		{
			"name": "cube_outline",
			"from": [13.71421, 23.6, 8.69445],
			"to": [11.31421, 20.6, 7.29445],
			"rotation": {"angle": 0, "axis": "y", "origin": [13.26421, 8.45343, 8.24445]},
			"faces": {
				"north": {"uv": [3.5, 2.5, 4, 3.25], "texture": "#1"},
				"east": {"uv": [2.75, 4, 3, 4.75], "texture": "#1"},
				"south": {"uv": [3.5, 2.5, 4, 3.25], "texture": "#1"},
				"west": {"uv": [4.25, 1, 4.5, 1.75], "texture": "#1"},
				"up": {"uv": [4.75, 2, 4.25, 1.75], "texture": "#1"},
				"down": {"uv": [5, 1, 4.5, 1.25], "texture": "#1"}
			}
		},
		{
			"name": "cube_outline",
			"from": [13.71421, 30, 8.69445],
			"to": [6.31421, 23.6, 7.29445],
			"rotation": {"angle": 0, "axis": "y", "origin": [10.26342, 13.85343, 8.24445]},
			"faces": {
				"north": {"uv": [1, 0, 2.75, 1.5], "texture": "#1"},
				"east": {"uv": [2.75, 0, 3, 1.325], "texture": "#1"},
				"south": {"uv": [1, 0, 2.75, 1.5], "texture": "#1"},
				"west": {"uv": [3.5, 3.25, 3.75, 4.75], "texture": "#1"},
				"up": {"uv": [5.33125, 2.25, 3.5, 2], "texture": "#1"},
				"down": {"uv": [5.25, 2.25, 3.5, 2.5], "texture": "#1"}
			}
		},
		{
			"name": "cube_outline",
			"from": [11.71421, 32, 8.69445],
			"to": [5.31421, 29.6, 7.29445],
			"rotation": {"angle": 0, "axis": "y", "origin": [10.26421, 16.85343, 8.24445]},
			"faces": {
				"north": {"uv": [3.5, 0, 5, 0.5], "texture": "#1"},
				"east": {"uv": [4.5, 1.25, 4.75, 1.75], "texture": "#1"},
				"south": {"uv": [3.5, 0, 5, 0.5], "texture": "#1"},
				"west": {"uv": [1.5, 5.09375, 1.75, 4.5], "texture": "#1"},
				"up": {"uv": [3, 4, 1.5, 3.75], "texture": "#1"},
				"down": {"uv": [5.25, 3.25, 3.75, 3.5], "texture": "#1"}
			}
		},
		{
			"name": "cube_outline",
			"from": [9.18995, 17.2, 8.69371],
			"to": [6.78995, -13.2, 7.29371],
			"rotation": {"angle": 0, "axis": "y", "origin": [7.98995, -6.25, 7.99371]},
			"faces": {
				"north": {"uv": [0, 0, 0.5, 7.5], "texture": "#1"},
				"east": {"uv": [1, 1.5, 1.25, 9], "texture": "#1"},
				"south": {"uv": [0.5, 0, 1, 7.5], "texture": "#1"},
				"west": {"uv": [1.25, 1.5, 1.5, 9], "texture": "#1"},
				"up": {"uv": [2.25, 4.75, 1.75, 4.5], "texture": "#1"},
				"down": {"uv": [5, 2.5, 4.5, 2.75], "texture": "#1"}
			}
		},
		{
			"name": "cube_outline",
			"from": [9.71421, 25, 9.19445],
			"to": [6.31421, 15.6, 6.79445],
			"rotation": {"angle": 0, "axis": "y", "origin": [8.26421, 11.85343, 7.74445]},
			"faces": {
				"north": {"uv": [1.5, 1.5, 2.25, 3.75], "texture": "#1"},
				"east": {"uv": [3, 0, 3.5, 2.25], "texture": "#1"},
				"south": {"uv": [2.25, 1.5, 3, 3.75], "texture": "#1"},
				"west": {"uv": [3, 2.25, 3.5, 4.5], "texture": "#1"},
				"up": {"uv": [4.5, 4, 3.75, 3.5], "texture": "#1"},
				"down": {"uv": [2.25, 4, 1.5, 4.5], "texture": "#1"}
			}
		},
		{
			"name": "cube_outline",
			"from": [9.7, -12.55, 9.2],
			"to": [6.3, -15.95, 6.8],
			"rotation": {"angle": 45, "axis": "z", "origin": [8, -14.25, 8]},
			"faces": {
				"north": {"uv": [3.5, 0.5, 4.25, 1.25], "texture": "#1"},
				"east": {"uv": [2.25, 4, 2.75, 4.75], "texture": "#1"},
				"south": {"uv": [3.5, 1.25, 4.25, 2], "texture": "#1"},
				"west": {"uv": [4, 2.5, 4.5, 3.25], "texture": "#1"},
				"up": {"uv": [4.5, 4.5, 3.75, 4], "texture": "#1"},
				"down": {"uv": [5, 0.5, 4.25, 1], "texture": "#1"}
			}
		}
	],
	"display": {
		"thirdperson_righthand": {
			"rotation": [0, 90, 0],
			"translation": [-0.5, 1, 1.75],
			"scale": [0.85, 0.85, 0.85]
		},
		"thirdperson_lefthand": {
			"rotation": [0, -90, 0],
			"translation": [-0.5, 1, 1.75],
			"scale": [0.85, 0.85, 0.85]
		},
		"firstperson_righthand": {
			"rotation": [169.95, 83.26, 178.72],
			"translation": [1.5, 1.75, 0.75],
			"scale": [0.55, 0.55, 0.55]
		},
		"firstperson_lefthand": {
			"rotation": [126, -93, 135.52],
			"translation": [1.75, 1.25, 1.75],
			"scale": [0.55, 0.55, 0.55]
		},
		"ground": {
			"rotation": [12.74, 17, -28.36],
			"translation": [0, 6.5, 0],
			"scale": [0.4, 0.4, 0.4]
		},
		"gui": {
			"rotation": [140.93, 0.17, -143.26],
			"translation": [-5.25, -5.5, 0],
			"scale": [0.75, 0.75, 0.75]
		},
		"fixed": {
			"rotation": [0, 0, 45],
			"translation": [-0.5, 0.5, 0],
			"scale": [0.9, 0.9, 0.9]
		}
	},
	"groups": [
		0,
		1,
		{
			"name": "head",
			"origin": [10.26421, 8.45343, 7.74445],
			"color": 0,
			"children": [2, 3, 4]
		},
		5,
		{
			"name": "group",
			"origin": [13.26421, 9.05343, 8.24445],
			"color": 0,
			"children": [6, 7, 8, 9, 10, 11]
		}
	]
}