{
	"format_version": "1.21.6",
	"credit": "davka",
	"texture_size": [32, 32],
	"textures": {
		"1": "block/enchanted/enchanted_copper_pickaxe",
		"2": "block/glint/enchanted_copper_pickaxe_glint_fp",
		"particle": "block/glint/enchanted_copper_pickaxe_glint_fp"
	},
	"elements": [
		{
			"from": [6.98995, 2, 7.49371],
			"to": [8.98995, 15, 8.49371],
			"rotation": {"angle": 0, "axis": "y", "origin": [7.98995, 8.75, 7.99371]},
			"faces": {
				"north": {"uv": [5.5, 0.5, 6.5, 7], "texture": "#1"},
				"east": {"uv": [5, 0.5, 5.5, 7], "texture": "#1"},
				"south": {"uv": [5.5, 0.5, 6.5, 7], "texture": "#1"},
				"west": {"uv": [6.5, 0.5, 7, 7], "texture": "#1"},
				"up": {"uv": [6.5, 0.5, 5.5, 0], "texture": "#1"},
				"down": {"uv": [7.5, 0, 6.5, 0.5], "texture": "#1"}
			}
		},
		{
			"from": [6.51421, 11, 6.99445],
			"to": [9.51421, 23, 8.99445],
			"rotation": {"angle": 0, "axis": "y", "origin": [8.26421, 7.05343, 7.74445]},
			"faces": {
				"north": {"uv": [1, 1, 2.5, 7], "texture": "#1"},
				"east": {"uv": [0, 1, 1, 7], "texture": "#1"},
				"south": {"uv": [2.5, 1, 1, 7], "texture": "#1"},
				"west": {"uv": [2.5, 1, 3.5, 7], "texture": "#1"},
				"up": {"uv": [2.5, 1, 1, 0], "texture": "#1"},
				"down": {"uv": [4, 0, 2.5, 1], "texture": "#1"}
			}
		},
		{
			"from": [6.5, 0, 7],
			"to": [9.5, 3, 9],
			"rotation": {"angle": 0, "axis": "z", "origin": [8.75, 1.99645, 8]},
			"faces": {
				"north": {"uv": [9, 1, 10.5, 2.5], "texture": "#1"},
				"east": {"uv": [8, 1, 9, 2.5], "texture": "#1"},
				"south": {"uv": [11.5, 1, 13, 2.5], "texture": "#1"},
				"west": {"uv": [10.5, 1, 11.5, 2.5], "texture": "#1"},
				"up": {"uv": [10.5, 1, 9, 0], "texture": "#1"},
				"down": {"uv": [12, 0, 10.5, 1], "texture": "#1"}
			}
		},
		{
			"from": [8.51421, 19, 7.49445],
			"to": [13.51421, 22, 8.49445],
			"rotation": {"angle": -22.5, "axis": "z", "origin": [9.26421, 20.05343, 8.24445]},
			"faces": {
				"north": {"uv": [0.5, 7.5, 3, 9], "texture": "#1"},
				"east": {"uv": [0, 7.5, 0.5, 9], "texture": "#1"},
				"south": {"uv": [3, 7.5, 0.5, 9], "texture": "#1"},
				"west": {"uv": [3, 7.5, 3.5, 9], "texture": "#1"},
				"up": {"uv": [3, 7.5, 0.5, 7], "texture": "#1"},
				"down": {"uv": [5.5, 7, 3, 7.5], "texture": "#1"}
			}
		},
		{
			"from": [13.51421, 17, 7.49445],
			"to": [17.51421, 22, 8.49445],
			"rotation": {"angle": -22.5, "axis": "z", "origin": [9.26421, 20.05343, 8.24445]},
			"faces": {
				"north": {"uv": [6.5, 7.5, 8.5, 10], "texture": "#1"},
				"east": {"uv": [6, 7.5, 6.5, 10], "texture": "#1"},
				"south": {"uv": [8.5, 7.5, 6.5, 10], "texture": "#1"},
				"west": {"uv": [8.5, 7.5, 9, 10], "texture": "#1"},
				"up": {"uv": [8.5, 7.5, 6.5, 7], "texture": "#1"},
				"down": {"uv": [10.5, 7, 8.5, 7.5], "texture": "#1"}
			}
		},
		{
			"from": [2.58094, 19.47835, 7.49445],
			"to": [7.58094, 22.47835, 8.49445],
			"rotation": {"angle": 22.5, "axis": "z", "origin": [7.98579, 20.05343, 8.24445]},
			"faces": {
				"north": {"uv": [3, 7.5, 0.5, 9], "texture": "#1"},
				"east": {"uv": [3.5, 7.5, 3, 9], "texture": "#1"},
				"south": {"uv": [0.5, 7.5, 3, 9], "texture": "#1"},
				"west": {"uv": [0.5, 7.5, 0, 9], "texture": "#1"},
				"up": {"uv": [0.5, 7.5, 3, 7], "texture": "#1"},
				"down": {"uv": [3, 7, 5.5, 7.5], "texture": "#1"}
			}
		},
		{
			"from": [-1.41906, 17.47835, 7.49445],
			"to": [2.58094, 22.47835, 8.49445],
			"rotation": {"angle": 22.5, "axis": "z", "origin": [7.98579, 20.05343, 8.24445]},
			"faces": {
				"north": {"uv": [8.5, 7.5, 6.5, 10], "texture": "#1"},
				"east": {"uv": [9, 7.5, 8.5, 10], "texture": "#1"},
				"south": {"uv": [6.5, 7.5, 8.5, 10], "texture": "#1"},
				"west": {"uv": [6.5, 7.5, 6, 10], "texture": "#1"},
				"up": {"uv": [6.5, 7.5, 8.5, 7], "texture": "#1"},
				"down": {"uv": [8.5, 7, 10.5, 7.5], "texture": "#1"}
			}
		},
		{
			"name": "cube_outline",
			"from": [9.18995, 15.2, 8.69371],
			"to": [6.78995, 1.8, 7.29371],
			"rotation": {"angle": 0, "axis": "y", "origin": [7.98995, 8.75, 7.99371]},
			"faces": {
				"north": {"uv": [1.5, 0, 2.5, 6.5], "texture": "#2"},
				"east": {"uv": [4.5, 4, 5, 10.5], "texture": "#2"},
				"south": {"uv": [1.5, 0, 2.5, 6.5], "texture": "#2"},
				"west": {"uv": [5, 4, 5.5, 10.5], "texture": "#2"},
				"up": {"uv": [1, 6.5, 0, 6], "texture": "#2"},
				"down": {"uv": [7.5, 1, 6.5, 1.5], "texture": "#2"}
			}
		},
		{
			"name": "cube_outline",
			"from": [9.71421, 23.2, 9.19445],
			"to": [6.31421, 10.8, 6.79445],
			"rotation": {"angle": 0, "axis": "y", "origin": [8.26421, 7.05343, 7.74445]},
			"faces": {
				"north": {"uv": [0, 0, 1.5, 6], "texture": "#2"},
				"east": {"uv": [2.5, 0, 3.5, 6], "texture": "#2"},
				"south": {"uv": [0, 0, 1.5, 6], "texture": "#2"},
				"west": {"uv": [3.5, 0, 4.5, 6], "texture": "#2"},
				"up": {"uv": [7, 5, 5.5, 4], "texture": "#2"},
				"down": {"uv": [7, 5, 5.5, 6], "texture": "#2"}
			}
		},
		{
			"name": "cube_outline",
			"from": [9.7, 3.2, 9.2],
			"to": [6.3, -0.2, 6.8],
			"rotation": {"angle": 0, "axis": "y", "origin": [8.75, 1.99645, 8]},
			"faces": {
				"north": {"uv": [11.5, 1, 13, 2.5], "rotation": 180, "texture": "#2"},
				"east": {"uv": [10.5, 1, 11.5, 2.5], "rotation": 180, "texture": "#2"},
				"south": {"uv": [9, 1, 10.5, 2.5], "rotation": 180, "texture": "#2"},
				"west": {"uv": [8, 1, 9, 2.5], "rotation": 180, "texture": "#2"},
				"up": {"uv": [12, 0, 10.5, 1], "rotation": 180, "texture": "#2"},
				"down": {"uv": [10.5, 1, 9, 0], "rotation": 180, "texture": "#2"}
			}
		},
		{
			"name": "cube_outline",
			"from": [7.78094, 22.67835, 8.69445],
			"to": [2.78094, 19.27835, 7.29445],
			"rotation": {"angle": 22.5, "axis": "z", "origin": [7.98579, 20.05343, 8.24445]},
			"faces": {
				"north": {"uv": [0.5, 7.5, 3, 9], "rotation": 180, "texture": "#2"},
				"east": {"uv": [0.5, 7.5, 0, 9], "rotation": 180, "texture": "#2"},
				"south": {"uv": [3, 7.5, 0.5, 9], "rotation": 180, "texture": "#2"},
				"west": {"uv": [3.5, 7.5, 3, 9], "rotation": 180, "texture": "#2"},
				"up": {"uv": [6, 10, 8.5, 10.5], "rotation": 180, "texture": "#2"},
				"down": {"uv": [0.5, 7.5, 3, 7], "rotation": 180, "texture": "#2"}
			}
		},
		{
			"name": "cube_outline",
			"from": [2.78094, 22.67835, 8.69445],
			"to": [-1.61906, 17.27835, 7.29445],
			"rotation": {"angle": 22.5, "axis": "z", "origin": [7.98579, 20.05343, 8.24445]},
			"faces": {
				"north": {"uv": [6.5, 7.5, 8.5, 10], "rotation": 180, "texture": "#2"},
				"east": {"uv": [6.5, 7.5, 6, 10], "rotation": 180, "texture": "#2"},
				"south": {"uv": [8.5, 7.5, 6.5, 10], "rotation": 180, "texture": "#2"},
				"west": {"uv": [9, 8.675, 8.5, 10], "rotation": 180, "texture": "#2"},
				"up": {"uv": [8.5, 7, 10.5, 7.5], "rotation": 180, "texture": "#2"},
				"down": {"uv": [6.5, 7.5, 8.5, 7], "rotation": 180, "texture": "#2"}
			}
		},
		{
			"name": "cube_outline",
			"from": [13.21906, 22.67835, 8.69445],
			"to": [8.21906, 19.27835, 7.29445],
			"rotation": {"angle": -22.5, "axis": "z", "origin": [8.01421, 20.05343, 8.24445]},
			"faces": {
				"north": {"uv": [4.5, 2.5, 7, 4], "texture": "#2"},
				"east": {"uv": [3.5, 6, 4, 7.5], "texture": "#2"},
				"south": {"uv": [4.5, 2.5, 7, 4], "texture": "#2"},
				"west": {"uv": [4, 6, 4.5, 7.5], "texture": "#2"},
				"up": {"uv": [8, 6.5, 5.5, 6], "texture": "#2"},
				"down": {"uv": [2.5, 6.5, 0, 7], "texture": "#2"}
			}
		},
		{
			"name": "cube_outline",
			"from": [17.61906, 22.67835, 8.69445],
			"to": [13.21906, 17.27835, 7.29445],
			"rotation": {"angle": -22.5, "axis": "z", "origin": [8.01421, 20.05343, 8.24445]},
			"faces": {
				"north": {"uv": [4.5, 0, 6.5, 2.5], "texture": "#2"},
				"east": {"uv": [2.5, 6, 3, 7.35], "texture": "#2"},
				"south": {"uv": [4.5, 0, 6.5, 2.5], "texture": "#2"},
				"west": {"uv": [3, 6, 3.5, 8.5], "texture": "#2"},
				"up": {"uv": [8.5, 0.5, 6.5, 0], "texture": "#2"},
				"down": {"uv": [8.5, 0.5, 6.5, 1], "texture": "#2"}
			}
		},
		{
			"name": "cube_outline",
			"from": [9.21005, 15.2, 8.69371],
			"to": [6.81005, 1.8, 7.29371],
			"rotation": {"angle": 0, "axis": "y", "origin": [8.01005, 8.75, 7.99371]},
			"faces": {
				"north": {"uv": [2.5, 0, 1.5, 6.5], "texture": "#2"},
				"east": {"uv": [5.5, 4, 5, 10.5], "texture": "#2"},
				"south": {"uv": [2.5, 0, 1.5, 6.5], "texture": "#2"},
				"west": {"uv": [5, 4, 4.5, 10.5], "texture": "#2"},
				"up": {"uv": [0, 6.5, 1, 6], "texture": "#2"},
				"down": {"uv": [6.5, 1, 7.5, 1.5], "texture": "#2"}
			}
		},
		{
			"name": "cube_outline",
			"from": [9.68579, 23.2, 9.19445],
			"to": [6.28579, 10.8, 6.79445],
			"rotation": {"angle": 0, "axis": "y", "origin": [7.73579, 7.05343, 7.74445]},
			"faces": {
				"north": {"uv": [1.5, 0, 0, 6], "texture": "#2"},
				"east": {"uv": [4.5, 0, 3.5, 6], "texture": "#2"},
				"south": {"uv": [1.5, 0, 0, 6], "texture": "#2"},
				"west": {"uv": [3.5, 0, 2.5, 6], "texture": "#2"},
				"up": {"uv": [5.5, 5, 7, 4], "texture": "#2"},
				"down": {"uv": [5.5, 5, 7, 6], "texture": "#2"}
			}
		}
	],
	"display": {
		"thirdperson_righthand": {
			"rotation": [0, 90, 0],
			"translation": [-0.5, -2, 1.75],
			"scale": [0.85, 0.85, 0.85]
		},
		"thirdperson_lefthand": {
			"rotation": [0, -90, 0],
			"translation": [-0.5, -1.5, 1.75],
			"scale": [0.85, 0.85, 0.85]
		},
		"firstperson_righthand": {
			"rotation": [56.05, 84.96, -44.68],
			"translation": [1.75, -0.5, 0],
			"scale": [0.55, 0.55, 0.55]
		},
		"firstperson_lefthand": {
			"rotation": [-56.05, -84.96, -62],
			"translation": [1.5, -0.5, 0],
			"scale": [0.55, 0.55, 0.55]
		},
		"ground": {
			"rotation": [12.74, 17, -28.36],
			"translation": [0, 1.75, 0],
			"scale": [0.4, 0.4, 0.4]
		},
		"gui": {
			"rotation": [140.93, 0.17, -143.26],
			"translation": [-2.25, -3, 0],
			"scale": [0.75, 0.75, 0.75]
		},
		"fixed": {
			"rotation": [0, 0, 45],
			"translation": [3.5, -3.75, 0],
			"scale": [0.9, 0.9, 0.9]
		}
	},
	"groups": [
		{
			"name": "group",
			"origin": [10.26421, 8.45343, 7.74445],
			"color": 0,
			"children": [
				0,
				1,
				2,
				{
					"name": "head",
					"origin": [10.26421, 8.45343, 7.74445],
					"color": 0,
					"children": [3, 4]
				},
				{
					"name": "head",
					"origin": [10.26421, 8.45343, 7.74445],
					"color": 0,
					"children": [5, 6]
				}
			]
		},
		{
			"name": "group",
			"origin": [7.98995, 8.75, 7.99371],
			"color": 0,
			"children": [7, 8, 9, 10, 11, 12, 13]
		},
		{
			"name": "group",
			"origin": [8.01005, 8.75, 7.99371],
			"color": 0,
			"children": [14, 15]
		}
	]
}