{
	"format_version": "1.21.6",
	"credit": "davka",
	"texture_size": [32, 32],
	"textures": {
		"1": "block/glint/enchanted_wooden_sword_glint_fp",
		"2": "block/enchanted/enchanted_wooden_sword",
		"particle": "block/glint/enchanted_wooden_sword_glint_fp"
	},
	"elements": [
		{
			"name": "cube_outline",
			"from": [8.70629, 7.2, 9.18995],
			"to": [7.30629, 1.8, 6.78995],
			"rotation": {"angle": 0, "axis": "y", "origin": [8.00629, 8.75, 7.98995]},
			"faces": {
				"north": {"uv": [0, 9, 0.5, 11.5], "texture": "#1"},
				"east": {"uv": [8, 0, 9, 2.5], "texture": "#1"},
				"south": {"uv": [9, 0, 9.5, 2.5], "texture": "#1"},
				"west": {"uv": [8, 2.5, 9, 5], "texture": "#1"},
				"up": {"uv": [1, 10, 0.5, 9], "texture": "#1"},
				"down": {"uv": [1.5, 9, 1, 10], "texture": "#1"}
			}
		},
		{
			"name": "cube_outline",
			"from": [9.20629, 8.2, 12.2],
			"to": [6.80629, 6.8, 3.8],
			"rotation": {"angle": 0, "axis": "y", "origin": [8.50629, 9.75, 8]},
			"faces": {
				"north": {"uv": [1.5, 9, 2.5, 9.5], "texture": "#1"},
				"east": {"uv": [7, 8, 11, 8.5], "texture": "#1"},
				"south": {"uv": [2.5, 9, 3.5, 9.5], "texture": "#1"},
				"west": {"uv": [0, 8.5, 4, 9], "texture": "#1"},
				"up": {"uv": [8, 4, 7, 0], "texture": "#1"},
				"down": {"uv": [8, 4, 7, 8], "texture": "#1"}
			}
		},
		{
			"name": "cube_outline",
			"from": [8.70629, 24.2, 11.18995],
			"to": [7.30629, 6.8, 4.78995],
			"rotation": {"angle": 0, "axis": "y", "origin": [7.00629, 34.75, 8.98995]},
			"faces": {
				"north": {"uv": [6, 0, 6.5, 8.5], "texture": "#1"},
				"east": {"uv": [0, 0, 3, 8.5], "texture": "#1"},
				"south": {"uv": [6.5, 0, 7, 8.5], "texture": "#1"},
				"west": {"uv": [3, 0, 6, 8.5], "texture": "#1"},
				"up": {"uv": [4.5, 11.5, 4, 8.5], "texture": "#1"},
				"down": {"uv": [5, 8.5, 4.5, 11.5], "texture": "#1"}
			}
		},
		{
			"name": "cube_outline",
			"from": [9.2, 2.2, 9.7],
			"to": [6.8, -1.2, 6.3],
			"rotation": {"angle": 0, "axis": "y", "origin": [8, 0.99645, 8.75]},
			"faces": {
				"north": {"uv": [5, 8.5, 6, 10], "texture": "#1"},
				"east": {"uv": [8, 5, 9.5, 6.5], "texture": "#1"},
				"south": {"uv": [6, 8.5, 7, 10], "texture": "#1"},
				"west": {"uv": [8, 6.5, 9.5, 8], "texture": "#1"},
				"up": {"uv": [8, 10, 7, 8.5], "texture": "#1"},
				"down": {"uv": [9, 8.5, 8, 10], "texture": "#1"}
			}
		},
		{
			"from": [7.50629, 2, 6.98995],
			"to": [8.50629, 7, 8.98995],
			"shade": false,
			"rotation": {"angle": 0, "axis": "y", "origin": [8.00629, 8.75, 7.98995]},
			"faces": {
				"north": {"uv": [3, 8.5, 3.5, 11], "texture": "#2"},
				"east": {"uv": [1, 7.5, 2, 10], "texture": "#2"},
				"south": {"uv": [3.5, 8.5, 4, 11], "texture": "#2"},
				"west": {"uv": [2, 7.5, 3, 10], "texture": "#2"},
				"up": {"uv": [9, 5.5, 8.5, 4.5], "texture": "#2"},
				"down": {"uv": [9, 5.5, 8.5, 6.5], "texture": "#2"}
			}
		},
		{
			"from": [7.00629, 7, 4],
			"to": [9.00629, 8, 12],
			"shade": false,
			"rotation": {"angle": 0, "axis": "y", "origin": [8.50629, 9.75, 8]},
			"faces": {
				"north": {"uv": [4, 4, 5, 4.5], "texture": "#2"},
				"east": {"uv": [0, 4, 4, 4.5], "texture": "#2"},
				"south": {"uv": [9, 4, 10, 4.5], "texture": "#2"},
				"west": {"uv": [5, 4, 9, 4.5], "texture": "#2"},
				"up": {"uv": [5, 4, 4, 0], "texture": "#2"},
				"down": {"uv": [6, 0, 5, 4], "texture": "#2"}
			}
		},
		{
			"from": [7.50629, 7, 4.98995],
			"to": [8.50629, 24, 10.98995],
			"shade": false,
			"rotation": {"angle": 0, "axis": "y", "origin": [7.00629, 34.75, 8.98995]},
			"faces": {
				"north": {"uv": [15, 0, 15.5, 8.5], "texture": "#2"},
				"east": {"uv": [8, 4.5, 5, 13], "texture": "#2"},
				"south": {"uv": [15.5, 0, 16, 8.5], "texture": "#2"},
				"west": {"uv": [5, 4.5, 8, 13], "texture": "#2"},
				"up": {"uv": [8.5, 7.5, 8, 4.5], "texture": "#2"},
				"down": {"uv": [9, 4.5, 8.5, 7.5], "texture": "#2"}
			}
		},
		{
			"from": [7, -1, 6.5],
			"to": [9, 2, 9.5],
			"shade": false,
			"rotation": {"angle": 0, "axis": "y", "origin": [8, 0.99645, 8.75]},
			"faces": {
				"north": {"uv": [1.5, 6, 2.5, 7.5], "texture": "#2"},
				"east": {"uv": [0, 6, 1.5, 7.5], "texture": "#2"},
				"south": {"uv": [4, 6, 5, 7.5], "texture": "#2"},
				"west": {"uv": [2.5, 6, 4, 7.5], "texture": "#2"},
				"up": {"uv": [2.5, 6, 1.5, 4.5], "texture": "#2"},
				"down": {"uv": [3.5, 4.5, 2.5, 6], "texture": "#2"}
			}
		}
	],
	"display": {
		"thirdperson_righthand": {
			"translation": [-0.5, 1, 2],
			"scale": [0.85, 0.85, 0.85]
		},
		"thirdperson_lefthand": {
			"translation": [-0.5, 1.75, 2],
			"scale": [0.85, 0.85, 0.85]
		},
		"firstperson_righthand": {
			"rotation": [13.82, -6.35, -6.85],
			"translation": [1.75, 1.75, 0],
			"scale": [0.55, 0.55, 0.55]
		},
		"firstperson_lefthand": {
			"rotation": [13.82, -6.35, -6.85],
			"translation": [1.75, 1.75, 0],
			"scale": [0.55, 0.55, 0.55]
		},
		"ground": {
			"rotation": [-45, 0, 0],
			"translation": [0, 2, 0],
			"scale": [0.5, 0.5, 0.5]
		},
		"gui": {
			"rotation": [35.89, 49.3, -67.72],
			"translation": [-2.5, -3, 0],
			"scale": [0.7, 0.7, 0.7]
		},
		"fixed": {
			"rotation": [-90, 45, 90],
			"translation": [4.25, -4.25, 0]
		}
	},
	"groups": [
		{
			"name": "group",
			"origin": [8.00629, 8.75, 7.98995],
			"color": 0,
			"children": [0, 1, 2, 3]
		},
		4,
		5,
		6,
		7
	]
}