{
	"format_version": "1.21.6",
	"credit": "Made with Blockbench",
	"texture_size": [64, 64],
	"textures": {
		"0": "block/enchanted/enchanted_wooden_spear",
		"1": "block/glint/enchanted_wooden_spear_glint_fp",
		"particle": "block/enchanted/enchanted_wooden_spear"
	},
	"elements": [
		{
			"from": [6.98995, -13, 7.49371],
			"to": [8.98995, 22, 8.49371],
			"rotation": {"angle": 0, "axis": "y", "origin": [7.98995, -6.25, 7.99371]},
			"faces": {
				"north": {"uv": [0.25, 0.25, 0.75, 9], "texture": "#0"},
				"east": {"uv": [0, 0.25, 0.25, 9], "texture": "#0"},
				"south": {"uv": [1, 0.25, 1.5, 9], "texture": "#0"},
				"west": {"uv": [0.75, 0.25, 1, 9], "texture": "#0"},
				"up": {"uv": [0.75, 0.25, 0.25, 0], "texture": "#0"},
				"down": {"uv": [1.25, 0, 0.75, 0.25], "texture": "#0"}
			}
		},
		{
			"from": [6.51421, 19.7, 6.99445],
			"to": [9.51421, 24.7, 8.99445],
			"rotation": {"angle": 0, "axis": "y", "origin": [8.26421, 11.75343, 7.74445]},
			"faces": {
				"north": {"uv": [2, 3.25, 2.75, 4.5], "texture": "#0"},
				"east": {"uv": [1.5, 3.25, 2, 4.5], "texture": "#0"},
				"south": {"uv": [2.75, 3.25, 2, 4.5], "texture": "#0"},
				"west": {"uv": [2.75, 3.25, 3.25, 4.5], "texture": "#0"},
				"up": {"uv": [2.75, 3.25, 2, 2.75], "texture": "#0"},
				"down": {"uv": [3.5, 2.75, 2.75, 3.25], "texture": "#0"}
			}
		},
		{
			"from": [5.51421, 25.7, 7.49445],
			"to": [10.51421, 31.7, 8.49445],
			"rotation": {"angle": 0, "axis": "y", "origin": [9.26421, 15.75343, 8.24445]},
			"faces": {
				"north": {"uv": [1.75, 1.25, 3, 2.75], "texture": "#0"},
				"east": {"uv": [1.5, 1.25, 1.75, 2.75], "texture": "#0"},
				"south": {"uv": [3, 1.25, 1.75, 2.75], "texture": "#0"},
				"west": {"uv": [3, 1.25, 3.25, 2.75], "texture": "#0"},
				"up": {"uv": [3, 1.25, 1.75, 1], "texture": "#0"},
				"down": {"uv": [4.25, 1, 3, 1.25], "texture": "#0"}
			}
		},
		{
			"from": [4.51421, 22.7, 7.49445],
			"to": [11.51421, 25.7, 8.49445],
			"rotation": {"angle": 0, "axis": "y", "origin": [9.26421, 10.75343, 8.24445]},
			"faces": {
				"north": {"uv": [1.75, 0.25, 3.5, 1], "texture": "#0"},
				"east": {"uv": [1.5, 0.25, 1.75, 1], "texture": "#0"},
				"south": {"uv": [3.5, 0.25, 1.75, 1], "texture": "#0"},
				"west": {"uv": [3.5, 0.25, 3.75, 1], "texture": "#0"},
				"up": {"uv": [3.5, 0.25, 1.75, 0], "texture": "#0"},
				"down": {"uv": [5.25, 0, 3.5, 0.25], "texture": "#0"}
			}
		},
		{
			"from": [6.5, -15.7, 7],
			"to": [9.5, -12.7, 9],
			"rotation": {"angle": 0, "axis": "y", "origin": [8.75, -13.70355, 8]},
			"faces": {
				"north": {"uv": [4.5, 3.25, 5.25, 4], "texture": "#0"},
				"east": {"uv": [4, 3.25, 4.5, 4], "texture": "#0"},
				"south": {"uv": [5.75, 3.25, 6.5, 4], "texture": "#0"},
				"west": {"uv": [5.25, 3.25, 5.75, 4], "texture": "#0"},
				"up": {"uv": [5.25, 3.25, 4.5, 2.75], "texture": "#0"},
				"down": {"uv": [6, 2.75, 5.25, 3.25], "texture": "#0"}
			}
		},
		{
			"name": "cube_outline",
			"from": [10.71421, 31.9, 8.69445],
			"to": [5.31421, 25.9, 7.29445],
			"rotation": {"angle": 0, "axis": "y", "origin": [9.26421, 15.75343, 8.24445]},
			"faces": {
				"north": {"uv": [3, 1.25, 1.75, 2.75], "rotation": 180, "texture": "#1"},
				"east": {"uv": [3, 1.25, 3.25, 2.75], "rotation": 180, "texture": "#1"},
				"south": {"uv": [1.75, 1.25, 3, 2.75], "rotation": 180, "texture": "#1"},
				"west": {"uv": [1.5, 1.25, 1.75, 2.75], "rotation": 180, "texture": "#1"},
				"up": {"uv": [4.25, 1, 3, 1.25], "rotation": 180, "texture": "#1"},
				"down": {"uv": [3, 1.25, 1.75, 1], "rotation": 180, "texture": "#1"}
			}
		},
		{
			"name": "cube_outline",
			"from": [11.71421, 25.9, 8.69445],
			"to": [4.31421, 22.5, 7.29445],
			"rotation": {"angle": 0, "axis": "y", "origin": [9.26421, 10.75343, 8.24445]},
			"faces": {
				"north": {"uv": [3.5, 0.25, 1.75, 1], "rotation": 180, "texture": "#1"},
				"east": {"uv": [3.5, 0.25, 3.75, 1], "rotation": 180, "texture": "#1"},
				"south": {"uv": [1.75, 0.25, 3.5, 1], "rotation": 180, "texture": "#1"},
				"west": {"uv": [1.5, 0.25, 1.75, 1], "rotation": 180, "texture": "#1"},
				"up": {"uv": [5.25, 0, 3.5, 0.25], "rotation": 180, "texture": "#1"},
				"down": {"uv": [3.5, 0.25, 1.75, 0], "rotation": 180, "texture": "#1"}
			}
		},
		{
			"name": "cube_outline",
			"from": [9.18995, 22.2, 8.69371],
			"to": [6.78995, -13.2, 7.29371],
			"rotation": {"angle": 0, "axis": "y", "origin": [7.98995, -6.25, 7.99371]},
			"faces": {
				"north": {"uv": [1, 0.25, 1.5, 9], "rotation": 180, "texture": "#1"},
				"east": {"uv": [0.75, 0.25, 1, 9], "rotation": 180, "texture": "#1"},
				"south": {"uv": [0.25, 0.25, 0.75, 9], "rotation": 180, "texture": "#1"},
				"west": {"uv": [0, 0.25, 0.25, 9], "rotation": 180, "texture": "#1"},
				"up": {"uv": [1.25, 0, 0.75, 0.25], "rotation": 180, "texture": "#1"},
				"down": {"uv": [0.75, 0.25, 0.25, 0], "rotation": 180, "texture": "#1"}
			}
		},
		{
			"name": "cube_outline",
			"from": [9.71421, 24.9, 9.19445],
			"to": [6.31421, 19.5, 6.79445],
			"rotation": {"angle": 0, "axis": "y", "origin": [8.26421, 11.75343, 7.74445]},
			"faces": {
				"north": {"uv": [2.75, 3.25, 2, 4.5], "rotation": 180, "texture": "#1"},
				"east": {"uv": [2.75, 3.25, 3.25, 4.5], "rotation": 180, "texture": "#1"},
				"south": {"uv": [2, 3.25, 2.75, 4.5], "rotation": 180, "texture": "#1"},
				"west": {"uv": [1.5, 3.25, 2, 4.5], "rotation": 180, "texture": "#1"},
				"up": {"uv": [3.5, 2.75, 2.75, 3.25], "rotation": 180, "texture": "#1"},
				"down": {"uv": [2.75, 3.25, 2, 2.75], "rotation": 180, "texture": "#1"}
			}
		},
		{
			"name": "cube_outline",
			"from": [9.7, -12.5, 9.2],
			"to": [6.3, -15.9, 6.8],
			"rotation": {"angle": 0, "axis": "y", "origin": [8.75, -13.70355, 8]},
			"faces": {
				"north": {"uv": [5.75, 3.25, 6.5, 4], "rotation": 180, "texture": "#1"},
				"east": {"uv": [5.25, 3.25, 5.75, 4], "rotation": 180, "texture": "#1"},
				"south": {"uv": [4.5, 3.25, 5.25, 4], "rotation": 180, "texture": "#1"},
				"west": {"uv": [4, 3.25, 4.5, 4], "rotation": 180, "texture": "#1"},
				"up": {"uv": [6, 2.75, 5.25, 3.25], "rotation": 180, "texture": "#1"},
				"down": {"uv": [5.25, 3.25, 4.5, 2.75], "rotation": 180, "texture": "#1"}
			}
		}
	],
	"display": {
		"thirdperson_righthand": {
			"rotation": [0, 90, 0],
			"translation": [-0.5, 1, 1.75],
			"scale": [0.85, 0.85, 0.85]
		},
		"thirdperson_lefthand": {
			"rotation": [0, 90, 0],
			"translation": [-0.5, 1, 1.75],
			"scale": [0.85, 0.85, 0.85]
		},
		"firstperson_righthand": {
			"rotation": [169.95, 83.26, 178.72],
			"translation": [1.5, 1.75, 0.75],
			"scale": [0.55, 0.55, 0.55]
		},
		"firstperson_lefthand": {
			"rotation": [126, 93, -135.52],
			"translation": [1.75, 1.25, 1.75],
			"scale": [0.55, 0.55, 0.55]
		},
		"ground": {
			"rotation": [12.74, 17, -28.36],
			"translation": [0, 6.5, 0],
			"scale": [0.4, 0.4, 0.4]
		},
		"gui": {
			"rotation": [140.93, 0.17, -143.26],
			"translation": [-5.25, -5.5, 0],
			"scale": [0.75, 0.75, 0.75]
		},
		"fixed": {
			"rotation": [0, 0, 45],
			"translation": [-0.5, 0.5, 0],
			"scale": [0.9, 0.9, 0.9]
		}
	},
	"groups": [
		0,
		1,
		{
			"name": "head",
			"origin": [10.26421, 8.45343, 7.74445],
			"color": 0,
			"children": [2, 3]
		},
		4,
		{
			"name": "group",
			"origin": [9.26421, 16.05343, 8.24445],
			"color": 0,
			"children": [5, 6, 7, 8, 9]
		}
	]
}