{
	"format_version": "1.21.6",
	"credit": "davka",
	"texture_size": [32, 32],
	"textures": {
		"1": "block/glint/enchanted_golden_axe_glint_fp",
		"3": "block/enchanted/enchanted_golden_axe",
		"particle": "block/glint/enchanted_golden_axe_glint_fp"
	},
	"elements": [
		{
			"from": [3.56741, 17.995, 7.5085],
			"to": [12.56741, 21.995, 8.4885],
			"shade": false,
			"light_emission": 2,
			"rotation": {"angle": 0, "axis": "y", "origin": [4.46741, 18.475, 7.50805]},
			"faces": {
				"north": {"uv": [5, 7, 9.5, 9], "texture": "#3"},
				"east": {"uv": [9.5, 7, 10, 9], "texture": "#3"},
				"south": {"uv": [9.5, 7, 5, 9], "texture": "#3"},
				"west": {"uv": [8, 9.5, 8.5, 11.5], "texture": "#3"},
				"up": {"uv": [8.5, 9.5, 4, 9], "texture": "#3"},
				"down": {"uv": [13, 9, 8.5, 9.5], "texture": "#3"}
			}
		},
		{
			"from": [11.13777, 19.07411, 7.5071],
			"to": [14.63777, 25.67411, 8.5101],
			"shade": false,
			"light_emission": 2,
			"rotation": {"angle": 22.5, "axis": "z", "origin": [12.88777, 22.37411, 8.0086]},
			"faces": {
				"north": {"uv": [8, 0, 10, 3.5], "texture": "#3"},
				"east": {"uv": [4, 9.5, 4.5, 13], "texture": "#3"},
				"south": {"uv": [10, 0, 8, 3.5], "texture": "#3"},
				"west": {"uv": [4.5, 9.5, 5, 13], "texture": "#3"},
				"up": {"uv": [10.5, 10, 8.5, 9.5], "texture": "#3"},
				"down": {"uv": [12, 0, 10, 0.5], "texture": "#3"}
			}
		},
		{
			"from": [11.13777, 14.31589, 7.508],
			"to": [14.63777, 20.91589, 8.509],
			"shade": false,
			"light_emission": 2,
			"rotation": {"angle": -22.5, "axis": "z", "origin": [12.88777, 17.61589, 8.0085]},
			"faces": {
				"north": {"uv": [8, 3.5, 10, 7], "texture": "#3"},
				"east": {"uv": [5, 9.5, 5.5, 13], "texture": "#3"},
				"south": {"uv": [10, 3.5, 8, 7], "texture": "#3"},
				"west": {"uv": [5.5, 9.5, 6, 13], "texture": "#3"},
				"up": {"uv": [12, 1, 10, 0.5], "texture": "#3"},
				"down": {"uv": [12, 1, 10, 1.5], "texture": "#3"}
			}
		},
		{
			"from": [1.69962, 18.41026, 7.5071],
			"to": [5.19962, 25.01026, 8.5101],
			"shade": false,
			"light_emission": 2,
			"rotation": {"angle": -22.5, "axis": "z", "origin": [4.94962, 22.89026, 7.50805]},
			"faces": {
				"north": {"uv": [0, 8.5, 2, 12], "texture": "#3"},
				"east": {"uv": [6, 9.5, 6.5, 13], "texture": "#3"},
				"south": {"uv": [2, 8.5, 0, 12], "texture": "#3"},
				"west": {"uv": [6.5, 9.5, 7, 13], "texture": "#3"},
				"up": {"uv": [12, 2, 10, 1.5], "texture": "#3"},
				"down": {"uv": [12, 2, 10, 2.5], "texture": "#3"}
			}
		},
		{
			"from": [0.79649, 14.8001, 7.508],
			"to": [4.29649, 21.4001, 8.509],
			"shade": false,
			"light_emission": 2,
			"rotation": {"angle": 22.5, "axis": "z", "origin": [4.04649, 19.2801, 7.50805]},
			"faces": {
				"north": {"uv": [2, 8.5, 4, 12], "texture": "#3"},
				"east": {"uv": [7, 9.5, 7.5, 13], "texture": "#3"},
				"south": {"uv": [4, 8.5, 2, 12], "texture": "#3"},
				"west": {"uv": [7.5, 9.5, 8, 13], "texture": "#3"},
				"up": {"uv": [12, 3, 10, 2.5], "texture": "#3"},
				"down": {"uv": [12, 3, 10, 3.5], "texture": "#3"}
			}
		},
		{
			"from": [13.78913, 19.7656, 7.507],
			"to": [14.66413, 20.7656, 7.507],
			"shade": false,
			"light_emission": 2,
			"rotation": {"angle": 22.5, "axis": "z", "origin": [14.16413, 20.2656, 7.5071]},
			"faces": {
				"north": {"uv": [4, 8.5, 4.5, 9], "texture": "#3"},
				"east": {"uv": [0, 0, 0, 0.5], "texture": "#3"},
				"south": {"uv": [4.5, 8.5, 5, 9], "texture": "#3"},
				"west": {"uv": [0, 0, 0, 0.5], "texture": "#3"},
				"up": {"uv": [0.5, 0, 0, 0], "texture": "#3"},
				"down": {"uv": [0.5, 0, 0, 0], "texture": "#3"}
			}
		},
		{
			"from": [13.78913, 19.7656, 8.518],
			"to": [14.66413, 20.7656, 8.518],
			"shade": false,
			"light_emission": 2,
			"rotation": {"angle": 22.5, "axis": "z", "origin": [14.16413, 20.2656, 8.5179]},
			"faces": {
				"north": {"uv": [5, 8.5, 4.5, 9], "texture": "#3"},
				"east": {"uv": [0, 0, 0, 0.5], "texture": "#3"},
				"south": {"uv": [4.5, 8.5, 4, 9], "texture": "#3"},
				"west": {"uv": [0, 0, 0, 0.5], "texture": "#3"},
				"up": {"uv": [0.5, 0, 0, 0], "texture": "#3"},
				"down": {"uv": [0.5, 0, 0, 0], "texture": "#3"}
			}
		},
		{
			"from": [1.33587, 19.7656, 7.507],
			"to": [2.21087, 20.7656, 7.507],
			"shade": false,
			"light_emission": 2,
			"rotation": {"angle": -22.5, "axis": "z", "origin": [1.83587, 20.2656, 7.5071]},
			"faces": {
				"north": {"uv": [4.5, 8.5, 4, 9], "texture": "#3"},
				"east": {"uv": [0, 0, 0, 0.5], "texture": "#3"},
				"south": {"uv": [5, 8.5, 4.5, 9], "texture": "#3"},
				"west": {"uv": [0, 0, 0, 0.5], "texture": "#3"},
				"up": {"uv": [0, 0, 0.5, 0], "texture": "#3"},
				"down": {"uv": [0, 0, 0.5, 0], "texture": "#3"}
			}
		},
		{
			"from": [1.33587, 19.7656, 8.532],
			"to": [2.21087, 20.7656, 8.532],
			"shade": false,
			"light_emission": 2,
			"rotation": {"angle": -22.5, "axis": "z", "origin": [1.83587, 20.2656, 8.5321]},
			"faces": {
				"north": {"uv": [4.5, 8.5, 4, 9], "texture": "#3"},
				"east": {"uv": [0, 0, 0, 0.5], "texture": "#3"},
				"south": {"uv": [5, 8.5, 4.5, 9], "texture": "#3"},
				"west": {"uv": [0, 0, 0, 0.5], "texture": "#3"},
				"up": {"uv": [0, 0, 0.5, 0], "texture": "#3"},
				"down": {"uv": [0, 0, 0.5, 0], "texture": "#3"}
			}
		},
		{
			"from": [6.97868, 3, 7.5],
			"to": [8.97868, 16, 8.5],
			"rotation": {"angle": 0, "axis": "y", "origin": [7.72868, 8.91421, 8.25]},
			"faces": {
				"north": {"uv": [5.5, 0.5, 6.5, 7], "texture": "#3"},
				"east": {"uv": [5, 0.5, 5.5, 7], "texture": "#3"},
				"south": {"uv": [7, 0.5, 8, 7], "texture": "#3"},
				"west": {"uv": [6.5, 0.5, 7, 7], "texture": "#3"},
				"up": {"uv": [6.5, 0.5, 5.5, 0], "texture": "#3"},
				"down": {"uv": [7.5, 0, 6.5, 0.5], "texture": "#3"}
			}
		},
		{
			"from": [6.5, 0.5, 7],
			"to": [9.5, 3.5, 9],
			"shade": false,
			"light_emission": 2,
			"rotation": {"angle": 45, "axis": "z", "origin": [8, 2, 8]},
			"faces": {
				"north": {"uv": [1, 7, 2.5, 8.5], "texture": "#3"},
				"east": {"uv": [0, 7, 1, 8.5], "texture": "#3"},
				"south": {"uv": [3.5, 7, 5, 8.5], "texture": "#3"},
				"west": {"uv": [2.5, 7, 3.5, 8.5], "texture": "#3"},
				"up": {"uv": [2.5, 7, 1, 6], "texture": "#3"},
				"down": {"uv": [4, 6, 2.5, 7], "texture": "#3"}
			}
		},
		{
			"from": [6.41421, 13, 6.99445],
			"to": [9.58921, 23, 8.99445],
			"shade": false,
			"light_emission": 2,
			"rotation": {"angle": 0, "axis": "y", "origin": [7.26421, 4.32843, 7.74445]},
			"faces": {
				"north": {"uv": [1, 1, 2.5, 6], "texture": "#3"},
				"east": {"uv": [0, 1, 1, 6], "texture": "#3"},
				"south": {"uv": [3.5, 1, 5, 6], "texture": "#3"},
				"west": {"uv": [2.5, 1, 3.5, 6], "texture": "#3"},
				"up": {"uv": [2.5, 1, 1, 0], "texture": "#3"},
				"down": {"uv": [4, 0, 2.5, 1], "texture": "#3"}
			}
		},
		{
			"name": "cube_outline",
			"from": [12.76741, 22.195, 8.6885],
			"to": [3.36741, 17.795, 7.3085],
			"rotation": {"angle": 0, "axis": "y", "origin": [4.46741, 18.475, 7.50805]},
			"faces": {
				"north": {"uv": [4, 0, 8.5, 2], "texture": "#1"},
				"east": {"uv": [1.5, 8.5, 2, 10.5], "texture": "#1"},
				"south": {"uv": [4, 0, 8.5, 2], "texture": "#1"},
				"west": {"uv": [6, 8.5, 6.5, 10.5], "texture": "#1"},
				"up": {"uv": [11.2875, 2.5, 7.25, 2], "texture": "#1"},
				"down": {"uv": [11.25, 2.5, 7.25, 3], "texture": "#1"}
			}
		},
		{
			"name": "cube_outline",
			"from": [14.83777, 25.87411, 8.7101],
			"to": [10.93777, 19.02411, 7.3071],
			"rotation": {"angle": 22.5, "axis": "z", "origin": [12.88777, 22.37411, 8.0086]},
			"faces": {
				"north": {"uv": [4, 2, 6, 5.5], "texture": "#1"},
				"east": {"uv": [7, 8, 7.5, 11.5], "texture": "#1"},
				"south": {"uv": [4, 2, 6, 5.5], "texture": "#1"},
				"west": {"uv": [7.5, 8, 8, 11.5], "texture": "#1"},
				"up": {"uv": [13, 2, 11, 1.5], "texture": "#1"},
				"down": {"uv": [10.5, 5, 8.5, 5.5], "texture": "#1"}
			}
		},
		{
			"name": "cube_outline",
			"from": [14.78037, 21.038, 8.7081],
			"to": [10.88037, 14.038, 7.3071],
			"rotation": {"angle": -22.5, "axis": "z", "origin": [12.83037, 17.538, 8.0076]},
			"faces": {
				"north": {"uv": [0, 5, 2, 8.5], "texture": "#1"},
				"east": {"uv": [8, 8, 8.5, 11.5], "texture": "#1"},
				"south": {"uv": [0, 5, 2, 8.5], "texture": "#1"},
				"west": {"uv": [0, 8.5, 0.5, 12], "texture": "#1"},
				"up": {"uv": [10.5, 6, 8.5, 5.5], "texture": "#1"},
				"down": {"uv": [10.5, 8, 8.5, 8.5], "texture": "#1"}
			}
		},
		{
			"name": "cube_outline",
			"from": [9.17868, 16.2, 8.7],
			"to": [6.77868, 2.8, 7.3],
			"rotation": {"angle": 0, "axis": "y", "origin": [7.72868, 8.91421, 8.25]},
			"faces": {
				"north": {"uv": [2, 5, 3, 11.5], "texture": "#1"},
				"east": {"uv": [6, 2, 6.5, 8.5], "texture": "#1"},
				"south": {"uv": [3, 5, 4, 11.5], "texture": "#1"},
				"west": {"uv": [6.5, 2, 7, 8.5], "texture": "#1"},
				"up": {"uv": [9.5, 9, 8.5, 8.5], "texture": "#1"},
				"down": {"uv": [10, 6, 9, 6.5], "texture": "#1"}
			}
		},
		{
			"name": "cube_outline",
			"from": [9.7, 3.7, 9.2],
			"to": [6.3, 0.3, 6.8],
			"rotation": {"angle": 45, "axis": "z", "origin": [8, 2, 8]},
			"faces": {
				"north": {"uv": [7, 3, 8.5, 4.5], "texture": "#1"},
				"east": {"uv": [8.5, 0, 9.5, 1.5], "texture": "#1"},
				"south": {"uv": [7, 4.5, 8.5, 6], "texture": "#1"},
				"west": {"uv": [0.5, 8.5, 1.5, 10], "texture": "#1"},
				"up": {"uv": [10, 4, 8.5, 3], "texture": "#1"},
				"down": {"uv": [10, 4, 8.5, 5], "texture": "#1"}
			}
		},
		{
			"name": "cube_outline",
			"from": [5.06223, 25.87411, 8.7101],
			"to": [1.16223, 19.02411, 7.3071],
			"rotation": {"angle": -22.5, "axis": "z", "origin": [3.11223, 22.37411, 8.0086]},
			"faces": {
				"north": {"uv": [8, 0, 10, 3.5], "rotation": 180, "texture": "#1"},
				"east": {"uv": [4.5, 9.5, 4, 13], "rotation": 180, "texture": "#1"},
				"south": {"uv": [10, 0, 8, 3.5], "rotation": 180, "texture": "#1"},
				"west": {"uv": [5, 9.5, 4.5, 13], "rotation": 180, "texture": "#1"},
				"up": {"uv": [10, 0, 12, 0.5], "rotation": 180, "texture": "#1"},
				"down": {"uv": [8.5, 10, 10.5, 9.5], "rotation": 180, "texture": "#1"}
			}
		},
		{
			"name": "cube_outline",
			"from": [5.11963, 21.038, 8.7081],
			"to": [1.21963, 14.038, 7.3071],
			"rotation": {"angle": 22.5, "axis": "z", "origin": [3.16963, 17.538, 8.0076]},
			"faces": {
				"north": {"uv": [8, 3.5, 10, 7], "rotation": 180, "texture": "#1"},
				"east": {"uv": [5.5, 9.5, 5, 13], "rotation": 180, "texture": "#1"},
				"south": {"uv": [10, 3.5, 8, 7], "rotation": 180, "texture": "#1"},
				"west": {"uv": [6, 9.5, 5.5, 13], "rotation": 180, "texture": "#1"},
				"up": {"uv": [10, 1, 12, 1.5], "rotation": 180, "texture": "#1"},
				"down": {"uv": [10, 1, 12, 0.5], "rotation": 180, "texture": "#1"}
			}
		},
		{
			"name": "cube_outline",
			"from": [9.78921, 23.2, 9.19445],
			"to": [6.21421, 12.8, 6.79445],
			"rotation": {"angle": 0, "axis": "y", "origin": [7.26421, 4.32843, 7.74445]},
			"faces": {
				"north": {"uv": [0, 0, 2, 5], "texture": "#1"},
				"east": {"uv": [4, 5.5, 5, 10.5], "texture": "#1"},
				"south": {"uv": [2, 0, 4, 5], "texture": "#1"},
				"west": {"uv": [11, 4.5, 12, 9.5], "texture": "#1"},
				"up": {"uv": [9, 7, 7, 6], "texture": "#1"},
				"down": {"uv": [9, 7, 7, 8], "texture": "#1"}
			}
		}
	],
	"display": {
		"thirdperson_righthand": {
			"rotation": [0, 90, 0],
			"translation": [-0.5, -2, 1.75],
			"scale": [0.85, 0.85, 0.85]
		},
		"thirdperson_lefthand": {
			"rotation": [0, -90, 0],
			"translation": [-0.5, -1.5, 1.75],
			"scale": [0.85, 0.85, 0.85]
		},
		"firstperson_righthand": {
			"rotation": [56.05, 84.96, -44.68],
			"translation": [1.75, -0.5, 0],
			"scale": [0.55, 0.55, 0.55]
		},
		"firstperson_lefthand": {
			"rotation": [-56.05, -84.96, -62],
			"translation": [1.5, -0.5, 0],
			"scale": [0.55, 0.55, 0.55]
		},
		"ground": {
			"rotation": [12.74, 17, -28.36],
			"translation": [0, 1.75, 0],
			"scale": [0.4, 0.4, 0.4]
		},
		"gui": {
			"rotation": [140.93, 0.17, -143.26],
			"translation": [-2.25, -3, 0],
			"scale": [0.75, 0.75, 0.75]
		},
		"fixed": {
			"rotation": [0, 0, 45],
			"translation": [3.5, -3.75, 0],
			"scale": [0.9, 0.9, 0.9]
		}
	},
	"groups": [
		{
			"name": "group",
			"origin": [4.46741, 18.475, 7.50805],
			"color": 0,
			"children": [0, 1, 2, 3, 4, 5, 6, 7, 8, 9, 10, 11]
		},
		{
			"name": "group",
			"origin": [4.46741, 18.475, 7.50805],
			"color": 0,
			"children": [12, 13, 14, 15, 16, 17, 18, 19]
		}
	]
}