{
	"format_version": "1.21.6",
	"credit": "davka",
	"texture_size": [32, 32],
	"textures": {
		"1": "block/glint/enchanted_stone_shovel_glint_fp",
		"2": "block/enchanted/enchanted_stone_shovel",
		"particle": "block/enchanted/enchanted_stone_shovel"
	},
	"elements": [
		{
			"from": [6.51421, 12, 6.99445],
			"to": [9.51421, 18, 8.99445],
			"rotation": {"angle": 0, "axis": "y", "origin": [7.26421, 3.32843, 7.74445]},
			"faces": {
				"north": {"uv": [1, 4, 2.5, 7], "texture": "#2"},
				"east": {"uv": [4.5, 3, 5.5, 6], "texture": "#2"},
				"south": {"uv": [4.5, 0, 6, 3], "texture": "#2"},
				"west": {"uv": [5.5, 3, 6.5, 6], "texture": "#2"},
				"up": {"uv": [8, 4.5, 6.5, 3.5], "texture": "#2"},
				"down": {"uv": [8, 4.5, 6.5, 5.5], "texture": "#2"}
			}
		},
		{
			"from": [4.51005, 15.02, 7.508],
			"to": [11.51005, 23.02, 8.508],
			"rotation": {"angle": 0, "axis": "y", "origin": [4.51005, 16, 7.50805]},
			"faces": {
				"north": {"uv": [3.5, 0, 0, 4], "texture": "#2"},
				"east": {"uv": [4.5, 6, 5, 10], "texture": "#2"},
				"south": {"uv": [0, 0, 3.5, 4], "texture": "#2"},
				"west": {"uv": [5, 6, 5.5, 10], "texture": "#2"},
				"up": {"uv": [9, 6.5, 5.5, 6], "texture": "#2"},
				"down": {"uv": [10, 3, 6.5, 3.5], "texture": "#2"}
			}
		},
		{
			"from": [6.98995, 2, 7.49371],
			"to": [8.98995, 15, 8.49371],
			"rotation": {"angle": 0, "axis": "y", "origin": [7.98995, 8.75, 7.99371]},
			"faces": {
				"north": {"uv": [3.5, 4, 2.5, 10.5], "texture": "#2"},
				"east": {"uv": [3.5, 0, 4, 6.5], "texture": "#2"},
				"south": {"uv": [1, 4, 0, 10.5], "texture": "#2"},
				"west": {"uv": [4, 0, 4.5, 6.5], "texture": "#2"},
				"up": {"uv": [7.5, 10.5, 6.5, 10], "texture": "#2"},
				"down": {"uv": [11, 6.5, 10, 7], "texture": "#2"}
			}
		},
		{
			"from": [6.5, 0, 7],
			"to": [9.5, 3, 9],
			"rotation": {"angle": 0, "axis": "y", "origin": [8.75, 1.99645, 8]},
			"faces": {
				"north": {"uv": [7.5, 1.5, 9, 3], "texture": "#2"},
				"east": {"uv": [6.5, 1.5, 7.5, 3], "texture": "#2"},
				"south": {"uv": [10, 1.5, 11.5, 3], "texture": "#2"},
				"west": {"uv": [9, 1.5, 10, 3], "texture": "#2"},
				"up": {"uv": [9, 1.5, 7.5, 0.5], "texture": "#2"},
				"down": {"uv": [10.5, 0.5, 9, 1.5], "texture": "#2"}
			}
		},
		{
			"name": "cube_outline",
			"from": [9.71421, 18.2, 9.19445],
			"to": [6.31421, 11.8, 6.79445],
			"rotation": {"angle": 0, "axis": "y", "origin": [7.26421, 3.32843, 7.74445]},
			"faces": {
				"north": {"uv": [1, 4, 2.5, 7], "texture": "#1"},
				"east": {"uv": [4.5, 3, 5.5, 6], "texture": "#1"},
				"south": {"uv": [4.5, 0, 6, 3], "texture": "#1"},
				"west": {"uv": [5.5, 3, 6.5, 6], "texture": "#1"},
				"up": {"uv": [8, 4.5, 6.5, 3.5], "texture": "#1"},
				"down": {"uv": [8, 4.5, 6.5, 5.5], "texture": "#1"}
			}
		},
		{
			"name": "cube_outline",
			"from": [9.18995, 15.2, 8.69371],
			"to": [6.78995, 1.8, 7.29371],
			"rotation": {"angle": 0, "axis": "y", "origin": [7.98995, 8.75, 7.99371]},
			"faces": {
				"north": {"uv": [3.5, 0, 4.5, 6.5], "texture": "#1"},
				"east": {"uv": [2.5, 4, 3, 10.5], "texture": "#1"},
				"south": {"uv": [0, 4, 1, 10.5], "texture": "#1"},
				"west": {"uv": [3, 4, 3.5, 10.5], "texture": "#1"},
				"up": {"uv": [7.5, 6, 6.5, 5.5], "texture": "#1"},
				"down": {"uv": [8.5, 0, 7.5, 0.5], "texture": "#1"}
			}
		},
		{
			"name": "cube_outline",
			"from": [9.7, 3.2, 9.2],
			"to": [6.3, -0.2, 6.8],
			"rotation": {"angle": 0, "axis": "y", "origin": [8.75, 1.99645, 8]},
			"faces": {
				"north": {"uv": [6, 0, 7.5, 1.5], "texture": "#1"},
				"east": {"uv": [3.5, 6.5, 4.5, 8], "texture": "#1"},
				"south": {"uv": [6, 1.5, 7.5, 3], "texture": "#1"},
				"west": {"uv": [5.5, 6.5, 6.5, 8], "texture": "#1"},
				"up": {"uv": [8, 7.5, 6.5, 6.5], "texture": "#1"},
				"down": {"uv": [2.5, 7, 1, 8], "texture": "#1"}
			}
		},
		{
			"name": "cube_outline",
			"from": [11.71005, 23.22, 8.708],
			"to": [4.31005, 14.82, 7.308],
			"rotation": {"angle": 0, "axis": "y", "origin": [4.51005, 16, 7.50805]},
			"faces": {
				"north": {"uv": [0, 0, 3.5, 4], "texture": "#1"},
				"east": {"uv": [4.5, 6, 5, 10], "texture": "#1"},
				"south": {"uv": [3.5, 0, 0, 4], "texture": "#1"},
				"west": {"uv": [5, 6, 5.5, 10], "texture": "#1"},
				"up": {"uv": [9, 6.5, 5.5, 6], "texture": "#1"},
				"down": {"uv": [10, 3, 6.5, 3.5], "texture": "#1"}
			}
		}
	],
	"display": {
		"thirdperson_righthand": {
			"rotation": [0, 90, 0],
			"translation": [-0.5, -2, 1.75],
			"scale": [0.85, 0.85, 0.85]
		},
		"thirdperson_lefthand": {
			"rotation": [0, -90, 0],
			"translation": [-0.5, -1.5, 1.75],
			"scale": [0.85, 0.85, 0.85]
		},
		"firstperson_righthand": {
			"rotation": [56.05, 84.96, -44.68],
			"translation": [1.75, -0.5, 0],
			"scale": [0.55, 0.55, 0.55]
		},
		"firstperson_lefthand": {
			"rotation": [-56.05, -84.96, -62],
			"translation": [1.5, -0.5, 0],
			"scale": [0.55, 0.55, 0.55]
		},
		"ground": {
			"rotation": [12.74, 17, -28.36],
			"translation": [0, 1.75, 0],
			"scale": [0.4, 0.4, 0.4]
		},
		"gui": {
			"rotation": [140.93, 0.17, -143.26],
			"translation": [-2.25, -3, 0],
			"scale": [0.75, 0.75, 0.75]
		},
		"fixed": {
			"rotation": [0, 0, 45],
			"translation": [3.5, -3.75, 0],
			"scale": [0.9, 0.9, 0.9]
		}
	},
	"groups": [
		{
			"name": "group",
			"origin": [7.26421, 4.32843, 7.74445],
			"color": 0,
			"children": [0]
		},
		1,
		{
			"name": "axe",
			"origin": [10.26421, 8.45343, 7.74445],
			"color": 0,
			"children": [2, 3]
		},
		{
			"name": "group",
			"origin": [7.26421, 3.32843, 7.74445],
			"color": 0,
			"children": [4, 5, 6, 7]
		}
	]
}