{
	"format_version": "1.21.6",
	"credit": "davka",
	"texture_size": [32, 32],
	"textures": {
		"0": "block/enchanted/enchanted_diamond_hoe",
		"1": "block/glint/enchanted_diamond_hoe_glint_fp",
		"particle": "block/enchanted/enchanted_diamond_hoe"
	},
	"elements": [
		{
			"name": "cube_outline",
			"from": [10.71421, 23.68947, 9.70979],
			"to": [5.31421, 18.28947, 6.30879],
			"rotation": {"angle": 45, "axis": "z", "origin": [8.01421, 20.98947, 8.00929]},
			"faces": {
				"north": {"uv": [4, 0, 6.5, 2.5], "texture": "#1"},
				"east": {"uv": [6.5, 0, 8, 2.5], "texture": "#1"},
				"south": {"uv": [4, 0, 6.5, 2.5], "texture": "#1"},
				"west": {"uv": [6.5, 2.5, 8, 5], "texture": "#1"},
				"up": {"uv": [9, 6.5, 6.5, 5], "texture": "#1"},
				"down": {"uv": [9, 6.5, 6.5, 8], "texture": "#1"}
			}
		},
		{
			"name": "cube_outline",
			"from": [13.12842, 23.28947, 8.6875],
			"to": [7.70342, 19.68947, 7.3095],
			"rotation": {"angle": 0, "axis": "y", "origin": [8.90342, 23.99447, 7.50784]},
			"faces": {
				"north": {"uv": [4, 5, 6.5, 7], "texture": "#1"},
				"east": {"uv": [9.5, 8, 10, 10], "texture": "#1"},
				"south": {"uv": [4, 5, 6.5, 7], "texture": "#1"},
				"west": {"uv": [10, 0, 10.5, 2], "texture": "#1"},
				"up": {"uv": [10.925, 6.5, 9, 6], "texture": "#1"},
				"down": {"uv": [11.5, 6.5, 9, 7], "texture": "#1"}
			}
		},
		{
			"name": "cube_outline",
			"from": [14.70667, 23.25706, 8.7095],
			"to": [11.70667, 19.85706, 7.3095],
			"rotation": {"angle": -45, "axis": "z", "origin": [12.45667, 21.55706, 8.0095]},
			"faces": {
				"north": {"uv": [0, 7, 1.5, 8.5], "texture": "#1"},
				"east": {"uv": [5, 10, 5.5, 11.5], "texture": "#1"},
				"south": {"uv": [0, 7, 1.5, 8.5], "texture": "#1"},
				"west": {"uv": [6.5, 10, 7, 11.5], "texture": "#1"},
				"up": {"uv": [11.5, 4.5, 10.4, 4], "texture": "#1"},
				"down": {"uv": [11.5, 4.5, 10, 5], "texture": "#1"}
			}
		},
		{
			"name": "cube_outline",
			"from": [17.49974, 21.16815, 8.7085],
			"to": [12.84974, 16.51815, 7.3095],
			"rotation": {"angle": 0, "axis": "y", "origin": [15.04974, 18.96815, 8.009]},
			"faces": {
				"north": {"uv": [4, 2.5, 6.5, 5], "texture": "#1"},
				"east": {"uv": [5.5, 9, 6, 11.025], "texture": "#1"},
				"south": {"uv": [4, 2.5, 6.5, 5], "texture": "#1"},
				"west": {"uv": [6, 9, 6.5, 11.5], "texture": "#1"},
				"up": {"uv": [11.5, 7.5, 9, 7], "texture": "#1"},
				"down": {"uv": [11.5, 7.5, 9.4625, 8], "texture": "#1"}
			}
		},
		{
			"name": "cube_outline",
			"from": [9.07416, 21.17109, 9.54294],
			"to": [9.07416, 17.17109, 7.74294],
			"rotation": {"angle": -45, "axis": "y", "origin": [9.07416, 19.17109, 8.64294]},
			"faces": {
				"north": {"uv": [0, 0, 0, 2], "texture": "#1"},
				"east": {"uv": [4.5, 7, 5.5, 9], "texture": "#1"},
				"south": {"uv": [0, 0, 0, 2], "texture": "#1"},
				"west": {"uv": [5.5, 7, 6.5, 9], "texture": "#1"},
				"up": {"uv": [0, 1, 0, 0], "texture": "#1"},
				"down": {"uv": [0, 0, 0, 1], "texture": "#1"}
			}
		},
		{
			"name": "cube_outline",
			"from": [9.46421, 21.17109, 6.70229],
			"to": [7.66421, 17.17109, 6.70229],
			"rotation": {"angle": -45, "axis": "y", "origin": [8.01421, 6.02452, 7.65229]},
			"faces": {
				"north": {"uv": [8, 0, 9, 2], "texture": "#1"},
				"east": {"uv": [0, 0, 0, 2], "texture": "#1"},
				"south": {"uv": [8, 2, 9, 4], "texture": "#1"},
				"west": {"uv": [0, 0, 0, 2], "texture": "#1"},
				"up": {"uv": [1, 0, 0, 0], "texture": "#1"},
				"down": {"uv": [1, 0, 0, 0], "texture": "#1"}
			}
		},
		{
			"name": "cube_outline",
			"from": [9.46421, 17.17109, 9.10229],
			"to": [7.06421, 12.57109, 6.70229],
			"rotation": {"angle": -45, "axis": "y", "origin": [8.01421, 6.02452, 7.65229]},
			"faces": {
				"north": {"uv": [6.5, 8, 7.5, 10], "texture": "#1"},
				"east": {"uv": [7.5, 8, 8.5, 10], "texture": "#1"},
				"south": {"uv": [0, 8.5, 1, 10.5], "texture": "#1"},
				"west": {"uv": [1, 8.5, 2, 10.5], "texture": "#1"},
				"up": {"uv": [9, 5, 8, 4], "texture": "#1"},
				"down": {"uv": [11, 2, 10, 3], "texture": "#1"}
			}
		},
		{
			"name": "cube_outline",
			"from": [8.3635, 21.17109, 6.70159],
			"to": [6.5635, 17.17109, 6.70159],
			"rotation": {"angle": 45, "axis": "y", "origin": [8.0135, 6.02452, 7.65159]},
			"faces": {
				"north": {"uv": [2, 8.5, 3, 10.5], "texture": "#1"},
				"east": {"uv": [0, 0, 0, 2], "texture": "#1"},
				"south": {"uv": [3, 8.5, 4, 10.5], "texture": "#1"},
				"west": {"uv": [0, 0, 0, 2], "texture": "#1"},
				"up": {"uv": [1, 0, 0, 0], "texture": "#1"},
				"down": {"uv": [1, 0, 0, 0], "texture": "#1"}
			}
		},
		{
			"name": "cube_outline",
			"from": [6.95355, 21.17109, 9.54224],
			"to": [6.95355, 17.17109, 7.74224],
			"rotation": {"angle": 45, "axis": "y", "origin": [6.95355, 19.17109, 8.64224]},
			"faces": {
				"north": {"uv": [0, 0, 0, 2], "texture": "#1"},
				"east": {"uv": [8.5, 8, 9.5, 10], "texture": "#1"},
				"south": {"uv": [0, 0, 0, 2], "texture": "#1"},
				"west": {"uv": [9, 0, 10, 2], "texture": "#1"},
				"up": {"uv": [0, 1, 0, 0], "texture": "#1"},
				"down": {"uv": [0, 0, 0, 1], "texture": "#1"}
			}
		},
		{
			"name": "cube_outline",
			"from": [8.83995, 16.2, 8.91871],
			"to": [7.03995, 1.8, 7.11871],
			"rotation": {"angle": -45, "axis": "y", "origin": [7.98995, 7.91421, 8.06871]},
			"faces": {
				"north": {"uv": [0, 0, 1, 7], "texture": "#1"},
				"east": {"uv": [1, 0, 2, 7], "texture": "#1"},
				"south": {"uv": [2, 0, 3, 7], "texture": "#1"},
				"west": {"uv": [3, 0, 4, 7], "texture": "#1"},
				"up": {"uv": [11, 4, 10, 3], "texture": "#1"},
				"down": {"uv": [5, 10, 4, 11], "texture": "#1"}
			}
		},
		{
			"name": "cube_outline",
			"from": [9.2, 3.2, 9.2],
			"to": [6.3, 0.3, 6.8],
			"rotation": {"angle": 45, "axis": "z", "origin": [8, 2, 8]},
			"faces": {
				"north": {"uv": [1.5, 7, 3, 8.5], "texture": "#1"},
				"east": {"uv": [9, 2, 10, 3.5], "texture": "#1"},
				"south": {"uv": [3, 7, 4.5, 8.5], "texture": "#1"},
				"west": {"uv": [9, 3.5, 10, 5], "texture": "#1"},
				"up": {"uv": [5.5, 10, 4, 9], "texture": "#1"},
				"down": {"uv": [10.5, 5, 9, 6], "texture": "#1"}
			}
		},
		{
			"from": [5.51421, 18.48947, 6.50879],
			"to": [10.51421, 23.48947, 9.50979],
			"shade": false,
			"light_emission": 8,
			"rotation": {"angle": 45, "axis": "z", "origin": [8.01421, 20.98947, 8.00929]},
			"faces": {
				"north": {"uv": [0, 3, 2.5, 5.5], "texture": "#0"},
				"east": {"uv": [2, 5.5, 3.5, 8], "texture": "#0"},
				"south": {"uv": [2.5, 3, 0, 5.5], "texture": "#0"},
				"west": {"uv": [3.5, 5.5, 5, 8], "texture": "#0"},
				"up": {"uv": [7.5, 7.5, 5, 6], "texture": "#0"},
				"down": {"uv": [9.5, 0, 7, 1.5], "texture": "#0"}
			}
		},
		{
			"from": [7.26421, 12.65, 6.89445],
			"to": [9.26421, 19.65, 8.89445],
			"shade": false,
			"light_emission": 8,
			"rotation": {"angle": -45, "axis": "y", "origin": [8.01421, 4.70343, 7.64445]},
			"faces": {
				"north": {"uv": [7, 1.5, 8, 5], "texture": "#0"},
				"east": {"uv": [0, 7.5, 1, 11], "texture": "#0"},
				"south": {"uv": [1, 7.5, 2, 11], "texture": "#0"},
				"west": {"uv": [5, 7.5, 6, 11], "texture": "#0"},
				"up": {"uv": [10.5, 9, 9.5, 8], "texture": "#0"},
				"down": {"uv": [10.5, 9, 9.5, 10], "texture": "#0"}
			}
		},
		{
			"from": [7.23995, 2, 7.31871],
			"to": [8.63995, 15.5, 8.71871],
			"shade": false,
			"light_emission": 8,
			"rotation": {"angle": -45, "axis": "y", "origin": [7.98995, 7.91421, 8.06871]},
			"faces": {
				"north": {"uv": [7, 7.5, 7.5, 14.5], "texture": "#0"},
				"east": {"uv": [6, 7.5, 6.5, 14.5], "texture": "#0"},
				"south": {"uv": [6.5, 7.5, 7, 14.5], "texture": "#0"},
				"west": {"uv": [7.5, 5, 8, 12], "texture": "#0"},
				"up": {"uv": [7.5, 5.5, 7, 5], "texture": "#0"},
				"down": {"uv": [7.5, 5.5, 7, 6], "texture": "#0"}
			}
		},
		{
			"from": [6.5, 0.5, 7],
			"to": [9, 3, 9],
			"shade": false,
			"light_emission": 8,
			"rotation": {"angle": 45, "axis": "z", "origin": [8, 2, 8]},
			"faces": {
				"north": {"uv": [8, 7, 9.5, 8.5], "texture": "#0"},
				"east": {"uv": [4, 8, 5, 9.5], "texture": "#0"},
				"south": {"uv": [8, 8.5, 9.5, 10], "texture": "#0"},
				"west": {"uv": [9.5, 0, 10.5, 1.5], "texture": "#0"},
				"up": {"uv": [3.5, 10.5, 2, 9.5], "texture": "#0"},
				"down": {"uv": [5, 9.5, 3.5, 10.5], "texture": "#0"}
			}
		},
		{
			"from": [8.01421, 19.925, 7.5095],
			"to": [13.03921, 23.125, 8.4875],
			"shade": false,
			"light_emission": 8,
			"rotation": {"angle": 0, "axis": "y", "origin": [9.01421, 24.03, 7.50784]},
			"faces": {
				"north": {"uv": [0, 0, 2.5, 1.5], "texture": "#0"},
				"east": {"uv": [4.5, 10.5, 5, 12], "texture": "#0"},
				"south": {"uv": [2.5, 0, 0, 1.5], "texture": "#0"},
				"west": {"uv": [8, 10.5, 8.5, 12], "texture": "#0"},
				"up": {"uv": [10.5, 6.5, 8, 6], "texture": "#0"},
				"down": {"uv": [10.5, 6.5, 8, 7], "texture": "#0"}
			}
		},
		{
			"from": [11.37812, 19.11477, 7.489],
			"to": [15.47812, 22.11477, 8.489],
			"shade": false,
			"light_emission": 8,
			"rotation": {"angle": -45, "axis": "z", "origin": [13.42812, 20.61477, 7.9875]},
			"faces": {
				"north": {"uv": [8, 1.5, 10, 3], "texture": "#0"},
				"east": {"uv": [10.5, 3.5, 11, 5], "texture": "#0"},
				"south": {"uv": [10, 1.5, 8, 3], "texture": "#0"},
				"west": {"uv": [4, 10.5, 4.5, 12], "texture": "#0"},
				"up": {"uv": [11.5, 7.5, 9.5, 7], "texture": "#0"},
				"down": {"uv": [11.5, 7.5, 9.5, 8], "texture": "#0"}
			}
		},
		{
			"from": [13.07474, 16.71815, 7.49],
			"to": [17.32474, 20.96815, 8.488],
			"shade": false,
			"light_emission": 8,
			"rotation": {"angle": 0, "axis": "y", "origin": [15.07474, 18.96815, 7.98771]},
			"faces": {
				"north": {"uv": [5, 0, 7, 2], "texture": "#0"},
				"east": {"uv": [10, 1.5, 10.5, 3.5], "texture": "#0"},
				"south": {"uv": [7, 0, 5, 2], "texture": "#0"},
				"west": {"uv": [10, 3.5, 10.5, 5.5], "texture": "#0"},
				"up": {"uv": [12, 6, 10, 5.5], "texture": "#0"},
				"down": {"uv": [10, 10, 8, 10.5], "texture": "#0"}
			}
		}
	],
	"display": {
		"thirdperson_righthand": {
			"rotation": [0, 90, 0],
			"translation": [-0.5, -2, 1.75],
			"scale": [0.85, 0.85, 0.85]
		},
		"thirdperson_lefthand": {
			"rotation": [0, -90, 0],
			"translation": [-0.5, -1.5, 1.75],
			"scale": [0.85, 0.85, 0.85]
		},
		"firstperson_righthand": {
			"rotation": [56.05, 84.96, -44.68],
			"translation": [1.75, -0.5, 0],
			"scale": [0.55, 0.55, 0.55]
		},
		"firstperson_lefthand": {
			"rotation": [-56.05, -84.96, -62],
			"translation": [1.5, -0.5, 0],
			"scale": [0.55, 0.55, 0.55]
		},
		"ground": {
			"rotation": [12.74, 17, -28.36],
			"translation": [0, 1.75, 0],
			"scale": [0.4, 0.4, 0.4]
		},
		"gui": {
			"rotation": [140.93, 0.17, -143.26],
			"translation": [-2.25, -3, 0],
			"scale": [0.75, 0.75, 0.75]
		},
		"fixed": {
			"rotation": [0, 0, 45],
			"translation": [3.5, -3.75, 0],
			"scale": [0.9, 0.9, 0.9]
		}
	},
	"groups": [
		{
			"name": "group",
			"origin": [0, 0, 0],
			"color": 0,
			"children": [
				{
					"name": "group",
					"origin": [8.01421, 20.98947, 8.00929],
					"color": 0,
					"children": [0, 1, 2, 3, 4, 5, 6, 7, 8, 9, 10]
				},
				{
					"name": "bone",
					"origin": [0, 0, 0],
					"color": 0,
					"children": [11, 12, 13, 14, 15, 16, 17]
				}
			]
		}
	]
}