{
	"format_version": "1.21.6",
	"credit": "Made with Blockbench",
	"texture_size": [32, 32],
	"textures": {
		"1": "block/glint/enchanted_copper_axe_outline_fp",
		"2": "block/enchanted/enchanted_copper_axe",
		"particle": "block/glint/enchanted_copper_axe_outline_fp"
	},
	"elements": [
		{
			"from": [6.98995, 2, 7.49371],
			"to": [8.98995, 15, 8.49371],
			"shade": false,
			"light_emission": 15,
			"rotation": {"angle": 0, "axis": "y", "origin": [7.98995, 8.75, 7.99371]},
			"faces": {
				"north": {"uv": [4, 3.5, 5, 10], "texture": "#2"},
				"east": {"uv": [1, 5.5, 1.5, 12], "texture": "#2"},
				"south": {"uv": [4, 3.5, 5, 10], "texture": "#2"},
				"west": {"uv": [1.5, 5.5, 2, 12], "texture": "#2"},
				"up": {"uv": [9, 1.5, 8, 1], "texture": "#2"},
				"down": {"uv": [9.5, 3.5, 8.5, 4], "texture": "#2"}
			}
		},
		{
			"from": [6.51421, 11, 6.99445],
			"to": [9.51421, 23, 8.99445],
			"shade": false,
			"light_emission": 15,
			"rotation": {"angle": 0, "axis": "y", "origin": [8.26421, 7.05343, 7.74445]},
			"faces": {
				"north": {"uv": [2.5, 3.5, 4, 9.5], "texture": "#2"},
				"east": {"uv": [5, 3.5, 6, 9.5], "texture": "#2"},
				"south": {"uv": [4, 3.5, 2.5, 9.5], "texture": "#2"},
				"west": {"uv": [0, 5.5, 1, 11.5], "texture": "#2"},
				"up": {"uv": [9, 2.5, 7.5, 1.5], "texture": "#2"},
				"down": {"uv": [9, 2.5, 7.5, 3.5], "texture": "#2"}
			}
		},
		{
			"from": [4.51421, 15, 7.49445],
			"to": [11.51421, 22, 8.49445],
			"shade": false,
			"light_emission": 15,
			"rotation": {"angle": 0, "axis": "y", "origin": [9.26421, 7.05343, 8.24445]},
			"faces": {
				"north": {"uv": [2.5, 0, 6, 3.5], "texture": "#2"},
				"east": {"uv": [6.5, 1.5, 7, 5], "texture": "#2"},
				"south": {"uv": [6, 0, 2.5, 3.5], "texture": "#2"},
				"west": {"uv": [7, 1.5, 7.5, 5], "texture": "#2"},
				"up": {"uv": [10, 5.5, 6.5, 5], "texture": "#2"},
				"down": {"uv": [9.5, 7, 6, 7.5], "texture": "#2"}
			}
		},
		{
			"from": [11.51421, 13, 7.49445],
			"to": [16.51421, 24, 8.49445],
			"shade": false,
			"light_emission": 15,
			"rotation": {"angle": 0, "axis": "y", "origin": [13.26421, 7.05343, 8.24445]},
			"faces": {
				"north": {"uv": [0, 0, 2.5, 5.5], "texture": "#2"},
				"east": {"uv": [2, 5.5, 2.5, 11], "texture": "#2"},
				"south": {"uv": [2.5, 0, 0, 5.5], "texture": "#2"},
				"west": {"uv": [6, 0, 6.5, 5.5], "texture": "#2"},
				"up": {"uv": [10.5, 0.5, 8, 0], "texture": "#2"},
				"down": {"uv": [10.5, 0.5, 8, 1], "texture": "#2"}
			}
		},
		{
			"from": [6.5, 0, 7],
			"to": [9.5, 3, 9],
			"shade": false,
			"light_emission": 15,
			"rotation": {"angle": 0, "axis": "z", "origin": [8.75, 1.99645, 8]},
			"faces": {
				"north": {"uv": [6, 5.5, 7.5, 7], "texture": "#2"},
				"east": {"uv": [7.5, 3.5, 8.5, 5], "texture": "#2"},
				"south": {"uv": [6.5, 0, 8, 1.5], "texture": "#2"},
				"west": {"uv": [7.5, 5.5, 8.5, 7], "texture": "#2"},
				"up": {"uv": [7.5, 8.5, 6, 7.5], "texture": "#2"},
				"down": {"uv": [9, 7.5, 7.5, 8.5], "texture": "#2"}
			}
		},
		{
			"name": "enchant_outline",
			"from": [16.7, 12.825, 7.2],
			"to": [11.3, 24.2, 8.8],
			"shade": false,
			"light_emission": 15,
			"rotation": {"angle": 0, "axis": "y", "origin": [13.6, 3.6, 13.6]},
			"faces": {
				"north": {"uv": [0, 4, 2.5, 9.5], "texture": "#1"},
				"east": {"uv": [0, 9.5, 1, 15], "texture": "#1"},
				"south": {"uv": [2.5, 4, 5, 9.5], "texture": "#1"},
				"west": {"uv": [9.5, 0, 10.5, 5.5], "texture": "#1"},
				"up": {"uv": [13, 1, 10.5, 0], "texture": "#1"},
				"down": {"uv": [13, 1, 10.5, 2], "texture": "#1"}
			}
		},
		{
			"name": "enchant_outline",
			"from": [11.3, 14.7, 7.2],
			"to": [4.2, 22.2, 8.8],
			"shade": false,
			"light_emission": 15,
			"rotation": {"angle": 0, "axis": "y", "origin": [8.2, 1.6, 13.6]},
			"faces": {
				"north": {"uv": [0, 0, 3.5, 4], "texture": "#1"},
				"east": {"uv": [7, 0, 8, 4], "texture": "#1"},
				"south": {"uv": [3.5, 0, 7, 4], "texture": "#1"},
				"west": {"uv": [1, 9.5, 2, 13.5], "texture": "#1"},
				"up": {"uv": [13, 6.5, 9.5, 5.5], "texture": "#1"},
				"down": {"uv": [13, 6.5, 9.5, 7.5], "texture": "#1"}
			}
		},
		{
			"name": "enchant_outline",
			"from": [9.7, 10.7, 6.7],
			"to": [6.3, 23.2, 9.3],
			"shade": false,
			"light_emission": 15,
			"rotation": {"angle": 0, "axis": "y", "origin": [6.6, 1.6, 13.6]},
			"faces": {
				"north": {"uv": [5, 4, 6.5, 10.5], "texture": "#1"},
				"east": {"uv": [6.5, 4, 8, 10.5], "texture": "#1"},
				"south": {"uv": [8, 0, 9.5, 6.5], "texture": "#1"},
				"west": {"uv": [8, 6.5, 9.5, 13], "texture": "#1"},
				"up": {"uv": [12, 3.5, 10.5, 2], "texture": "#1"},
				"down": {"uv": [12, 3.5, 10.5, 5], "texture": "#1"}
			}
		},
		{
			"name": "enchant_outline",
			"from": [9.2, 3.3, 7.275],
			"to": [6.8, 10.7, 8.675],
			"shade": false,
			"light_emission": 15,
			"rotation": {"angle": 0, "axis": "y", "origin": [6.1, -10.65, 14.175]},
			"faces": {
				"north": {"uv": [2, 9.5, 3, 13], "texture": "#1"},
				"east": {"uv": [6, 10.5, 6.5, 14], "texture": "#1"},
				"south": {"uv": [3, 9.5, 4, 13], "texture": "#1"},
				"west": {"uv": [6.5, 10.5, 7, 14], "texture": "#1"},
				"up": {"uv": [11.5, 5.5, 10.5, 5], "texture": "#1"},
				"down": {"uv": [8, 10.5, 7, 11], "texture": "#1"}
			}
		},
		{
			"name": "enchant_outline",
			"from": [9.7, -0.2, 6.775],
			"to": [6.3, 3.3, 9.175],
			"shade": false,
			"light_emission": 15,
			"rotation": {"angle": 0, "axis": "y", "origin": [6.6, -18.05, 14.175]},
			"faces": {
				"north": {"uv": [9.5, 7.5, 11, 9.5], "texture": "#1"},
				"east": {"uv": [4, 9.5, 5, 11.5], "texture": "#1"},
				"south": {"uv": [9.5, 9.5, 11, 11.5], "texture": "#1"},
				"west": {"uv": [5, 10.5, 6, 12.5], "texture": "#1"},
				"up": {"uv": [12.5, 8.5, 11, 7.5], "texture": "#1"},
				"down": {"uv": [12.5, 8.5, 11, 9.5], "texture": "#1"}
			}
		}
	],
	"display": {
		"thirdperson_righthand": {
			"rotation": [0, 90, 0],
			"translation": [-0.5, -2, 1.75],
			"scale": [0.85, 0.85, 0.85]
		},
		"thirdperson_lefthand": {
			"rotation": [0, -90, 0],
			"translation": [-0.5, -1.5, 1.75],
			"scale": [0.85, 0.85, 0.85]
		},
		"firstperson_righthand": {
			"rotation": [56.05, 84.96, -44.68],
			"translation": [1.75, -0.5, 0],
			"scale": [0.55, 0.55, 0.55]
		},
		"firstperson_lefthand": {
			"rotation": [-56.05, -84.96, -62],
			"translation": [1.5, -0.5, 0],
			"scale": [0.55, 0.55, 0.55]
		},
		"ground": {
			"rotation": [12.74, 17, -28.36],
			"translation": [0, 1.75, 0],
			"scale": [0.4, 0.4, 0.4]
		},
		"gui": {
			"rotation": [140.93, 0.17, -143.26],
			"translation": [-2.25, -3, 0],
			"scale": [0.75, 0.75, 0.75]
		},
		"fixed": {
			"rotation": [0, 0, 45],
			"translation": [3.5, -3.75, 0],
			"scale": [0.9, 0.9, 0.9]
		}
	},
	"groups": [
		0,
		1,
		{
			"name": "head",
			"origin": [10.26421, 8.45343, 7.74445],
			"color": 0,
			"children": [2, 3]
		},
		4,
		{
			"name": "enchant",
			"origin": [13.6, 3.6, 13.6],
			"color": 0,
			"children": [5, 6, 7, 8, 9]
		}
	]
}