{
	"format_version": "1.21.6",
	"credit": "davka",
	"texture_size": [32, 32],
	"textures": {
		"1": "block/enchanted/enchanted_iron_sword",
		"2": "block/glint/enchanted_iron_sword_glint_fp",
		"particle": "block/glint/enchanted_iron_sword_glint_fp"
	},
	"elements": [
		{
			"from": [7.50629, 2, 6.98995],
			"to": [8.50629, 7, 8.98995],
			"shade": false,
			"rotation": {"angle": 0, "axis": "y", "origin": [8.00629, 8.75, 7.98995]},
			"faces": {
				"north": {"uv": [3, 6.25, 3.25, 7.5], "texture": "#1"},
				"east": {"uv": [2.5, 6.25, 3, 7.5], "texture": "#1"},
				"south": {"uv": [3.75, 6.25, 4, 7.5], "texture": "#1"},
				"west": {"uv": [3.25, 6.25, 3.75, 7.5], "texture": "#1"},
				"up": {"uv": [3.25, 6.25, 3, 5.75], "texture": "#1"},
				"down": {"uv": [3.5, 5.75, 3.25, 6.25], "texture": "#1"}
			}
		},
		{
			"from": [6.50629, 7, 4],
			"to": [9.50629, 8, 12],
			"shade": false,
			"rotation": {"angle": 0, "axis": "y", "origin": [8.00629, 9.75, 8]},
			"faces": {
				"north": {"uv": [5.5, 5.5, 6.25, 5.75], "texture": "#1"},
				"east": {"uv": [3.5, 5.5, 5.5, 5.75], "texture": "#1"},
				"south": {"uv": [8.25, 5.5, 9, 5.75], "texture": "#1"},
				"west": {"uv": [6.25, 5.5, 8.25, 5.75], "texture": "#1"},
				"up": {"uv": [6.25, 5.5, 5.5, 3.5], "texture": "#1"},
				"down": {"uv": [7, 3.5, 6.25, 5.5], "texture": "#1"}
			}
		},
		{
			"from": [7.50629, 8, 4.98995],
			"to": [8.50629, 19, 10.98995],
			"shade": false,
			"rotation": {"angle": 0, "axis": "y", "origin": [7.00629, 35.75, 8.98995]},
			"faces": {
				"north": {"uv": [1.5, 1.5, 1.75, 5], "texture": "#1"},
				"east": {"uv": [3.25, 2.25, 1.75, 5], "texture": "#1"},
				"south": {"uv": [3.25, 1.5, 3.5, 5], "texture": "#1"},
				"west": {"uv": [1.75, 2.25, 3.25, 5], "texture": "#1"},
				"up": {"uv": [1.75, 1.5, 1.5, 0], "texture": "#1"},
				"down": {"uv": [2, 0, 1.75, 1.5], "texture": "#1"}
			}
		},
		{
			"from": [7.50629, 19, 4.98995],
			"to": [8.50629, 25, 12.98995],
			"shade": false,
			"rotation": {"angle": 0, "axis": "y", "origin": [7.00629, 35.75, 7.98995]},
			"faces": {
				"north": {"uv": [5.5, 2, 5.75, 3.5], "texture": "#1"},
				"east": {"uv": [7.75, 2, 5.75, 3.5], "texture": "#1"},
				"south": {"uv": [7.75, 2, 8, 3.5], "texture": "#1"},
				"west": {"uv": [5.75, 2, 7.75, 3.5], "texture": "#1"},
				"up": {"uv": [5.75, 2, 5.5, 0], "texture": "#1"},
				"down": {"uv": [6, 0, 5.75, 2], "texture": "#1"}
			}
		},
		{
			"from": [7, -1, 6.5],
			"to": [9, 2, 9.5],
			"shade": false,
			"rotation": {"angle": 0, "axis": "y", "origin": [8, 0.99645, 8.75]},
			"faces": {
				"north": {"uv": [0.75, 5.75, 1.25, 6.5], "texture": "#1"},
				"east": {"uv": [0, 5.75, 0.75, 6.5], "texture": "#1"},
				"south": {"uv": [2, 5.75, 2.5, 6.5], "texture": "#1"},
				"west": {"uv": [1.25, 5.75, 2, 6.5], "texture": "#1"},
				"up": {"uv": [1.25, 5.75, 0.75, 5], "texture": "#1"},
				"down": {"uv": [1.75, 5, 1.25, 5.75], "texture": "#1"}
			}
		},
		{
			"name": "cube_outline",
			"from": [8.70629, 7.2, 9.18995],
			"to": [7.30629, 1.8, 6.78995],
			"rotation": {"angle": 0, "axis": "y", "origin": [8.00629, 8.75, 7.98995]},
			"faces": {
				"north": {"uv": [7.5, 3, 8, 5.5], "texture": "#2"},
				"east": {"uv": [1, 5.5, 2, 8], "texture": "#2"},
				"south": {"uv": [7.5, 7, 8, 9.5], "texture": "#2"},
				"west": {"uv": [2, 5.5, 3, 8], "texture": "#2"},
				"up": {"uv": [3, 9, 2.5, 8], "texture": "#2"},
				"down": {"uv": [8.5, 3, 8, 4], "texture": "#2"}
			}
		},
		{
			"name": "cube_outline",
			"from": [9.70629, 8.2, 12.2],
			"to": [6.30629, 6.8, 3.8],
			"rotation": {"angle": 0, "axis": "y", "origin": [8.00629, 9.75, 8]},
			"faces": {
				"north": {"uv": [7.5, 5.5, 9, 6], "texture": "#2"},
				"east": {"uv": [6, 6, 10, 6.5], "texture": "#2"},
				"south": {"uv": [1, 8, 2.5, 8.5], "texture": "#2"},
				"west": {"uv": [6, 6.5, 10, 7], "texture": "#2"},
				"up": {"uv": [4.5, 7, 3, 3], "texture": "#2"},
				"down": {"uv": [6, 3, 4.5, 7], "texture": "#2"}
			}
		},
		{
			"name": "cube_outline",
			"from": [8.70629, 18.8, 11.18995],
			"to": [7.30629, 7.8, 4.78995],
			"rotation": {"angle": 0, "axis": "y", "origin": [7.00629, 35.35, 8.98995]},
			"faces": {
				"north": {"uv": [0, 5.5, 0.5, 11], "texture": "#2"},
				"east": {"uv": [0, 0, 3, 5.5], "texture": "#2"},
				"south": {"uv": [0.5, 5.5, 1, 11], "texture": "#2"},
				"west": {"uv": [3, 0, 0, 5.5], "texture": "#2"},
				"up": {"uv": [7.5, 3, 7, 0], "texture": "#2"},
				"down": {"uv": [4.5, 7, 4, 10], "texture": "#2"}
			}
		},
		{
			"name": "cube_outline",
			"from": [8.70629, 25.2, 13.18995],
			"to": [7.30629, 18.8, 4.78995],
			"rotation": {"angle": 0, "axis": "y", "origin": [7.00629, 35.75, 7.98995]},
			"faces": {
				"north": {"uv": [4.5, 7, 5, 10], "texture": "#2"},
				"east": {"uv": [3, 0, 7, 3], "texture": "#2"},
				"south": {"uv": [5, 7, 5.5, 10], "texture": "#2"},
				"west": {"uv": [7, 0, 3, 3], "texture": "#2"},
				"up": {"uv": [3.5, 11, 3, 7], "texture": "#2"},
				"down": {"uv": [4, 7, 3.5, 11], "texture": "#2"}
			}
		},
		{
			"name": "cube_outline",
			"from": [9.2, 2.2, 9.7],
			"to": [6.8, -1.2, 6.3],
			"rotation": {"angle": 0, "axis": "y", "origin": [8, 0.99645, 8.75]},
			"faces": {
				"north": {"uv": [5.5, 7, 6.5, 8.5], "texture": "#2"},
				"east": {"uv": [6, 3, 7.5, 4.5], "texture": "#2"},
				"south": {"uv": [6.5, 7, 7.5, 8.5], "texture": "#2"},
				"west": {"uv": [6, 4.5, 7.5, 6], "texture": "#2"},
				"up": {"uv": [8.5, 1.5, 7.5, 0], "texture": "#2"},
				"down": {"uv": [8.5, 1.5, 7.5, 3], "texture": "#2"}
			}
		}
	],
	"display": {
		"thirdperson_righthand": {
			"translation": [-0.5, 1, 2],
			"scale": [0.85, 0.85, 0.85]
		},
		"thirdperson_lefthand": {
			"translation": [-0.5, 1.75, 2],
			"scale": [0.85, 0.85, 0.85]
		},
		"firstperson_righthand": {
			"rotation": [7.32, -6.35, -6.85],
			"translation": [2, 1.75, -0.25],
			"scale": [0.55, 0.55, 0.55]
		},
		"firstperson_lefthand": {
			"rotation": [7.32, -6.35, -6.85],
			"translation": [2, 1.75, -0.25],
			"scale": [0.55, 0.55, 0.55]
		},
		"ground": {
			"rotation": [-45, 0, 0],
			"translation": [0, 2, 0],
			"scale": [0.5, 0.5, 0.5]
		},
		"gui": {
			"rotation": [35.89, 49.3, -67.72],
			"translation": [-2.5, -3, 0],
			"scale": [0.7, 0.7, 0.7]
		},
		"fixed": {
			"rotation": [-90, 45, 90],
			"translation": [4.25, -4.25, 0]
		}
	},
	"groups": [
		0,
		1,
		2,
		3,
		4,
		{
			"name": "group",
			"origin": [8.00629, 8.75, 7.98995],
			"color": 0,
			"children": [5, 6, 7, 8, 9]
		}
	]
}