{
	"format_version": "1.21.6",
	"credit": "davka",
	"texture_size": [32, 32],
	"textures": {
		"1": "block/glint/enchanted_netherite_shovel_glint_fp",
		"2": "block/enchanted/enchanted_netherite_shovel",
		"particle": "block/glint/enchanted_netherite_shovel_glint_fp"
	},
	"elements": [
		{
			"from": [7.23995, 2, 7.31871],
			"to": [8.63995, 16, 8.71871],
			"rotation": {"angle": -45, "axis": "y", "origin": [7.98995, 7.91421, 8.06871]},
			"faces": {
				"north": {"uv": [0, 4, 0.5, 11], "texture": "#2"},
				"east": {"uv": [0.5, 4, 1, 11], "texture": "#2"},
				"south": {"uv": [1, 4, 1.5, 11], "texture": "#2"},
				"west": {"uv": [1.5, 4, 2, 11], "texture": "#2"},
				"up": {"uv": [7.5, 4, 7, 3.5], "texture": "#2"},
				"down": {"uv": [7, 8.5, 6.5, 9], "texture": "#2"}
			}
		},
		{
			"from": [7.21421, 14, 6.89445],
			"to": [9.21421, 20, 8.89445],
			"rotation": {"angle": -45, "axis": "y", "origin": [7.96421, 5.10343, 7.64445]},
			"faces": {
				"north": {"uv": [2, 4, 3, 7], "texture": "#2"},
				"east": {"uv": [3, 4, 4, 7], "texture": "#2"},
				"south": {"uv": [4, 4, 5, 7], "texture": "#2"},
				"west": {"uv": [5, 4, 6, 7], "texture": "#2"},
				"up": {"uv": [6.5, 8.5, 5.5, 7.5], "texture": "#2"},
				"down": {"uv": [8.5, 5.5, 7.5, 6.5], "texture": "#2"}
			}
		},
		{
			"from": [6.5, 0.5, 7],
			"to": [9, 3, 9],
			"rotation": {"angle": 45, "axis": "z", "origin": [8, 2, 8]},
			"faces": {
				"north": {"uv": [6, 4, 7.5, 5.5], "texture": "#2"},
				"east": {"uv": [6.5, 7, 7.5, 8.5], "texture": "#2"},
				"south": {"uv": [6, 5.5, 7.5, 7], "texture": "#2"},
				"west": {"uv": [3, 7.5, 4, 9], "texture": "#2"},
				"up": {"uv": [9, 4.5, 7.5, 3.5], "texture": "#2"},
				"down": {"uv": [5.5, 7.5, 4, 8.5], "texture": "#2"}
			}
		},
		{
			"from": [4.51005, 17.02, 7.508],
			"to": [11.51005, 25.02, 8.508],
			"rotation": {"angle": 0, "axis": "y", "origin": [4.51005, 18, 7.50805]},
			"faces": {
				"north": {"uv": [0, 0, 3.5, 4], "texture": "#2"},
				"east": {"uv": [2, 7, 2.5, 11], "texture": "#2"},
				"south": {"uv": [3.5, 0, 0, 4], "texture": "#2"},
				"west": {"uv": [2.5, 7, 3, 11], "texture": "#2"},
				"up": {"uv": [6.5, 7.5, 3, 7], "texture": "#2"},
				"down": {"uv": [10.5, 3, 7, 3.5], "texture": "#2"}
			}
		},
		{
			"from": [6.1565, 23.16645, 7.507],
			"to": [8.98493, 25.99487, 8.509],
			"rotation": {"angle": 45, "axis": "z", "origin": [6.51005, 23.52, 8.0085]},
			"faces": {
				"north": {"uv": [7, 1.5, 8.5, 3], "texture": "#2"},
				"east": {"uv": [8.5, 1, 9, 2.5], "texture": "#2"},
				"south": {"uv": [8.5, 1.5, 7, 3], "texture": "#2"},
				"west": {"uv": [4, 8.5, 4.5, 10], "texture": "#2"},
				"up": {"uv": [10, 3, 8.5, 2.5], "texture": "#2"},
				"down": {"uv": [6, 8.5, 4.5, 9], "texture": "#2"}
			}
		},
		{
			"from": [7.01507, 23.16645, 7.507],
			"to": [9.8435, 25.99487, 8.509],
			"rotation": {"angle": -45, "axis": "z", "origin": [9.48995, 23.52, 8.0085]},
			"faces": {
				"north": {"uv": [7, 0, 8.5, 1.5], "texture": "#2"},
				"east": {"uv": [7.5, 7.5, 8, 9], "texture": "#2"},
				"south": {"uv": [8.5, 0, 7, 1.5], "texture": "#2"},
				"west": {"uv": [8, 7.5, 8.5, 9], "texture": "#2"},
				"up": {"uv": [10, 0.5, 8.5, 0], "texture": "#2"},
				"down": {"uv": [10, 0.5, 8.5, 1], "texture": "#2"}
			}
		},
		{
			"from": [6.51005, 25.02, 7.508],
			"to": [9.51005, 27.02, 8.508],
			"rotation": {"angle": 0, "axis": "y", "origin": [4.51005, 19, 7.50805]},
			"faces": {
				"north": {"uv": [7.5, 4.5, 9, 5.5], "texture": "#2"},
				"east": {"uv": [8.5, 5.5, 9, 6.5], "texture": "#2"},
				"south": {"uv": [9, 4.5, 7.5, 5.5], "texture": "#2"},
				"west": {"uv": [6, 8.5, 6.5, 9.5], "texture": "#2"},
				"up": {"uv": [9, 7, 7.5, 6.5], "texture": "#2"},
				"down": {"uv": [9, 7, 7.5, 7.5], "texture": "#2"}
			}
		},
		{
			"name": "cube_outline",
			"from": [8.83995, 16.2, 8.91871],
			"to": [7.03995, 1.8, 7.11871],
			"rotation": {"angle": -45, "axis": "y", "origin": [7.98995, 7.91421, 8.06871]},
			"faces": {
				"north": {"uv": [3.5, 0, 4.5, 7], "texture": "#1"},
				"east": {"uv": [0, 4, 1, 11], "texture": "#1"},
				"south": {"uv": [1, 4, 2, 11], "texture": "#1"},
				"west": {"uv": [2, 4, 3, 11], "texture": "#1"},
				"up": {"uv": [7, 8.5, 6, 7.5], "texture": "#1"},
				"down": {"uv": [8.5, 6, 7.5, 7], "texture": "#1"}
			}
		},
		{
			"name": "cube_outline",
			"from": [9.41421, 20.2, 9.09445],
			"to": [7.01421, 13.8, 6.69445],
			"rotation": {"angle": -45, "axis": "y", "origin": [7.96421, 5.10343, 7.64445]},
			"faces": {
				"north": {"uv": [4.5, 0, 5.5, 3], "texture": "#1"},
				"east": {"uv": [4.5, 3, 5.5, 6], "texture": "#1"},
				"south": {"uv": [5.5, 0, 6.5, 3], "texture": "#1"},
				"west": {"uv": [5.5, 3, 6.5, 6], "texture": "#1"},
				"up": {"uv": [8, 8.5, 7, 7.5], "texture": "#1"},
				"down": {"uv": [9, 0, 8, 1], "texture": "#1"}
			}
		},
		{
			"name": "cube_outline",
			"from": [9.2, 3.2, 9.2],
			"to": [6.3, 0.3, 6.8],
			"rotation": {"angle": 45, "axis": "z", "origin": [8, 2, 8]},
			"faces": {
				"north": {"uv": [4.5, 6, 6, 7.5], "texture": "#1"},
				"east": {"uv": [7, 2, 8, 3.5], "texture": "#1"},
				"south": {"uv": [6, 6, 7.5, 7.5], "texture": "#1"},
				"west": {"uv": [3.5, 7, 4.5, 8.5], "texture": "#1"},
				"up": {"uv": [8.5, 4.5, 7, 3.5], "texture": "#1"},
				"down": {"uv": [8.5, 4.5, 7, 5.5], "texture": "#1"}
			}
		},
		{
			"name": "cube_outline",
			"from": [11.71005, 25.07, 8.708],
			"to": [4.31005, 16.87, 7.308],
			"rotation": {"angle": 0, "axis": "y", "origin": [4.51005, 17.85, 7.50805]},
			"faces": {
				"north": {"uv": [0, 0, 3.5, 4], "texture": "#1"},
				"east": {"uv": [3, 4, 3.5, 8], "texture": "#1"},
				"south": {"uv": [0, 0, 3.5, 4], "texture": "#1"},
				"west": {"uv": [6.5, 1.5, 7, 5.5], "texture": "#1"},
				"up": {"uv": [10, 6, 6.5, 5.5], "texture": "#1"},
				"down": {"uv": [10.5, 1.5, 7, 2], "texture": "#1"}
			}
		},
		{
			"name": "cube_outline",
			"from": [8.17834, 28.38387, 8.71],
			"to": [5.15334, 25.15545, 7.308],
			"rotation": {"angle": 45, "axis": "z", "origin": [8.73189, 25.709, 8.0095]},
			"faces": {
				"north": {"uv": [6.5, 0, 8, 1.5], "texture": "#1"},
				"east": {"uv": [8, 2, 8.5, 3.5], "texture": "#1"},
				"south": {"uv": [6.5, 0, 8, 1.5], "texture": "#1"},
				"west": {"uv": [3, 8, 3.5, 9.5], "texture": "#1"},
				"up": {"uv": [9, 7.5, 7.5, 7], "texture": "#1"},
				"down": {"uv": [9.5, 1, 8, 1.5], "texture": "#1"}
			}
		},
		{
			"name": "cube_outline",
			"from": [9.55095, 27.209, 8.708],
			"to": [6.30095, 24.809, 7.308],
			"rotation": {"angle": 0, "axis": "y", "origin": [15.00095, 18.989, 7.50805]},
			"faces": {
				"north": {"uv": [4.5, 7.5, 6, 8.5], "texture": "#1"},
				"east": {"uv": [8.5, 2, 9, 3], "texture": "#1"},
				"south": {"uv": [6, 7.5, 4.5, 8.5], "texture": "#1"},
				"west": {"uv": [8.5, 3, 9, 4], "texture": "#1"},
				"up": {"uv": [9.5, 8, 8, 7.5], "texture": "#1"},
				"down": {"uv": [9.5, 8, 8, 8.5], "texture": "#1"}
			}
		},
		{
			"name": "cube_outline",
			"from": [10.84666, 28.38387, 8.71],
			"to": [7.82166, 25.15545, 7.308],
			"rotation": {"angle": -45, "axis": "z", "origin": [7.26811, 25.709, 8.0095]},
			"faces": {
				"north": {"uv": [6.5, 0, 8, 1.5], "texture": "#1"},
				"east": {"uv": [3.5, 8, 3, 9.5], "texture": "#1"},
				"south": {"uv": [8, 0, 6.5, 1.5], "texture": "#1"},
				"west": {"uv": [8.5, 2, 8, 3.5], "texture": "#1"},
				"up": {"uv": [9, 7.5, 7.5, 7], "texture": "#1"},
				"down": {"uv": [9.5, 1.5, 8, 1], "texture": "#1"}
			}
		}
	],
	"display": {
		"thirdperson_righthand": {
			"rotation": [0, 90, 0],
			"translation": [-0.5, -2, 1.75],
			"scale": [0.85, 0.85, 0.85]
		},
		"thirdperson_lefthand": {
			"rotation": [0, -90, 0],
			"translation": [-0.5, -1.5, 1.75],
			"scale": [0.85, 0.85, 0.85]
		},
		"firstperson_righthand": {
			"rotation": [56.05, 84.96, -44.68],
			"translation": [1.75, -0.5, 0],
			"scale": [0.55, 0.55, 0.55]
		},
		"firstperson_lefthand": {
			"rotation": [-56.05, -84.96, -62],
			"translation": [1.5, -0.5, 0],
			"scale": [0.55, 0.55, 0.55]
		},
		"ground": {
			"rotation": [12.74, 17, -28.36],
			"translation": [0, 1.75, 0],
			"scale": [0.4, 0.4, 0.4]
		},
		"gui": {
			"rotation": [140.93, 0.17, -143.26],
			"translation": [-2.25, -3, 0],
			"scale": [0.75, 0.75, 0.75]
		},
		"fixed": {
			"rotation": [0, 0, 45],
			"translation": [3.5, -3.75, 0],
			"scale": [0.9, 0.9, 0.9]
		}
	},
	"groups": [
		{
			"name": "group",
			"origin": [7.98995, 7.91421, 8.06871],
			"color": 0,
			"children": [0, 1, 2]
		},
		3,
		4,
		5,
		6,
		{
			"name": "group",
			"origin": [7.98995, 7.91421, 8.06871],
			"color": 0,
			"children": [7, 8, 9, 10, 11, 12, 13]
		}
	]
}