{
	"format_version": "1.21.6",
	"credit": "davka",
	"texture_size": [32, 32],
	"textures": {
		"0": "block/glint/enchanted_netherite_pickaxe_glint_fp",
		"1": "block/enchanted/enchanted_netherite_pickaxe",
		"particle": "block/glint/enchanted_netherite_pickaxe_glint_fp"
	},
	"elements": [
		{
			"from": [9.01079, 18.675, 7.5095],
			"to": [13.98579, 21.875, 8.4985],
			"rotation": {"angle": 0, "axis": "y", "origin": [8.98579, 22.78, 8.00867]},
			"faces": {
				"north": {"uv": [0, 0, 2.5, 1.5], "texture": "#1"},
				"east": {"uv": [6, 8.5, 6.5, 10], "texture": "#1"},
				"south": {"uv": [2.5, 1.5, 0, 3], "texture": "#1"},
				"west": {"uv": [6.5, 8.5, 7, 10], "texture": "#1"},
				"up": {"uv": [8, 0.5, 5, 0], "texture": "#1"},
				"down": {"uv": [7.5, 0.5, 5, 1], "texture": "#1"}
			}
		},
		{
			"from": [13.15393, 22.69328, 7.509],
			"to": [20.15393, 25.69328, 8.509],
			"rotation": {"angle": -45, "axis": "z", "origin": [8.96079, 22.78, 7.99817]},
			"faces": {
				"north": {"uv": [0, 3, 3.5, 4.5], "texture": "#1"},
				"east": {"uv": [8.5, 6.5, 9, 8], "texture": "#1"},
				"south": {"uv": [3.5, 3, 7, 4.5], "texture": "#1"},
				"west": {"uv": [7, 8.5, 7.5, 10], "texture": "#1"},
				"up": {"uv": [8.5, 3, 5, 2.5], "texture": "#1"},
				"down": {"uv": [10, 1, 6.5, 1.5], "texture": "#1"}
			}
		},
		{
			"from": [13.81422, 14.80393, 7.5099],
			"to": [16.81422, 16.95393, 8.5079],
			"rotation": {"angle": 0, "axis": "y", "origin": [14.81422, 15.30393, 8.01]},
			"faces": {
				"north": {"uv": [7, 3, 8.5, 4], "texture": "#1"},
				"east": {"uv": [10, 1, 10.5, 2], "texture": "#1"},
				"south": {"uv": [7, 4, 8.5, 5], "texture": "#1"},
				"west": {"uv": [10, 2, 10.5, 3], "texture": "#1"},
				"up": {"uv": [10, 8.5, 8.5, 8], "texture": "#1"},
				"down": {"uv": [10, 8.5, 8.5, 9], "texture": "#1"}
			}
		},
		{
			"from": [12.87488, 16.0717, 7.511],
			"to": [15.69988, 16.9467, 8.507],
			"rotation": {"angle": 45, "axis": "z", "origin": [14.87488, 16.5717, 8.01]},
			"faces": {
				"north": {"uv": [9, 6.5, 10.5, 7], "texture": "#1"},
				"east": {"uv": [10, 5, 10.5, 5.5], "texture": "#1"},
				"south": {"uv": [9, 7, 10.5, 7.5], "texture": "#1"},
				"west": {"uv": [10, 5.5, 10.5, 6], "texture": "#1"},
				"up": {"uv": [9, 9.5, 7.5, 9], "texture": "#1"},
				"down": {"uv": [10.5, 7.5, 9, 8], "texture": "#1"}
			}
		},
		{
			"name": "cube_outline",
			"from": [8.83995, 16.2, 8.91871],
			"to": [7.03995, 1.8, 7.11871],
			"rotation": {"angle": -45, "axis": "y", "origin": [7.98995, 7.91421, 8.06871]},
			"faces": {
				"north": {"uv": [0, 4, 1, 11], "texture": "#0"},
				"east": {"uv": [1, 4, 2, 11], "texture": "#0"},
				"south": {"uv": [2, 4, 3, 11], "texture": "#0"},
				"west": {"uv": [3, 4, 4, 11], "texture": "#0"},
				"up": {"uv": [11, 2, 10, 1], "texture": "#0"},
				"down": {"uv": [11, 2, 10, 3], "texture": "#0"}
			}
		},
		{
			"name": "cube_outline",
			"from": [14.0565, 22.08713, 8.709],
			"to": [9.1815, 18.48713, 7.32],
			"rotation": {"angle": 0, "axis": "y", "origin": [13.8565, 22.79213, 8.01917]},
			"faces": {
				"north": {"uv": [0, 0, 5, 2], "texture": "#0"},
				"east": {"uv": [8, 10, 8.5, 12], "texture": "#0"},
				"south": {"uv": [0, 2, 5, 4], "texture": "#0"},
				"west": {"uv": [8.5, 10, 9, 12], "texture": "#0"},
				"up": {"uv": [9.45, 3.5, 5, 3], "texture": "#0"},
				"down": {"uv": [10, 3.5, 5, 4], "texture": "#0"}
			}
		},
		{
			"name": "cube_outline",
			"from": [18.21581, 20.7314, 8.709],
			"to": [10.91581, 17.4514, 7.309],
			"rotation": {"angle": -45, "axis": "z", "origin": [14.12267, 17.61812, 7.99817]},
			"faces": {
				"north": {"uv": [4, 4, 7.5, 5.5], "texture": "#0"},
				"east": {"uv": [10, 10, 10.5, 11.5], "texture": "#0"},
				"south": {"uv": [5, 0, 8.5, 1.5], "texture": "#0"},
				"west": {"uv": [10.5, 6, 11, 7.5], "texture": "#0"},
				"up": {"uv": [12.5125, 4.5, 9.225, 4], "texture": "#0"},
				"down": {"uv": [12.5, 4.5, 9, 5], "texture": "#0"}
			}
		},
		{
			"name": "cube_outline",
			"from": [16.89907, 17.15594, 8.707],
			"to": [13.69907, 14.60594, 7.309],
			"rotation": {"angle": 0, "axis": "y", "origin": [14.69907, 15.30594, 8.0091]},
			"faces": {
				"north": {"uv": [7.5, 4, 9, 5.5], "texture": "#0"},
				"east": {"uv": [10.5, 7.5, 11, 9], "texture": "#0"},
				"south": {"uv": [7.5, 5.5, 9, 7], "texture": "#0"},
				"west": {"uv": [10.5, 10, 11, 11.5], "texture": "#0"},
				"up": {"uv": [1.5, 11.5, 0, 11], "texture": "#0"},
				"down": {"uv": [12.5, 1, 11, 1.5], "texture": "#0"}
			}
		},
		{
			"name": "cube_outline",
			"from": [15.90847, 17.10781, 8.705],
			"to": [12.68347, 16.00781, 7.309],
			"rotation": {"angle": 45, "axis": "z", "origin": [14.88347, 16.53281, 8.008]},
			"faces": {
				"north": {"uv": [1.5, 11, 3, 11.5], "texture": "#0"},
				"east": {"uv": [9, 6, 9.5, 6.5], "texture": "#0"},
				"south": {"uv": [11, 1.5, 12.5, 2], "texture": "#0"},
				"west": {"uv": [9, 6.5, 9.5, 7], "texture": "#0"},
				"up": {"uv": [12.5, 2.5, 11, 2], "texture": "#0"},
				"down": {"uv": [12.3875, 2.5, 11, 3], "texture": "#0"}
			}
		},
		{
			"name": "cube_outline",
			"from": [9.41421, 23.2, 9.09445],
			"to": [7.01421, 13.3, 6.69445],
			"rotation": {"angle": -45, "axis": "y", "origin": [7.96421, 5.10343, 7.64445]},
			"faces": {
				"north": {"uv": [4, 7, 5, 11.5], "texture": "#0"},
				"east": {"uv": [5, 7, 6, 11.5], "texture": "#0"},
				"south": {"uv": [6, 7, 7, 11.5], "texture": "#0"},
				"west": {"uv": [7, 7, 8, 11.5], "texture": "#0"},
				"up": {"uv": [11, 4, 10, 3], "texture": "#0"},
				"down": {"uv": [10, 10, 9, 11], "texture": "#0"}
			}
		},
		{
			"name": "cube_outline",
			"from": [9.2, 3.2, 9.2],
			"to": [6.3, 0.3, 6.8],
			"rotation": {"angle": 45, "axis": "z", "origin": [8, 2, 8]},
			"faces": {
				"north": {"uv": [8.5, 1.5, 10, 3], "texture": "#0"},
				"east": {"uv": [9.5, 6, 10.5, 7.5], "texture": "#0"},
				"south": {"uv": [8, 8.5, 9.5, 10], "texture": "#0"},
				"west": {"uv": [9.5, 7.5, 10.5, 9], "texture": "#0"},
				"up": {"uv": [11, 10, 9.5, 9], "texture": "#0"},
				"down": {"uv": [11.5, 0, 10, 1], "texture": "#0"}
			}
		},
		{
			"from": [7.36005, 2, 7.31871],
			"to": [8.76005, 16, 8.71871],
			"rotation": {"angle": 45, "axis": "y", "origin": [8.01005, 7.91421, 8.06871]},
			"faces": {
				"north": {"uv": [4.5, 6, 4, 13], "texture": "#1"},
				"east": {"uv": [6, 6, 5.5, 13], "texture": "#1"},
				"south": {"uv": [5.5, 6, 5, 13], "texture": "#1"},
				"west": {"uv": [5, 6, 4.5, 13], "texture": "#1"},
				"up": {"uv": [7, 10.5, 7.5, 10], "texture": "#1"},
				"down": {"uv": [7.5, 10, 8, 10.5], "texture": "#1"}
			}
		},
		{
			"from": [6.78579, 13.325, 6.89445],
			"to": [8.78579, 22.95, 8.89445],
			"rotation": {"angle": 45, "axis": "y", "origin": [8.03579, 5.22843, 7.64445]},
			"faces": {
				"north": {"uv": [1, 6, 0, 10.5], "texture": "#1"},
				"east": {"uv": [4, 6, 3, 10.5], "texture": "#1"},
				"south": {"uv": [3, 6, 2, 10.5], "texture": "#1"},
				"west": {"uv": [2, 6, 1, 10.5], "texture": "#1"},
				"up": {"uv": [8.5, 5.5, 9.5, 4.5], "texture": "#1"},
				"down": {"uv": [8.5, 5.5, 9.5, 6.5], "texture": "#1"}
			}
		},
		{
			"from": [7, 0.5, 7],
			"to": [9.5, 3, 9],
			"rotation": {"angle": -45, "axis": "z", "origin": [8, 2, 8]},
			"faces": {
				"north": {"uv": [6, 1, 5, 2], "texture": "#1"},
				"east": {"uv": [8.5, 7.5, 7.5, 8.5], "texture": "#1"},
				"south": {"uv": [7, 6, 6, 7], "texture": "#1"},
				"west": {"uv": [8.5, 6, 7.5, 7.5], "texture": "#1"},
				"up": {"uv": [8.5, 3.5, 9.5, 2.5], "texture": "#1"},
				"down": {"uv": [8.5, 3.5, 9.5, 4.5], "texture": "#1"}
			}
		}
	],
	"display": {
		"thirdperson_righthand": {
			"rotation": [0, 90, 0],
			"translation": [-0.5, -2, 1.75],
			"scale": [0.85, 0.85, 0.85]
		},
		"thirdperson_lefthand": {
			"rotation": [0, -90, 0],
			"translation": [-0.5, -1.5, 1.75],
			"scale": [0.85, 0.85, 0.85]
		},
		"firstperson_righthand": {
			"rotation": [-56.05, -84.96, -62],
			"translation": [1.5, -0.5, 0],
			"scale": [0.55, 0.55, 0.55]
		},
		"firstperson_lefthand": {
			"rotation": [-56.05, -84.96, -62],
			"translation": [1.5, -0.5, 0],
			"scale": [0.55, 0.55, 0.55]
		},
		"ground": {
			"rotation": [12.74, 17, -28.36],
			"translation": [0, 1.75, 0],
			"scale": [0.4, 0.4, 0.4]
		},
		"gui": {
			"rotation": [140.93, 0.17, -143.26],
			"translation": [-2.25, -3, 0],
			"scale": [0.75, 0.75, 0.75]
		},
		"fixed": {
			"rotation": [0, 0, 45],
			"translation": [3.5, -3.75, 0],
			"scale": [0.9, 0.9, 0.9]
		}
	},
	"groups": [
		{
			"name": "group",
			"origin": [16.25655, 19.53634, 8.5095],
			"color": 0,
			"children": [
				{
					"name": "group",
					"origin": [16.25655, 19.53634, 8.5095],
					"color": 0,
					"children": [0, 1, 2, 3]
				}
			]
		},
		{
			"name": "group",
			"origin": [7.98995, 7.91421, 8.06871],
			"color": 0,
			"children": [4, 5, 6, 7, 8, 9, 10]
		},
		11,
		12,
		13
	]
}