{
	"format_version": "1.21.6",
	"credit": "davka",
	"texture_size": [32, 32],
	"textures": {
		"1": "block/enchanted/enchanted_netherite_sword",
		"2": "block/glint/enchanted_netherite_sword_glint_fp",
		"particle": "block/glint/enchanted_netherite_sword_glint_fp"
	},
	"elements": [
		{
			"from": [7, -1, 6.5],
			"to": [9, 1, 9.5],
			"rotation": {"angle": 0, "axis": "x", "origin": [8, 0, 7.5]},
			"faces": {
				"north": {"uv": [1.5, 1.5, 2.5, 2.5], "texture": "#1"},
				"east": {"uv": [0, 1.5, 1.5, 2.5], "texture": "#1"},
				"south": {"uv": [4, 1.5, 5, 2.5], "texture": "#1"},
				"west": {"uv": [2.5, 1.5, 4, 2.5], "texture": "#1"},
				"up": {"uv": [2.5, 1.5, 1.5, 0], "texture": "#1"},
				"down": {"uv": [3.5, 0, 2.5, 1.5], "texture": "#1"}
			}
		},
		{
			"from": [7.5, 1, 7],
			"to": [8.5, 7, 9],
			"rotation": {"angle": 0, "axis": "y", "origin": [8, 4, 7.5]},
			"faces": {
				"north": {"uv": [12, 1, 12.5, 4], "texture": "#1"},
				"east": {"uv": [11, 1, 12, 4], "texture": "#1"},
				"south": {"uv": [13.5, 1, 14, 4], "texture": "#1"},
				"west": {"uv": [12.5, 1, 13.5, 4], "texture": "#1"},
				"up": {"uv": [12.5, 1, 12, 0], "texture": "#1"},
				"down": {"uv": [13, 0, 12.5, 1], "texture": "#1"}
			}
		},
		{
			"from": [7, 6, 4],
			"to": [9, 8, 11],
			"rotation": {"angle": 0, "axis": "y", "origin": [8.5, 7, 8.5]},
			"faces": {
				"north": {"uv": [6, 0, 7, 1], "texture": "#1"},
				"east": {"uv": [7, 6, 10.5, 7], "texture": "#1"},
				"south": {"uv": [6, 1, 7, 2], "texture": "#1"},
				"west": {"uv": [7, 7, 10.5, 8], "texture": "#1"},
				"up": {"uv": [8, 11.5, 7, 8], "texture": "#1"},
				"down": {"uv": [9, 8, 8, 11.5], "texture": "#1"}
			}
		},
		{
			"from": [7.5, 8, 5],
			"to": [8.5, 16, 11],
			"rotation": {"angle": 0, "axis": "y", "origin": [9, 8, 8.5]},
			"faces": {
				"north": {"uv": [9, 8, 9.5, 12], "texture": "#1"},
				"east": {"uv": [10, 0, 7, 4], "texture": "#1"},
				"south": {"uv": [9.5, 8, 10, 12], "texture": "#1"},
				"west": {"uv": [7, 0, 10, 4], "texture": "#1"},
				"up": {"uv": [5.5, 3, 5, 0], "texture": "#1"},
				"down": {"uv": [6, 0, 5.5, 3], "texture": "#1"}
			}
		},
		{
			"from": [7.5, 24, 3],
			"to": [8.5, 25, 4],
			"rotation": {"angle": 0, "axis": "y", "origin": [9, 16, 8.5]},
			"faces": {
				"north": {"uv": [6.5, 10, 7, 10.5], "texture": "#1"},
				"east": {"uv": [10, 10, 10.5, 10.5], "texture": "#1"},
				"south": {"uv": [10, 9.5, 10.5, 10], "texture": "#1"},
				"west": {"uv": [10, 10, 10.5, 10.5], "texture": "#1"},
				"up": {"uv": [11, 0.5, 10.5, 0], "texture": "#1"},
				"down": {"uv": [11, 0.5, 10.5, 1], "texture": "#1"}
			}
		},
		{
			"from": [7.5, 17, 3],
			"to": [8.5, 24, 11],
			"rotation": {"angle": 0, "axis": "y", "origin": [9, 15, 8.5]},
			"faces": {
				"north": {"uv": [4.5, 10, 5, 13.5], "texture": "#1"},
				"east": {"uv": [7, 6.5, 3, 10], "texture": "#1"},
				"south": {"uv": [5, 10, 5.5, 13.5], "texture": "#1"},
				"west": {"uv": [3, 6.5, 7, 10], "texture": "#1"},
				"up": {"uv": [10.5, 4, 10, 0], "texture": "#1"},
				"down": {"uv": [3.5, 10, 3, 14], "texture": "#1"}
			}
		},
		{
			"from": [7.5, 16, 4],
			"to": [8.5, 17, 11],
			"rotation": {"angle": 0, "axis": "y", "origin": [9, 15, 8.5]},
			"faces": {
				"north": {"uv": [10.5, 1, 11, 1.5], "texture": "#1"},
				"east": {"uv": [13.5, 8.5, 10, 9], "texture": "#1"},
				"south": {"uv": [10.5, 1.5, 11, 2], "texture": "#1"},
				"west": {"uv": [10, 8.5, 13.5, 9], "texture": "#1"},
				"up": {"uv": [6, 13.5, 5.5, 10], "texture": "#1"},
				"down": {"uv": [6.5, 10, 6, 13.5], "texture": "#1"}
			}
		},
		{
			"from": [7.5, 24, 4],
			"to": [8.5, 26, 12],
			"rotation": {"angle": 0, "axis": "y", "origin": [9, 15, 8.5]},
			"faces": {
				"north": {"uv": [6, 2, 6.5, 3], "texture": "#1"},
				"east": {"uv": [11, 5, 7, 6], "texture": "#1"},
				"south": {"uv": [6.5, 2, 7, 3], "texture": "#1"},
				"west": {"uv": [7, 5, 11, 6], "texture": "#1"},
				"up": {"uv": [4, 14, 3.5, 10], "texture": "#1"},
				"down": {"uv": [4.5, 10, 4, 14], "texture": "#1"}
			}
		},
		{
			"name": "cube_outline",
			"from": [8.7, 26.2, 12.2],
			"to": [7.3, 23.8, 3.8],
			"rotation": {"angle": 0, "axis": "y", "origin": [9, 15, 8.5]},
			"faces": {
				"north": {"uv": [4.5, 8, 5, 9], "texture": "#2"},
				"east": {"uv": [3, 3.5, 7, 4.5], "texture": "#2"},
				"south": {"uv": [7.5, 8, 8, 8.9], "texture": "#2"},
				"west": {"uv": [7, 3.5, 3, 4.5], "texture": "#2"},
				"up": {"uv": [7.5, 6, 7, 2], "texture": "#2"},
				"down": {"uv": [7.5, 6, 7, 10], "texture": "#2"}
			}
		},
		{
			"name": "cube_outline",
			"from": [9.2, 1.2, 9.7],
			"to": [6.8, -1.2, 6.3],
			"rotation": {"angle": 0, "axis": "y", "origin": [8, 0, 7.5]},
			"faces": {
				"north": {"uv": [8, 3, 9, 4], "texture": "#2"},
				"east": {"uv": [4, 2, 5.5, 3], "texture": "#2"},
				"south": {"uv": [8, 4.5, 9, 5.5], "texture": "#2"},
				"west": {"uv": [5.5, 2, 7, 3], "texture": "#2"},
				"up": {"uv": [6, 9, 5, 7.5], "texture": "#2"},
				"down": {"uv": [7, 7.5, 6, 9], "texture": "#2"}
			}
		},
		{
			"name": "cube_outline",
			"from": [8.7, 7.2, 9.2],
			"to": [7.3, 0.8, 6.8],
			"rotation": {"angle": 0, "axis": "y", "origin": [8, 4, 7.5]},
			"faces": {
				"north": {"uv": [8, 0, 8.5, 3], "texture": "#2"},
				"east": {"uv": [5, 4.5, 6, 7.5], "texture": "#2"},
				"south": {"uv": [3, 8, 3.5, 11], "texture": "#2"},
				"west": {"uv": [6, 4.5, 7, 7.5], "texture": "#2"},
				"up": {"uv": [8.5, 8.5, 8, 7.5], "texture": "#2"},
				"down": {"uv": [9, 0, 8.5, 1], "texture": "#2"}
			}
		},
		{
			"name": "cube_outline",
			"from": [9.2, 8.2, 11.2],
			"to": [6.8, 5.8, 3.8],
			"rotation": {"angle": 0, "axis": "y", "origin": [8.5, 7, 8.5]},
			"faces": {
				"north": {"uv": [8, 5.5, 9, 6.5], "texture": "#2"},
				"east": {"uv": [4, 0, 7.5, 1], "texture": "#2"},
				"south": {"uv": [8, 6.5, 9, 7.5], "texture": "#2"},
				"west": {"uv": [4, 1, 7.5, 2], "texture": "#2"},
				"up": {"uv": [4, 8, 3, 4.5], "texture": "#2"},
				"down": {"uv": [5, 4.5, 4, 8], "texture": "#2"}
			}
		},
		{
			"name": "cube_outline",
			"from": [8.7, 16.2, 11.2],
			"to": [7.3, 8.2, 4.8],
			"rotation": {"angle": 0, "axis": "y", "origin": [9, 8, 8.5]},
			"faces": {
				"north": {"uv": [0, 7.5, 0.5, 11.5], "texture": "#2"},
				"east": {"uv": [0, 3.5, 3, 7.5], "texture": "#2"},
				"south": {"uv": [7.5, 0, 8, 3.6845], "texture": "#2"},
				"west": {"uv": [3, 3.5, 0, 7.5], "texture": "#2"},
				"up": {"uv": [4, 11, 3.5, 8], "texture": "#2"},
				"down": {"uv": [4.5, 8, 4, 11], "texture": "#2"}
			}
		},
		{
			"name": "cube_outline",
			"from": [8.7, 25.2, 4.2],
			"to": [7.3, 23.8, 2.8],
			"rotation": {"angle": 0, "axis": "y", "origin": [9, 16, 8.5]},
			"faces": {
				"north": {"uv": [5, 3, 5.5, 3.5], "texture": "#2"},
				"east": {"uv": [5.5, 3, 6, 3.5], "texture": "#2"},
				"south": {"uv": [6, 3, 6.5, 3.5], "texture": "#2"},
				"west": {"uv": [5.5, 3, 6, 3.5], "texture": "#2"},
				"up": {"uv": [7, 3.5, 6.5, 3], "texture": "#2"},
				"down": {"uv": [9, 1, 8.5, 1.5], "texture": "#2"}
			}
		},
		{
			"name": "cube_outline",
			"from": [8.7, 24.2, 11.2],
			"to": [7.3, 16.8, 2.8],
			"rotation": {"angle": 0, "axis": "y", "origin": [9, 15, 8.5]},
			"faces": {
				"north": {"uv": [2.5, 7.5, 3, 10.6375], "texture": "#2"},
				"east": {"uv": [0, 0, 4, 3.5], "texture": "#2"},
				"south": {"uv": [7.5, 4.5, 8, 8], "texture": "#2"},
				"west": {"uv": [4, 0, 0, 3.5], "texture": "#2"},
				"up": {"uv": [1, 11.5, 0.5, 7.5], "texture": "#2"},
				"down": {"uv": [1.5, 7.5, 1, 11.5], "texture": "#2"}
			}
		},
		{
			"name": "cube_outline",
			"from": [8.7, 17.2, 11.2],
			"to": [7.3, 15.8, 3.8],
			"rotation": {"angle": 0, "axis": "y", "origin": [9, 15, 8.5]},
			"faces": {
				"north": {"uv": [4, 3, 4.5, 3.5], "texture": "#2"},
				"east": {"uv": [7.5, 4, 11, 4.5], "texture": "#2"},
				"south": {"uv": [4.5875, 2.625, 5.0875, 3.125], "texture": "#2"},
				"west": {"uv": [11, 4, 7.5, 4.5], "texture": "#2"},
				"up": {"uv": [2, 11, 1.5, 7.525], "texture": "#2"},
				"down": {"uv": [2.5, 7.5, 2, 11], "texture": "#2"}
			}
		}
	],
	"display": {
		"thirdperson_righthand": {
			"translation": [-0.5, 1.75, 2],
			"scale": [0.85, 0.85, 0.85]
		},
		"thirdperson_lefthand": {
			"translation": [-0.5, 1.75, 2],
			"scale": [0.85, 0.85, 0.85]
		},
		"firstperson_righthand": {
			"rotation": [13.82, -6.35, -6.85],
			"translation": [1.75, 1.75, 0],
			"scale": [0.55, 0.55, 0.55]
		},
		"firstperson_lefthand": {
			"rotation": [13.82, -6.35, -6.85],
			"translation": [1.75, 1.75, 0],
			"scale": [0.55, 0.55, 0.55]
		},
		"ground": {
			"rotation": [-45, 0, 0],
			"translation": [0, 2, 0],
			"scale": [0.5, 0.5, 0.5]
		},
		"gui": {
			"rotation": [35.89, 49.3, -67.72],
			"translation": [-2.5, -3, 0],
			"scale": [0.7, 0.7, 0.7]
		},
		"fixed": {
			"rotation": [-90, 45, 90],
			"translation": [4.25, -4.25, 0]
		},
		"on_shelf": {
			"rotation": [0, 90, 0],
			"translation": [1.75, -4.5, -1]
		}
	},
	"groups": [
		0,
		1,
		2,
		3,
		4,
		5,
		6,
		7,
		{
			"name": "group",
			"origin": [9, 15, 8.5],
			"color": 0,
			"children": [8, 9, 10, 11, 12, 13, 14, 15]
		}
	]
}