{
	"format_version": "1.21.6",
	"credit": "davka",
	"texture_size": [32, 32],
	"textures": {
		"0": "block/enchanted/enchanted_diamond_pickaxe",
		"1": "block/glint/enchanted_diamond_pickaxe_glint_fp",
		"particle": "block/enchanted/enchanted_diamond_pickaxe"
	},
	"elements": [
		{
			"from": [12.69234, 15.6603, 6.498],
			"to": [17.69234, 20.6603, 9.498],
			"shade": false,
			"light_emission": 8,
			"rotation": {"angle": 45, "axis": "z", "origin": [8, 10.96796, 7.999]},
			"faces": {
				"north": {"uv": [0, 3, 2.5, 5.5], "texture": "#0"},
				"east": {"uv": [5, 0, 6.5, 2.5], "texture": "#0"},
				"south": {"uv": [2.5, 3, 5, 5.5], "texture": "#0"},
				"west": {"uv": [5, 2.5, 6.5, 5], "texture": "#0"},
				"up": {"uv": [7.5, 6.5, 5, 5], "texture": "#0"},
				"down": {"uv": [2.5, 5.5, 0, 7], "texture": "#0"}
			}
		},
		{
			"from": [8.69235, 19.7603, 7.498],
			"to": [12.69235, 22.7603, 8.498],
			"shade": false,
			"light_emission": 8,
			"rotation": {"angle": 45, "axis": "z", "origin": [8, 11.06796, 7.999]},
			"faces": {
				"north": {"uv": [6.5, 3.5, 8.5, 5], "texture": "#0"},
				"east": {"uv": [5, 10, 5.5, 11.5], "texture": "#0"},
				"south": {"uv": [0.5, 7, 2.5, 8.5], "texture": "#0"},
				"west": {"uv": [8, 10, 8.5, 11.5], "texture": "#0"},
				"up": {"uv": [11.5, 3, 9.5, 2.5], "texture": "#0"},
				"down": {"uv": [11.5, 5, 9.5, 5.5], "texture": "#0"}
			}
		},
		{
			"from": [-3.69235, 8.76031, 7.498],
			"to": [0.30765, 11.76031, 8.498],
			"shade": false,
			"light_emission": 8,
			"rotation": {"angle": -45, "axis": "z", "origin": [8, 11.06796, 7.999]},
			"faces": {
				"north": {"uv": [7, 6.5, 9, 8], "texture": "#0"},
				"east": {"uv": [10, 8, 10.5, 9.5], "texture": "#0"},
				"south": {"uv": [7.5, 0, 9.5, 1.5], "texture": "#0"},
				"west": {"uv": [8.5, 10, 9, 11.5], "texture": "#0"},
				"up": {"uv": [11.5, 6, 9.5, 5.5], "texture": "#0"},
				"down": {"uv": [11.5, 6, 9.5, 6.5], "texture": "#0"}
			}
		},
		{
			"from": [3.05025, 19.65368, 7.499],
			"to": [12.95025, 22.65368, 8.497],
			"shade": false,
			"light_emission": 8,
			"rotation": {"angle": 0, "axis": "y", "origin": [8, 11.06796, 7.999]},
			"faces": {
				"north": {"uv": [0, 0, 5, 1.5], "texture": "#0"},
				"east": {"uv": [9, 10, 9.5, 11.5], "texture": "#0"},
				"south": {"uv": [0, 1.5, 5, 3], "texture": "#0"},
				"west": {"uv": [9.5, 10, 10, 11.5], "texture": "#0"},
				"up": {"uv": [12.5, 3.5, 7.5, 3], "texture": "#0"},
				"down": {"uv": [13.5, 3.5, 8.5, 4], "texture": "#0"}
			}
		},
		{
			"from": [3.30765, 19.76031, 7.498],
			"to": [7.30765, 22.76031, 8.498],
			"shade": false,
			"light_emission": 8,
			"rotation": {"angle": -45, "axis": "z", "origin": [8, 11.06796, 7.999]},
			"faces": {
				"north": {"uv": [7.5, 1.5, 9.5, 3], "texture": "#0"},
				"east": {"uv": [10, 10, 10.5, 11.5], "texture": "#0"},
				"south": {"uv": [7.5, 5, 9.5, 6.5], "texture": "#0"},
				"west": {"uv": [10.5, 0, 11, 1.5], "texture": "#0"},
				"up": {"uv": [9, 10, 7, 9.5], "texture": "#0"},
				"down": {"uv": [11, 9.5, 9, 10], "texture": "#0"}
			}
		},
		{
			"from": [4.05765, 20.76031, 7.498],
			"to": [4.30765, 21.76031, 8.498],
			"shade": false,
			"light_emission": 8,
			"rotation": {"angle": -45, "axis": "z", "origin": [8, 11.06796, 7.999]},
			"faces": {
				"north": {"uv": [11.5, 0, 12, 0.5], "texture": "#0"},
				"east": {"uv": [11.5, 0, 12, 0.5], "texture": "#0"},
				"south": {"uv": [11.5, 0, 12, 0.5], "texture": "#0"},
				"west": {"uv": [11.5, 0, 12, 0.5], "texture": "#0"},
				"up": {"uv": [12, 0.5, 11.5, 0], "texture": "#0"},
				"down": {"uv": [11.5, 0, 11.5, 0], "texture": "#0"}
			}
		},
		{
			"from": [15.69234, 8.76031, 7.498],
			"to": [19.69234, 11.76031, 8.498],
			"shade": false,
			"light_emission": 8,
			"rotation": {"angle": 45, "axis": "z", "origin": [8, 11.06796, 7.999]},
			"faces": {
				"north": {"uv": [7, 8, 9, 9.5], "texture": "#0"},
				"east": {"uv": [0.5, 10.5, 1, 12], "texture": "#0"},
				"south": {"uv": [0.5, 8.5, 2.5, 10], "texture": "#0"},
				"west": {"uv": [1, 10.5, 1.5, 12], "texture": "#0"},
				"up": {"uv": [2.5, 10.5, 0.5, 10], "texture": "#0"},
				"down": {"uv": [12, 4, 10, 4.5], "texture": "#0"}
			}
		},
		{
			"from": [-0.44235, 3.37561, 7],
			"to": [2.05765, 5.87561, 9],
			"shade": false,
			"light_emission": 8,
			"rotation": {"angle": 45, "axis": "z", "origin": [8, 11.81796, 7.999]},
			"faces": {
				"north": {"uv": [2.5, 9, 4, 10.5], "texture": "#0"},
				"east": {"uv": [9, 8, 10, 9.5], "texture": "#0"},
				"south": {"uv": [9, 6.5, 10.5, 8], "texture": "#0"},
				"west": {"uv": [9.5, 0, 10.5, 1.5], "texture": "#0"},
				"up": {"uv": [10, 5, 8.5, 4], "texture": "#0"},
				"down": {"uv": [11, 1.5, 9.5, 2.5], "texture": "#0"}
			}
		},
		{
			"from": [6.93865, 12.70394, 6.93765],
			"to": [9.05995, 19.70394, 9.05895],
			"shade": false,
			"light_emission": 8,
			"rotation": {"angle": -45, "axis": "y", "origin": [8, 11.06796, 7.999]},
			"faces": {
				"north": {"uv": [2.5, 5.5, 3.5, 9], "texture": "#0"},
				"east": {"uv": [3.5, 5.5, 4.5, 9], "texture": "#0"},
				"south": {"uv": [6.5, 0, 7.5, 3.5], "texture": "#0"},
				"west": {"uv": [4.5, 6.5, 5.5, 10], "texture": "#0"},
				"up": {"uv": [5, 11, 4, 10], "texture": "#0"},
				"down": {"uv": [8, 10, 7, 11], "texture": "#0"}
			}
		},
		{
			"from": [7.29219, 2, 7.3054],
			"to": [8.69219, 15.5, 8.7054],
			"shade": false,
			"light_emission": 8,
			"rotation": {"angle": -45, "axis": "y", "origin": [8, 11.81796, 7.999]},
			"faces": {
				"north": {"uv": [5.5, 6.5, 6, 13.5], "texture": "#0"},
				"east": {"uv": [6, 6.5, 6.5, 13.5], "texture": "#0"},
				"south": {"uv": [6.5, 6.5, 7, 13.5], "texture": "#0"},
				"west": {"uv": [0, 7, 0.5, 14], "texture": "#0"},
				"up": {"uv": [5, 6, 4.5, 5.5], "texture": "#0"},
				"down": {"uv": [5, 6, 4.5, 6.5], "texture": "#0"}
			}
		},
		{
			"from": [11.69235, 20.7603, 7.498],
			"to": [11.94235, 21.7603, 8.498],
			"shade": false,
			"light_emission": 8,
			"rotation": {"angle": 45, "axis": "z", "origin": [8, 11.06796, 7.999]},
			"faces": {
				"north": {"uv": [12, 0, 11.5, 0.5], "texture": "#0"},
				"east": {"uv": [12, 0, 11.5, 0.5], "texture": "#0"},
				"south": {"uv": [12, 0, 11.5, 0.5], "texture": "#0"},
				"west": {"uv": [12, 0, 11.5, 0.5], "texture": "#0"},
				"up": {"uv": [11.5, 0.5, 12, 0], "texture": "#0"},
				"down": {"uv": [11.5, 0, 11.5, 0], "texture": "#0"}
			}
		},
		{
			"name": "cube_outline",
			"from": [12.94975, 22.93654, 8.696],
			"to": [3.05075, 19.53654, 7.298],
			"shade": false,
			"light_emission": 15,
			"rotation": {"angle": 0, "axis": "y", "origin": [8, 11.44149, 8.00786]},
			"faces": {
				"north": {"uv": [0, 0, 5, 1.5], "texture": "#1"},
				"east": {"uv": [9.5, 11.5, 10, 13], "texture": "#1"},
				"south": {"uv": [0, 1.5, 5, 3], "texture": "#1"},
				"west": {"uv": [11.5, 9.5, 12, 11], "texture": "#1"},
				"up": {"uv": [15.2, 3.5, 10.2875, 3], "texture": "#1"},
				"down": {"uv": [15, 3.5, 10, 4], "texture": "#1"}
			}
		},
		{
			"name": "cube_outline",
			"from": [7.77178, 23.06971, 8.698],
			"to": [3.37178, 19.66971, 7.298],
			"shade": false,
			"light_emission": 15,
			"rotation": {"angle": -45, "axis": "z", "origin": [8, 11.44149, 8.00786]},
			"faces": {
				"north": {"uv": [8, 9.5, 10, 11], "texture": "#1"},
				"east": {"uv": [10, 11.5, 10.5, 13], "texture": "#1"},
				"south": {"uv": [0, 10, 2, 11.5], "texture": "#1"},
				"west": {"uv": [10.5, 11.5, 11, 13], "texture": "#1"},
				"up": {"uv": [9.65, 11.5, 7.9975, 11], "texture": "#1"},
				"down": {"uv": [12, 11, 10, 11.5], "texture": "#1"}
			}
		},
		{
			"name": "cube_outline",
			"from": [4.77178, 22.06971, 8.698],
			"to": [4.12178, 20.66971, 7.298],
			"shade": false,
			"light_emission": 15,
			"rotation": {"angle": -45, "axis": "z", "origin": [8, 11.44149, 8.00786]},
			"faces": {
				"north": {"uv": [6.5, 4.5, 7, 5], "texture": "#1"},
				"east": {"uv": [6.5, 4.5, 7, 5], "texture": "#1"},
				"south": {"uv": [6.5, 4.5, 7, 5], "texture": "#1"},
				"west": {"uv": [6.5, 4.5, 7, 5], "texture": "#1"},
				"up": {"uv": [7, 5.5, 6.5, 5], "texture": "#1"},
				"down": {"uv": [6.5, 5, 7, 4.5], "texture": "#1"}
			}
		},
		{
			"name": "cube_outline",
			"from": [19.62821, 12.06971, 8.698],
			"to": [15.22821, 8.66971, 7.298],
			"shade": false,
			"light_emission": 15,
			"rotation": {"angle": 45, "axis": "z", "origin": [8, 11.44149, 8.00786]},
			"faces": {
				"north": {"uv": [10, 1.5, 12, 3], "texture": "#1"},
				"east": {"uv": [11, 11.5, 11.5, 13], "texture": "#1"},
				"south": {"uv": [2, 10, 4, 11.5], "texture": "#1"},
				"west": {"uv": [11.5, 11.5, 12, 13], "texture": "#1"},
				"up": {"uv": [2, 12, 0, 11.5], "texture": "#1"},
				"down": {"uv": [4, 11.5, 2.05, 12], "texture": "#1"}
			}
		},
		{
			"name": "cube_outline",
			"from": [11.87822, 22.06971, 8.698],
			"to": [11.22822, 20.66971, 7.298],
			"shade": false,
			"light_emission": 15,
			"rotation": {"angle": 45, "axis": "z", "origin": [8, 11.44149, 8.00786]},
			"faces": {
				"north": {"uv": [7, 4.5, 6.5, 5], "texture": "#1"},
				"east": {"uv": [7, 4.5, 6.5, 5], "texture": "#1"},
				"south": {"uv": [7, 4.5, 6.5, 5], "texture": "#1"},
				"west": {"uv": [7, 4.5, 6.5, 5], "texture": "#1"},
				"up": {"uv": [7, 5.5, 6.5, 5], "texture": "#1"},
				"down": {"uv": [7, 5, 6.5, 4.5], "texture": "#1"}
			}
		},
		{
			"name": "cube_outline",
			"from": [12.62822, 23.06971, 8.698],
			"to": [8.22822, 19.66971, 7.298],
			"shade": false,
			"light_emission": 15,
			"rotation": {"angle": 45, "axis": "z", "origin": [8, 11.44149, 8.00786]},
			"faces": {
				"north": {"uv": [10, 9.5, 8, 11], "texture": "#1"},
				"east": {"uv": [11, 11.5, 10.5, 13], "texture": "#1"},
				"south": {"uv": [2, 10, 0, 11.5], "texture": "#1"},
				"west": {"uv": [10.5, 11.5, 10, 13], "texture": "#1"},
				"up": {"uv": [7.9975, 11.5, 9.65, 11], "texture": "#1"},
				"down": {"uv": [10, 11, 12, 11.5], "texture": "#1"}
			}
		},
		{
			"name": "cube_outline",
			"from": [0.77179, 12.06971, 8.698],
			"to": [-3.62821, 8.66971, 7.298],
			"shade": false,
			"light_emission": 15,
			"rotation": {"angle": -45, "axis": "z", "origin": [8, 11.44149, 8.00786]},
			"faces": {
				"north": {"uv": [12, 1.5, 10, 3], "texture": "#1"},
				"east": {"uv": [12, 11.5, 11.5, 13], "texture": "#1"},
				"south": {"uv": [4, 10, 2, 11.5], "texture": "#1"},
				"west": {"uv": [11.5, 11.5, 11, 13], "texture": "#1"},
				"up": {"uv": [0, 12, 2, 11.5], "texture": "#1"},
				"down": {"uv": [2.05, 11.5, 4, 12], "texture": "#1"}
			}
		},
		{
			"name": "cube_outline",
			"from": [16.37615, 5.96534, 9.2],
			"to": [13.47615, 3.06534, 6.8],
			"shade": false,
			"light_emission": 15,
			"rotation": {"angle": -45, "axis": "z", "origin": [8, 11.44149, 8.00786]},
			"faces": {
				"north": {"uv": [11.5, 9.5, 10, 11], "texture": "#1"},
				"east": {"uv": [6.5, 11, 5.5, 12.5], "texture": "#1"},
				"south": {"uv": [5.5, 10.5, 4, 12], "texture": "#1"},
				"west": {"uv": [12, 4, 11, 5.5], "texture": "#1"},
				"up": {"uv": [11, 6.5, 12.5, 5.5], "texture": "#1"},
				"down": {"uv": [6.5, 11, 8, 12], "texture": "#1"}
			}
		},
		{
			"name": "cube_outline",
			"from": [8.91408, 15.7, 8.908],
			"to": [7.21408, 1.8, 7.208],
			"shade": false,
			"light_emission": 15,
			"rotation": {"angle": 45, "axis": "y", "origin": [8, 11.44149, 8.00786]},
			"faces": {
				"north": {"uv": [1, 3, 0, 10], "texture": "#1"},
				"east": {"uv": [4, 3, 3, 10], "texture": "#1"},
				"south": {"uv": [3, 3, 2, 10], "texture": "#1"},
				"west": {"uv": [2, 3, 1, 10], "texture": "#1"},
				"up": {"uv": [9, 2.5, 10, 1.5], "texture": "#1"},
				"down": {"uv": [10, 4, 11, 5], "texture": "#1"}
			}
		},
		{
			"name": "cube_outline",
			"from": [10.71421, 23.86447, 9.70979],
			"to": [5.31421, 18.46447, 6.30879],
			"rotation": {"angle": 45, "axis": "z", "origin": [8.01421, 21.16447, 8.00929]},
			"faces": {
				"north": {"uv": [1, 6, 3.5, 8.5], "texture": "#1"},
				"east": {"uv": [6.5, 0, 8, 2.5], "texture": "#1"},
				"south": {"uv": [3.5, 6, 1, 8.5], "texture": "#1"},
				"west": {"uv": [2.5, 4, 4, 6.5], "texture": "#1"},
				"up": {"uv": [3.5, 6.5, 1, 5], "texture": "#1"},
				"down": {"uv": [9, 6.5, 6.5, 8], "texture": "#1"}
			}
		},
		{
			"name": "cube_outline",
			"from": [9.46421, 17.34609, 9.10229],
			"to": [7.06421, 12.54609, 6.70229],
			"rotation": {"angle": -45, "axis": "y", "origin": [8.01421, 6.19952, 7.65229]},
			"faces": {
				"north": {"uv": [1.5, 6, 2.5, 9.5], "texture": "#1"},
				"east": {"uv": [1, 5, 2, 8.5], "texture": "#1"},
				"south": {"uv": [0.5, 5, 1.5, 8.5], "texture": "#1"},
				"west": {"uv": [8, 0, 9, 3.5], "texture": "#1"},
				"up": {"uv": [9.5, 10, 8.5, 9], "texture": "#1"},
				"down": {"uv": [10, 1.5, 9, 2.5], "texture": "#1"}
			}
		},
		{
			"name": "cube_outline",
			"from": [9.07416, 21.34609, 9.54294],
			"to": [9.07416, 17.34609, 7.74294],
			"rotation": {"angle": -45, "axis": "y", "origin": [9.07416, 19.34609, 8.64294]},
			"faces": {
				"north": {"uv": [8, 0, 9, 3.5], "texture": "#1"},
				"east": {"uv": [10, 12.5, 11, 16], "texture": "#1"},
				"south": {"uv": [4.5, 7, 5.5, 10.5], "texture": "#1"},
				"west": {"uv": [10.5, 6, 11.5, 9.5], "texture": "#1"},
				"up": {"uv": [9.5, 10, 8.5, 9], "rotation": 90, "texture": "#1"},
				"down": {"uv": [10.5, 3, 9.5, 4], "rotation": 270, "texture": "#1"}
			}
		},
		{
			"name": "cube_outline",
			"from": [9.46421, 21.34609, 6.70229],
			"to": [7.66421, 17.34609, 6.70229],
			"rotation": {"angle": -45, "axis": "y", "origin": [8.01421, 6.19952, 7.65229]},
			"faces": {
				"north": {"uv": [14.5, 7, 15.5, 10.5], "texture": "#1"},
				"east": {"uv": [4.5, 7, 5.5, 10.5], "texture": "#1"},
				"south": {"uv": [10, 6, 11, 9.5], "texture": "#1"},
				"west": {"uv": [8, 0, 9, 3.5], "texture": "#1"},
				"up": {"uv": [9.5, 10, 8.5, 9], "texture": "#1"},
				"down": {"uv": [10.5, 3, 9.5, 4], "texture": "#1"}
			}
		},
		{
			"name": "cube_outline",
			"from": [8.83995, 16.2, 8.91871],
			"to": [7.03995, 1.8, 7.11871],
			"rotation": {"angle": -45, "axis": "y", "origin": [7.98995, 7.91421, 8.06871]},
			"faces": {
				"north": {"uv": [3.5, 0, 4.5, 7], "texture": "#1"},
				"east": {"uv": [4, 0, 5, 7], "texture": "#1"},
				"south": {"uv": [5.5, 0, 6.5, 7], "texture": "#1"},
				"west": {"uv": [1.5, 4, 2.5, 11], "texture": "#1"},
				"up": {"uv": [13.5, 2, 12.5, 1], "texture": "#1"},
				"down": {"uv": [10.5, 5, 9.5, 6], "texture": "#1"}
			}
		},
		{
			"name": "cube_outline",
			"from": [6.95355, 21.34609, 9.54224],
			"to": [6.95355, 17.34609, 7.74224],
			"rotation": {"angle": 45, "axis": "y", "origin": [6.95355, 19.34609, 8.64224]},
			"faces": {
				"north": {"uv": [9, 0, 8, 3.5], "texture": "#1"},
				"east": {"uv": [2, 6, 1, 9.5], "texture": "#1"},
				"south": {"uv": [5.5, 7, 4.5, 10.5], "texture": "#1"},
				"west": {"uv": [15.5, 8, 14, 11.5], "texture": "#1"},
				"up": {"uv": [9.5, 9, 8.5, 10], "rotation": 90, "texture": "#1"},
				"down": {"uv": [10.5, 4, 9.5, 3], "rotation": 270, "texture": "#1"}
			}
		},
		{
			"name": "cube_outline",
			"from": [8.3635, 21.34609, 6.70159],
			"to": [6.5635, 17.34609, 6.70159],
			"rotation": {"angle": 45, "axis": "y", "origin": [8.0135, 6.19952, 7.65159]},
			"faces": {
				"north": {"uv": [15, 6.5, 14, 10], "texture": "#1"},
				"east": {"uv": [9, 0, 8, 3.5], "texture": "#1"},
				"south": {"uv": [2.5, 5, 1.5, 8.5], "texture": "#1"},
				"west": {"uv": [5.5, 7, 4.5, 10.5], "texture": "#1"},
				"up": {"uv": [8.5, 10, 9.5, 9], "texture": "#1"},
				"down": {"uv": [9.5, 3, 10.5, 4], "texture": "#1"}
			}
		},
		{
			"name": "cube_outline",
			"from": [9.2, 3.2, 9.2],
			"to": [6.3, 0.3, 6.8],
			"rotation": {"angle": 45, "axis": "z", "origin": [8, 2, 8]},
			"faces": {
				"north": {"uv": [8, 3.5, 9.5, 5], "texture": "#1"},
				"east": {"uv": [1.5, 8.5, 2.5, 10], "texture": "#1"},
				"south": {"uv": [6.5, 8, 8, 9.5], "texture": "#1"},
				"west": {"uv": [2.5, 8.5, 3.5, 10], "texture": "#1"},
				"up": {"uv": [10.5, 2, 9, 1], "texture": "#1"},
				"down": {"uv": [10.5, 2, 9, 3], "texture": "#1"}
			}
		}
	],
	"display": {
		"thirdperson_righthand": {
			"rotation": [0, 90, 0],
			"translation": [-0.5, -2, 1.75],
			"scale": [0.85, 0.85, 0.85]
		},
		"thirdperson_lefthand": {
			"rotation": [0, -90, 0],
			"translation": [-0.5, -1.5, 1.75],
			"scale": [0.85, 0.85, 0.85]
		},
		"firstperson_righthand": {
			"rotation": [75.64, 85.69, -64.34],
			"translation": [1.75, -0.5, 0],
			"scale": [0.55, 0.55, 0.55]
		},
		"firstperson_lefthand": {
			"rotation": [-56.05, -84.96, -62],
			"translation": [1.5, -0.5, 0],
			"scale": [0.55, 0.55, 0.55]
		},
		"ground": {
			"rotation": [12.74, 17, -28.36],
			"translation": [0, 1.75, 0],
			"scale": [0.4, 0.4, 0.4]
		},
		"gui": {
			"rotation": [140.93, 0.17, -143.26],
			"translation": [-2.25, -3, 0],
			"scale": [0.75, 0.75, 0.75]
		},
		"fixed": {
			"rotation": [0, 0, 45],
			"translation": [3.5, -3.75, 0],
			"scale": [0.9, 0.9, 0.9]
		}
	},
	"groups": [
		{
			"name": "group",
			"origin": [14.01041, 22.34303, 7.50189],
			"color": 0,
			"children": [
				0,
				1,
				2,
				3,
				4,
				{
					"name": "group",
					"origin": [14.01041, 22.34303, 7.50189],
					"color": 0,
					"children": [5]
				},
				6,
				7,
				8,
				9,
				{
					"name": "group",
					"origin": [1.98959, 22.34303, 7.50189],
					"color": 0,
					"children": [10]
				}
			]
		},
		{
			"name": "glint",
			"origin": [8, 10.96796, 7.999],
			"color": 0,
			"children": [11, 12, 13, 14, 15, 16, 17, 18, 19]
		},
		{
			"name": "group",
			"origin": [8.01421, 19.73947, 8.00929],
			"color": 0,
			"children": [20, 21, 22, 23, 24, 25, 26, 27]
		}
	]
}