{
	"format_version": "1.21.6",
	"credit": "davka",
	"texture_size": [32, 32],
	"textures": {
		"1": "block/glint/enchanted_golden_sword_glint_fp",
		"2": "block/enchanted/enchanted_golden_sword",
		"particle": "block/enchanted/enchanted_golden_sword"
	},
	"elements": [
		{
			"from": [7.50629, 2, 7.98995],
			"to": [8.50629, 7, 9.98995],
			"shade": false,
			"rotation": {"angle": 0, "axis": "y", "origin": [8.00629, 8.75, 8.98995]},
			"faces": {
				"north": {"uv": [3, 6, 3.25, 7.25], "texture": "#2"},
				"east": {"uv": [2.5, 6, 3, 7.25], "texture": "#2"},
				"south": {"uv": [3.75, 6, 4, 7.25], "texture": "#2"},
				"west": {"uv": [3.25, 6, 3.75, 7.25], "texture": "#2"},
				"up": {"uv": [3.25, 6, 3, 5.5], "texture": "#2"},
				"down": {"uv": [3.5, 5.5, 3.25, 6], "texture": "#2"}
			}
		},
		{
			"from": [6.50629, 7, 4],
			"to": [9.50629, 8, 11],
			"shade": false,
			"light_emission": 2,
			"rotation": {"angle": 0, "axis": "y", "origin": [8.00629, 9.75, 7]},
			"faces": {
				"north": {"uv": [5.25, 5.25, 6, 5.5], "texture": "#2"},
				"east": {"uv": [3.5, 5.25, 5.25, 5.5], "texture": "#2"},
				"south": {"uv": [7.75, 5.25, 8.5, 5.5], "texture": "#2"},
				"west": {"uv": [6, 5.25, 7.75, 5.5], "texture": "#2"},
				"up": {"uv": [6, 5.25, 5.25, 3.5], "texture": "#2"},
				"down": {"uv": [6.75, 3.5, 6, 5.25], "texture": "#2"}
			}
		},
		{
			"from": [7.50629, 8, 4.98995],
			"to": [8.50629, 14, 10.98995],
			"shade": false,
			"light_emission": 2,
			"rotation": {"angle": 0, "axis": "y", "origin": [7.00629, 35.75, 8.98995]},
			"faces": {
				"north": {"uv": [1.5, 1.5, 1.75, 3], "texture": "#2"},
				"east": {"uv": [3.25, 1.5, 1.75, 3], "texture": "#2"},
				"south": {"uv": [3.25, 1.5, 3.5, 3], "texture": "#2"},
				"west": {"uv": [1.75, 1.5, 3.25, 3], "texture": "#2"},
				"up": {"uv": [1.75, 1.5, 1.5, 0], "texture": "#2"},
				"down": {"uv": [2, 0, 1.75, 1.5], "texture": "#2"}
			}
		},
		{
			"from": [7.50629, 14, 2.98995],
			"to": [8.50629, 26, 10.98995],
			"shade": false,
			"light_emission": 2,
			"rotation": {"angle": 0, "axis": "y", "origin": [7.00629, 36.75, 5.98995]},
			"faces": {
				"north": {"uv": [10, 2, 10.25, 5], "texture": "#2"},
				"east": {"uv": [12.25, 2, 10.25, 5], "texture": "#2"},
				"south": {"uv": [12.25, 2, 12.5, 5], "texture": "#2"},
				"west": {"uv": [10.25, 2, 12.25, 5], "texture": "#2"},
				"up": {"uv": [10.25, 2, 10, 0], "texture": "#2"},
				"down": {"uv": [10.5, 0, 10.25, 2], "texture": "#2"}
			}
		},
		{
			"from": [7, -1, 7],
			"to": [9, 2, 10],
			"shade": false,
			"light_emission": 2,
			"rotation": {"angle": 0, "axis": "y", "origin": [8, 0.99645, 9.25]},
			"faces": {
				"north": {"uv": [0.75, 5.25, 1.25, 6], "texture": "#2"},
				"east": {"uv": [0, 5.25, 0.75, 6], "texture": "#2"},
				"south": {"uv": [2, 5.25, 2.5, 6], "texture": "#2"},
				"west": {"uv": [1.25, 5.25, 2, 6], "texture": "#2"},
				"up": {"uv": [1.25, 5.25, 0.75, 4.5], "texture": "#2"},
				"down": {"uv": [1.75, 4.5, 1.25, 5.25], "texture": "#2"}
			}
		},
		{
			"name": "cube_outline",
			"from": [8.70629, 7.2, 10.18995],
			"to": [7.30629, 2.2, 7.78995],
			"rotation": {"angle": 0, "axis": "y", "origin": [8.00629, 8.75, 8.98995]},
			"faces": {
				"north": {"uv": [3, 8, 3.5, 10.5], "texture": "#1"},
				"east": {"uv": [1, 6, 2, 8.5], "texture": "#1"},
				"south": {"uv": [3.5, 8, 4, 10.5], "texture": "#1"},
				"west": {"uv": [2, 6, 3, 8.5], "texture": "#1"},
				"up": {"uv": [4.5, 9, 4, 8], "texture": "#1"},
				"down": {"uv": [5, 8, 4.5, 9], "texture": "#1"}
			}
		},
		{
			"name": "cube_outline",
			"from": [9.70629, 8.2, 11.2],
			"to": [6.30629, 6.8, 3.8],
			"rotation": {"angle": 0, "axis": "y", "origin": [8.00629, 9.75, 7]},
			"faces": {
				"north": {"uv": [8, 2.5, 9.5, 3], "texture": "#1"},
				"east": {"uv": [7, 0, 10.5, 0.5], "texture": "#1"},
				"south": {"uv": [8, 3, 9.5, 3.5], "texture": "#1"},
				"west": {"uv": [7, 0.5, 10.5, 1], "texture": "#1"},
				"up": {"uv": [5.5, 6.5, 4, 3], "texture": "#1"},
				"down": {"uv": [7, 3, 5.5, 6.5], "texture": "#1"}
			}
		},
		{
			"name": "cube_outline",
			"from": [8.70629, 13.8, 11.18995],
			"to": [7.30629, 8.2, 4.78995],
			"rotation": {"angle": 0, "axis": "y", "origin": [7.00629, 35.35, 8.98995]},
			"faces": {
				"north": {"uv": [7, 1, 7.5, 4], "texture": "#1"},
				"east": {"uv": [4, 0, 7, 3], "texture": "#1"},
				"south": {"uv": [7, 4, 7.5, 7], "texture": "#1"},
				"west": {"uv": [7, 0, 4, 3], "texture": "#1"},
				"up": {"uv": [7.5, 10, 7, 7], "texture": "#1"},
				"down": {"uv": [8, 1, 7.5, 4], "texture": "#1"}
			}
		},
		{
			"name": "cube_outline",
			"from": [8.70629, 26.2, 11.18995],
			"to": [7.30629, 13.8, 2.78995],
			"rotation": {"angle": 0, "axis": "y", "origin": [7.00629, 36.75, 5.98995]},
			"faces": {
				"north": {"uv": [0, 6, 0.5, 12], "texture": "#1"},
				"east": {"uv": [0, 0, 4, 6], "texture": "#1"},
				"south": {"uv": [0.5, 6, 1, 12], "texture": "#1"},
				"west": {"uv": [4, 0, 0, 6], "texture": "#1"},
				"up": {"uv": [6.5, 10.5, 6, 6.5], "texture": "#1"},
				"down": {"uv": [7, 6.5, 6.5, 10.5], "texture": "#1"}
			}
		},
		{
			"name": "cube_outline",
			"from": [9.2, 2.2, 10.2],
			"to": [6.8, -1.2, 6.8],
			"rotation": {"angle": 0, "axis": "y", "origin": [8, 0.99645, 9.25]},
			"faces": {
				"north": {"uv": [7.5, 4, 8.5, 5.5], "texture": "#1"},
				"east": {"uv": [3, 6.5, 4.5, 8], "texture": "#1"},
				"south": {"uv": [7.5, 5.5, 8.5, 7], "texture": "#1"},
				"west": {"uv": [4.5, 6.5, 6, 8], "texture": "#1"},
				"up": {"uv": [8.5, 8.5, 7.5, 7], "texture": "#1"},
				"down": {"uv": [9, 1, 8, 2.5], "texture": "#1"}
			}
		}
	],
	"display": {
		"thirdperson_righthand": {
			"translation": [-0.5, 1, 2],
			"scale": [0.85, 0.85, 0.85]
		},
		"thirdperson_lefthand": {
			"translation": [-0.5, 1.75, 2],
			"scale": [0.85, 0.85, 0.85]
		},
		"firstperson_righthand": {
			"rotation": [7.32, -6.35, -6.85],
			"translation": [2, 1.75, -0.25],
			"scale": [0.55, 0.55, 0.55]
		},
		"firstperson_lefthand": {
			"rotation": [7.32, -6.35, -6.85],
			"translation": [2, 1.75, -0.25],
			"scale": [0.55, 0.55, 0.55]
		},
		"ground": {
			"rotation": [-45, 0, 0],
			"translation": [0, 2, 0],
			"scale": [0.5, 0.5, 0.5]
		},
		"gui": {
			"rotation": [35.89, 49.3, -67.72],
			"translation": [-2.5, -3, 0],
			"scale": [0.7, 0.7, 0.7]
		},
		"fixed": {
			"rotation": [-90, 45, 90],
			"translation": [4.25, -4.25, 0]
		}
	},
	"groups": [
		0,
		1,
		2,
		3,
		4,
		{
			"name": "group",
			"origin": [8.00629, 8.75, 8.98995],
			"color": 0,
			"children": [5, 6, 7, 8, 9]
		}
	]
}