{
	"format_version": "1.21.6",
	"credit": "davka",
	"texture_size": [64, 64],
	"textures": {
		"2": "block/golden_sword",
		"particle": "block/golden_sword"
	},
	"elements": [
		{
			"from": [7.50629, 2, 7.98995],
			"to": [8.50629, 7, 9.98995],
			"shade": false,
			"rotation": {"angle": 0, "axis": "y", "origin": [8.00629, 8.75, 8.98995]},
			"faces": {
				"north": {"uv": [3, 6, 3.25, 7.25], "texture": "#2"},
				"east": {"uv": [2.5, 6, 3, 7.25], "texture": "#2"},
				"south": {"uv": [3.75, 6, 4, 7.25], "texture": "#2"},
				"west": {"uv": [3.25, 6, 3.75, 7.25], "texture": "#2"},
				"up": {"uv": [3.25, 6, 3, 5.5], "texture": "#2"},
				"down": {"uv": [3.5, 5.5, 3.25, 6], "texture": "#2"}
			}
		},
		{
			"from": [6.50629, 7, 4],
			"to": [9.50629, 8, 11],
			"shade": false,
			"light_emission": 2,
			"rotation": {"angle": 0, "axis": "y", "origin": [8.00629, 9.75, 7]},
			"faces": {
				"north": {"uv": [5.25, 5.25, 6, 5.5], "texture": "#2"},
				"east": {"uv": [3.5, 5.25, 5.25, 5.5], "texture": "#2"},
				"south": {"uv": [7.75, 5.25, 8.5, 5.5], "texture": "#2"},
				"west": {"uv": [6, 5.25, 7.75, 5.5], "texture": "#2"},
				"up": {"uv": [6, 5.25, 5.25, 3.5], "texture": "#2"},
				"down": {"uv": [6.75, 3.5, 6, 5.25], "texture": "#2"}
			}
		},
		{
			"from": [7.50629, 8, 4.98995],
			"to": [8.50629, 14, 10.98995],
			"shade": false,
			"light_emission": 2,
			"rotation": {"angle": 0, "axis": "y", "origin": [7.00629, 35.75, 8.98995]},
			"faces": {
				"north": {"uv": [1.5, 1.5, 1.75, 3], "texture": "#2"},
				"east": {"uv": [3.25, 1.5, 1.75, 3], "texture": "#2"},
				"south": {"uv": [3.25, 1.5, 3.5, 3], "texture": "#2"},
				"west": {"uv": [1.75, 1.5, 3.25, 3], "texture": "#2"},
				"up": {"uv": [1.75, 1.5, 1.5, 0], "texture": "#2"},
				"down": {"uv": [2, 0, 1.75, 1.5], "texture": "#2"}
			}
		},
		{
			"from": [7.50629, 14, 2.98995],
			"to": [8.50629, 26, 10.98995],
			"shade": false,
			"light_emission": 2,
			"rotation": {"angle": 0, "axis": "y", "origin": [7.00629, 36.75, 5.98995]},
			"faces": {
				"north": {"uv": [10, 2, 10.25, 5], "texture": "#2"},
				"east": {"uv": [12.25, 2, 10.25, 5], "texture": "#2"},
				"south": {"uv": [12.25, 2, 12.5, 5], "texture": "#2"},
				"west": {"uv": [10.25, 2, 12.25, 5], "texture": "#2"},
				"up": {"uv": [10.25, 2, 10, 0], "texture": "#2"},
				"down": {"uv": [10.5, 0, 10.25, 2], "texture": "#2"}
			}
		},
		{
			"from": [7, -1, 7],
			"to": [9, 2, 10],
			"shade": false,
			"light_emission": 2,
			"rotation": {"angle": 0, "axis": "y", "origin": [8, 0.99645, 9.25]},
			"faces": {
				"north": {"uv": [0.75, 5.25, 1.25, 6], "texture": "#2"},
				"east": {"uv": [0, 5.25, 0.75, 6], "texture": "#2"},
				"south": {"uv": [2, 5.25, 2.5, 6], "texture": "#2"},
				"west": {"uv": [1.25, 5.25, 2, 6], "texture": "#2"},
				"up": {"uv": [1.25, 5.25, 0.75, 4.5], "texture": "#2"},
				"down": {"uv": [1.75, 4.5, 1.25, 5.25], "texture": "#2"}
			}
		}
	],
	"display": {
		"thirdperson_righthand": {
			"translation": [-0.5, 1, 2],
			"scale": [0.85, 0.85, 0.85]
		},
		"thirdperson_lefthand": {
			"translation": [-0.5, 1.75, 2],
			"scale": [0.85, 0.85, 0.85]
		},
		"firstperson_righthand": {
			"rotation": [7.32, -6.35, -6.85],
			"translation": [2, 1.75, -0.25],
			"scale": [0.55, 0.55, 0.55]
		},
		"firstperson_lefthand": {
			"rotation": [7.32, -6.35, -6.85],
			"translation": [2, 1.75, -0.25],
			"scale": [0.55, 0.55, 0.55]
		},
		"ground": {
			"rotation": [-45, 0, 0],
			"translation": [0, 2, 0],
			"scale": [0.5, 0.5, 0.5]
		},
		"gui": {
			"rotation": [35.89, 49.3, -67.72],
			"translation": [-2.5, -3, 0],
			"scale": [0.7, 0.7, 0.7]
		},
		"fixed": {
			"rotation": [-90, 45, 90],
			"translation": [4.25, -4.25, 0]
		}
	}
}