{
	"format_version": "1.21.6",
	"credit": "davka",
	"texture_size": [32, 32],
	"textures": {
		"particle": "block/golden_pickaxe"
	},
	"elements": [
		{
			"from": [6.5, 0.5, 7],
			"to": [9.5, 3.5, 9],
			"shade": false,
			"light_emission": 2,
			"rotation": {"angle": 45, "axis": "z", "origin": [8, 2, 8]},
			"faces": {
				"north": {"uv": [2, 6.5, 3.5, 8], "texture": "#particle"},
				"east": {"uv": [2, 5, 3, 6.5], "texture": "#particle"},
				"south": {"uv": [3.5, 6.5, 5, 8], "texture": "#particle"},
				"west": {"uv": [5, 6.5, 6, 8], "texture": "#particle"},
				"up": {"uv": [7.5, 7.5, 6, 6.5], "texture": "#particle"},
				"down": {"uv": [7.5, 7.5, 6, 8.5], "texture": "#particle"}
			}
		},
		{
			"from": [6.97868, 3, 7.5],
			"to": [8.97868, 16, 8.5],
			"rotation": {"angle": 0, "axis": "y", "origin": [7.72868, 8.91421, 8.25]},
			"faces": {
				"north": {"uv": [3, 0, 4, 6.5], "texture": "#particle"},
				"east": {"uv": [1, 5, 1.5, 11.5], "texture": "#particle"},
				"south": {"uv": [4, 0, 5, 6.5], "texture": "#particle"},
				"west": {"uv": [1.5, 5, 2, 11.5], "texture": "#particle"},
				"up": {"uv": [9, 6.5, 8, 6], "texture": "#particle"},
				"down": {"uv": [3.5, 8.5, 2.5, 9], "texture": "#particle"}
			}
		},
		{
			"from": [6.51421, 13, 6.99445],
			"to": [9.51421, 23, 8.99445],
			"shade": false,
			"light_emission": 2,
			"rotation": {"angle": 0, "axis": "y", "origin": [7.26421, 4.32843, 7.74445]},
			"faces": {
				"north": {"uv": [0, 0, 1.5, 5], "texture": "#particle"},
				"east": {"uv": [0, 5, 1, 10], "texture": "#particle"},
				"south": {"uv": [1.5, 0, 3, 5], "texture": "#particle"},
				"west": {"uv": [5, 0, 6, 5], "texture": "#particle"},
				"up": {"uv": [9, 7.5, 7.5, 6.5], "texture": "#particle"},
				"down": {"uv": [9, 7.5, 7.5, 8.5], "texture": "#particle"}
			}
		},
		{
			"from": [7.61492, 12.2059, 7.607],
			"to": [13.61492, 14.9059, 8.609],
			"shade": false,
			"light_emission": 2,
			"rotation": {"angle": -45, "axis": "z", "origin": [18.61492, 12.63862, 7.6091]},
			"faces": {
				"north": {"uv": [9, 1.5, 6, 3], "texture": "#particle"},
				"east": {"uv": [6, 8, 5.5, 9.5], "texture": "#particle"},
				"south": {"uv": [9, 3, 6, 4.5], "texture": "#particle"},
				"west": {"uv": [5.5, 8, 5, 9.5], "texture": "#particle"},
				"up": {"uv": [8, 5.5, 11, 5], "texture": "#particle"},
				"down": {"uv": [8, 5.5, 11, 6], "texture": "#particle"}
			}
		},
		{
			"from": [7.43995, 19.02, 7.608],
			"to": [13.43995, 22.02, 8.608],
			"shade": false,
			"light_emission": 2,
			"rotation": {"angle": 0, "axis": "y", "origin": [13.73995, 20, 7.60805]},
			"faces": {
				"north": {"uv": [8, 5, 5, 6.5], "texture": "#particle"},
				"east": {"uv": [2.5, 8.5, 2, 10], "texture": "#particle"},
				"south": {"uv": [9, 0, 6, 1.5], "texture": "#particle"},
				"west": {"uv": [9, 1.5, 8.5, 3], "texture": "#particle"},
				"up": {"uv": [6, 5, 9, 4.5], "texture": "#particle"},
				"down": {"uv": [2, 8, 5, 8.5], "texture": "#particle"}
			}
		},
		{
			"from": [2.56005, 19.02, 7.608],
			"to": [8.56005, 22.02, 8.608],
			"shade": false,
			"light_emission": 2,
			"rotation": {"angle": 0, "axis": "y", "origin": [2.26005, 20, 7.60805]},
			"faces": {
				"north": {"uv": [5, 5, 8, 6.5], "texture": "#particle"},
				"east": {"uv": [8.5, 1.5, 9, 3], "texture": "#particle"},
				"south": {"uv": [6, 0, 9, 1.5], "texture": "#particle"},
				"west": {"uv": [2, 8.5, 2.5, 10], "texture": "#particle"},
				"up": {"uv": [9, 5, 6, 4.5], "texture": "#particle"},
				"down": {"uv": [5, 8, 2, 8.5], "texture": "#particle"}
			}
		},
		{
			"from": [2.38508, 12.2059, 7.607],
			"to": [8.38508, 14.9059, 8.609],
			"shade": false,
			"light_emission": 2,
			"rotation": {"angle": 45, "axis": "z", "origin": [-2.61492, 12.63862, 7.6091]},
			"faces": {
				"north": {"uv": [6, 1.5, 9, 3], "texture": "#particle"},
				"east": {"uv": [5, 8, 5.5, 9.5], "texture": "#particle"},
				"south": {"uv": [6, 3, 9, 4.5], "texture": "#particle"},
				"west": {"uv": [5.5, 8, 6, 9.5], "texture": "#particle"},
				"up": {"uv": [11, 5.5, 8, 5], "texture": "#particle"},
				"down": {"uv": [11, 5.5, 8, 6], "texture": "#particle"}
			}
		}
	],
	"display": {
		"thirdperson_righthand": {
			"rotation": [0, 90, 0],
			"translation": [-0.5, -2, 1.75],
			"scale": [0.85, 0.85, 0.85]
		},
		"thirdperson_lefthand": {
			"rotation": [0, -90, 0],
			"translation": [-0.5, -1.5, 1.75],
			"scale": [0.85, 0.85, 0.85]
		},
		"firstperson_righthand": {
			"rotation": [56.05, 84.96, -44.68],
			"translation": [1.75, -0.5, 0],
			"scale": [0.55, 0.55, 0.55]
		},
		"firstperson_lefthand": {
			"rotation": [-56.05, -84.96, -62],
			"translation": [1.5, -0.5, 0],
			"scale": [0.55, 0.55, 0.55]
		},
		"ground": {
			"rotation": [12.74, 17, -28.36],
			"translation": [0, 1.75, 0],
			"scale": [0.4, 0.4, 0.4]
		},
		"gui": {
			"rotation": [140.93, 0.17, -143.26],
			"translation": [-2.25, -3, 0],
			"scale": [0.75, 0.75, 0.75]
		},
		"fixed": {
			"rotation": [0, 0, 45],
			"translation": [3.5, -3.75, 0],
			"scale": [0.9, 0.9, 0.9]
		}
	},
	"groups": [
		{
			"name": "pick",
			"origin": [8, 2, 8],
			"color": 0,
			"children": [0, 1, 2, 3, 4, 5, 6]
		}
	]
}