{
	"format_version": "1.21.6",
	"credit": "Made with Blockbench",
	"texture_size": [64, 64],
	"textures": {
		"2": "block/golden_spear"
	},
	"elements": [
		{
			"from": [6.98995, -13, 7.49371],
			"to": [8.98995, 17, 8.49371],
			"rotation": {"angle": 0, "axis": "y", "origin": [7.98995, -6.25, 7.99371]},
			"faces": {
				"north": {"uv": [0, 0, 0.5, 7.5], "texture": "#2"},
				"east": {"uv": [1, 1.5, 1.25, 9], "texture": "#2"},
				"south": {"uv": [0.5, 0, 1, 7.5], "texture": "#2"},
				"west": {"uv": [1.25, 1.5, 1.5, 9], "texture": "#2"},
				"up": {"uv": [2.25, 4.75, 1.75, 4.5], "texture": "#2"},
				"down": {"uv": [5, 2.5, 4.5, 2.75], "texture": "#2"}
			}
		},
		{
			"from": [6.51421, 16, 6.99445],
			"to": [9.51421, 25, 8.99445],
			"shade": false,
			"light_emission": 2,
			"rotation": {"angle": 0, "axis": "y", "origin": [8.26421, 12.05343, 7.74445]},
			"faces": {
				"north": {"uv": [1.5, 1.5, 2.25, 3.75], "texture": "#2"},
				"east": {"uv": [3, 0, 3.5, 2.25], "texture": "#2"},
				"south": {"uv": [2.25, 1.5, 3, 3.75], "texture": "#2"},
				"west": {"uv": [3, 2.25, 3.5, 4.5], "texture": "#2"},
				"up": {"uv": [4.5, 4, 3.75, 3.5], "texture": "#2"},
				"down": {"uv": [2.25, 4, 1.5, 4.5], "texture": "#2"}
			}
		},
		{
			"from": [11.51421, 21, 7.49445],
			"to": [13.51421, 24, 8.49445],
			"shade": false,
			"light_emission": 2,
			"rotation": {"angle": 0, "axis": "y", "origin": [13.26421, 9.05343, 8.24445]},
			"faces": {
				"north": {"uv": [3.5, 2.5, 4, 3.25], "texture": "#2"},
				"east": {"uv": [2.75, 4, 3, 4.75], "texture": "#2"},
				"south": {"uv": [4, 2.5, 3.5, 3.25], "texture": "#2"},
				"west": {"uv": [4.25, 1, 4.5, 1.75], "texture": "#2"},
				"up": {"uv": [4.75, 2, 4.25, 1.75], "texture": "#2"},
				"down": {"uv": [5, 1, 4.5, 1.25], "texture": "#2"}
			}
		},
		{
			"from": [6.51421, 24, 7.49445],
			"to": [13.51421, 30, 8.49445],
			"shade": false,
			"light_emission": 2,
			"rotation": {"angle": 0, "axis": "y", "origin": [10.26342, 14.05343, 8.24445]},
			"faces": {
				"north": {"uv": [1, 0, 2.75, 1.5], "texture": "#2"},
				"east": {"uv": [2.75, 0, 3, 1.5], "texture": "#2"},
				"south": {"uv": [2.75, 0, 1, 1.5], "texture": "#2"},
				"west": {"uv": [3.5, 3.25, 3.75, 4.75], "texture": "#2"},
				"up": {"uv": [5.25, 2.25, 3.5, 2], "texture": "#2"},
				"down": {"uv": [5.25, 2.25, 3.5, 2.5], "texture": "#2"}
			}
		},
		{
			"from": [5.51421, 30, 7.49445],
			"to": [11.51421, 32, 8.49445],
			"shade": false,
			"light_emission": 2,
			"rotation": {"angle": 0, "axis": "y", "origin": [10.26421, 17.05343, 8.24445]},
			"faces": {
				"north": {"uv": [3.5, 0, 5, 0.5], "texture": "#2"},
				"east": {"uv": [4.5, 1.25, 4.75, 1.75], "texture": "#2"},
				"south": {"uv": [5, 0, 3.5, 0.5], "texture": "#2"},
				"west": {"uv": [1.5, 4.5, 1.75, 5], "texture": "#2"},
				"up": {"uv": [3, 4, 1.5, 3.75], "texture": "#2"},
				"down": {"uv": [5.25, 3.25, 3.75, 3.5], "texture": "#2"}
			}
		},
		{
			"from": [6.5, -15.5, 7],
			"to": [9.5, -12.5, 9],
			"shade": false,
			"light_emission": 2,
			"rotation": {"angle": 45, "axis": "z", "origin": [8, -14, 8]},
			"faces": {
				"north": {"uv": [3.5, 0.5, 4.25, 1.25], "texture": "#2"},
				"east": {"uv": [2.25, 4, 2.75, 4.75], "texture": "#2"},
				"south": {"uv": [3.5, 1.25, 4.25, 2], "texture": "#2"},
				"west": {"uv": [4, 2.5, 4.5, 3.25], "texture": "#2"},
				"up": {"uv": [4.5, 4.5, 3.75, 4], "texture": "#2"},
				"down": {"uv": [5, 0.5, 4.25, 1], "texture": "#2"}
			}
		}
	],
	"display": {
		"thirdperson_righthand": {
			"rotation": [0, 90, 0],
			"translation": [-0.5, 1, 1.75],
			"scale": [0.85, 0.85, 0.85]
		},
		"thirdperson_lefthand": {
			"rotation": [0, -90, 0],
			"translation": [-0.5, 1, 1.75],
			"scale": [0.85, 0.85, 0.85]
		},
		"firstperson_righthand": {
			"rotation": [169.95, 83.26, 178.72],
			"translation": [1.5, 1.75, 0.75],
			"scale": [0.55, 0.55, 0.55]
		},
		"firstperson_lefthand": {
			"rotation": [126, -93, 135.52],
			"translation": [1.75, 1.25, 1.75],
			"scale": [0.55, 0.55, 0.55]
		},
		"ground": {
			"rotation": [12.74, 17, -28.36],
			"translation": [0, 6.5, 0],
			"scale": [0.4, 0.4, 0.4]
		},
		"gui": {
			"rotation": [140.93, 0.17, -143.26],
			"translation": [-5.25, -5.5, 0],
			"scale": [0.75, 0.75, 0.75]
		},
		"fixed": {
			"rotation": [0, 0, 45],
			"translation": [-0.5, 0.5, 0],
			"scale": [0.9, 0.9, 0.9]
		}
	},
	"groups": [
		0,
		1,
		{
			"name": "head",
			"origin": [10.26421, 8.45343, 7.74445],
			"color": 0,
			"children": [2, 3, 4]
		},
		5
	]
}