{
	"format_version": "1.21.6",
	"credit": "davka",
	"texture_size": [32, 32],
	"textures": {
		"1": "block/iron_shovel"
	},
	"elements": [
		{
			"from": [6.51421, 13, 6.99445],
			"to": [9.51421, 19, 8.99445],
			"rotation": {"angle": 0, "axis": "y", "origin": [7.26421, 4.32843, 7.74445]},
			"faces": {
				"north": {"uv": [0, 6, 1.5, 9], "texture": "#1"},
				"east": {"uv": [5, 6, 6, 9], "texture": "#1"},
				"south": {"uv": [1.5, 6, 3, 9], "texture": "#1"},
				"west": {"uv": [6, 6, 7, 9], "texture": "#1"},
				"up": {"uv": [10, 9.5, 8.5, 8.5], "texture": "#1"},
				"down": {"uv": [1.5, 9, 0, 10], "texture": "#1"}
			}
		},
		{
			"from": [6.97868, 3, 7.5],
			"to": [8.97868, 16, 8.5],
			"rotation": {"angle": 0, "axis": "y", "origin": [7.72868, 8.91421, 8.25]},
			"faces": {
				"north": {"uv": [3, 4, 4, 10.5], "texture": "#1"},
				"east": {"uv": [7, 0, 7.5, 6.5], "texture": "#1"},
				"south": {"uv": [4, 4, 5, 10.5], "texture": "#1"},
				"west": {"uv": [7, 6.5, 7.5, 13], "texture": "#1"},
				"up": {"uv": [7, 10, 6, 9.5], "texture": "#1"},
				"down": {"uv": [1, 10, 0, 10.5], "texture": "#1"}
			}
		},
		{
			"from": [6.5, 0.5, 7],
			"to": [9.5, 3.5, 9],
			"rotation": {"angle": 45, "axis": "z", "origin": [8, 2, 8]},
			"faces": {
				"north": {"uv": [7.5, 0, 9, 1.5], "texture": "#1"},
				"east": {"uv": [9, 0, 10, 1.5], "texture": "#1"},
				"south": {"uv": [7.5, 1.5, 9, 3], "texture": "#1"},
				"west": {"uv": [1.5, 9, 2.5, 10.5], "texture": "#1"},
				"up": {"uv": [10.5, 2.5, 9, 1.5], "texture": "#1"},
				"down": {"uv": [10.5, 2.5, 9, 3.5], "texture": "#1"}
			}
		},
		{
			"from": [4.51005, 16.02, 7.508],
			"to": [11.51005, 24.02, 8.508],
			"rotation": {"angle": 0, "axis": "y", "origin": [4.51005, 17, 7.50805]},
			"faces": {
				"north": {"uv": [0, 0, 3.5, 4], "texture": "#1"},
				"east": {"uv": [7.5, 7.5, 8, 11.5], "texture": "#1"},
				"south": {"uv": [3.5, 0, 0, 4], "texture": "#1"},
				"west": {"uv": [8, 7.5, 8.5, 11.5], "texture": "#1"},
				"up": {"uv": [13.5, 8, 10, 7.5], "texture": "#1"},
				"down": {"uv": [12, 8, 8.5, 8.5], "texture": "#1"}
			}
		}
	],
	"display": {
		"thirdperson_righthand": {
			"rotation": [0, 90, 0],
			"translation": [-0.5, -2, 1.75],
			"scale": [0.85, 0.85, 0.85]
		},
		"thirdperson_lefthand": {
			"rotation": [0, -90, 0],
			"translation": [-0.5, -1.5, 1.75],
			"scale": [0.85, 0.85, 0.85]
		},
		"firstperson_righthand": {
			"rotation": [56.05, 84.96, -44.68],
			"translation": [1.75, -0.5, 0],
			"scale": [0.55, 0.55, 0.55]
		},
		"firstperson_lefthand": {
			"rotation": [-56.05, -84.96, -62],
			"translation": [1.5, -0.5, 0],
			"scale": [0.55, 0.55, 0.55]
		},
		"ground": {
			"rotation": [12.74, 17, -28.36],
			"translation": [0, 1.75, 0],
			"scale": [0.4, 0.4, 0.4]
		},
		"gui": {
			"rotation": [140.93, 0.17, -143.26],
			"translation": [-2.25, -3, 0],
			"scale": [0.75, 0.75, 0.75]
		},
		"fixed": {
			"rotation": [0, 0, 45],
			"translation": [3.5, -3.75, 0],
			"scale": [0.9, 0.9, 0.9]
		}
	},
	"groups": [
		{
			"name": "group",
			"origin": [7.26421, 4.32843, 7.74445],
			"color": 0,
			"children": [0, 1, 2]
		},
		3
	]
}