{
	"format_version": "1.21.6",
	"credit": "Made with Blockbench",
	"texture_size": [64, 64],
	"textures": {
		"3": "block/iron_spear"
	},
	"elements": [
		{
			"from": [7.00936, -13, 7.49138],
			"to": [9.00936, 26, 8.49138],
			"shade": false,
			"rotation": {"angle": 0, "axis": "y", "origin": [9.50711, 5.25, 7.9922]},
			"faces": {
				"north": {"uv": [0, 0, 0.5, 9.75], "texture": "#3"},
				"east": {"uv": [3, 0, 3.25, 9.75], "texture": "#3"},
				"south": {"uv": [0.5, 0, 1, 9.75], "texture": "#3"},
				"west": {"uv": [1, 3, 1.25, 12.75], "texture": "#3"},
				"up": {"uv": [5.75, 3.25, 5.25, 3], "texture": "#3"},
				"down": {"uv": [5.75, 3.25, 5.25, 3.5], "texture": "#3"}
			}
		},
		{
			"from": [11.50936, 16, 7.49138],
			"to": [15.50936, 22, 8.49138],
			"shade": false,
			"rotation": {"angle": 0, "axis": "y", "origin": [9.50711, 5.25, 7.9922]},
			"faces": {
				"north": {"uv": [3.25, 0, 4.25, 1.5], "texture": "#3"},
				"east": {"uv": [2.75, 3, 3, 4.5], "texture": "#3"},
				"south": {"uv": [4.25, 0, 3.25, 1.5], "texture": "#3"},
				"west": {"uv": [2.75, 4.5, 3, 6], "texture": "#3"},
				"up": {"uv": [6, 5, 5, 4.75], "texture": "#3"},
				"down": {"uv": [6, 5, 5, 5.25], "texture": "#3"}
			}
		},
		{
			"from": [7.50936, 22, 7.49138],
			"to": [15.50936, 28, 8.49138],
			"shade": false,
			"rotation": {"angle": 0, "axis": "y", "origin": [9.50711, 5.25, 7.9922]},
			"faces": {
				"north": {"uv": [1, 0, 3, 1.5], "texture": "#3"},
				"east": {"uv": [4.75, 1.25, 5, 2.75], "texture": "#3"},
				"south": {"uv": [3, 0, 1, 1.5], "texture": "#3"},
				"west": {"uv": [4.25, 4.75, 4.5, 6.25], "texture": "#3"},
				"up": {"uv": [6.25, 4.75, 4.25, 4.5], "texture": "#3"},
				"down": {"uv": [6.75, 0, 4.75, 0.25], "texture": "#3"}
			}
		},
		{
			"from": [6.49931, -16, 6.98509],
			"to": [9.49931, -13, 8.98509],
			"shade": false,
			"rotation": {"angle": 0, "axis": "y", "origin": [9.50711, 5.25, 7.9922]},
			"faces": {
				"north": {"uv": [4.25, 3, 5, 3.75], "texture": "#3"},
				"east": {"uv": [4.5, 4.75, 5, 5.5], "texture": "#3"},
				"south": {"uv": [4.25, 3.75, 5, 4.5], "texture": "#3"},
				"west": {"uv": [5, 1.25, 5.5, 2], "texture": "#3"},
				"up": {"uv": [5.75, 2.5, 5, 2], "texture": "#3"},
				"down": {"uv": [5.75, 2.5, 5, 3], "texture": "#3"}
			}
		},
		{
			"from": [6.50486, 19, 6.99931],
			"to": [9.50486, 29, 8.99931],
			"rotation": {"angle": 0, "axis": "y", "origin": [9.50711, 5.25, 7.9922]},
			"faces": {
				"north": {"uv": [1.25, 3, 2, 5.5], "texture": "#3"},
				"east": {"uv": [3.25, 3, 3.75, 5.5], "texture": "#3"},
				"south": {"uv": [2, 3, 2.75, 5.5], "texture": "#3"},
				"west": {"uv": [3.75, 3, 4.25, 5.5], "texture": "#3"},
				"up": {"uv": [5.5, 0.75, 4.75, 0.25], "texture": "#3"},
				"down": {"uv": [5.5, 0.75, 4.75, 1.25], "texture": "#3"}
			}
		},
		{
			"from": [4.50486, 22, 7.49931],
			"to": [6.50486, 28, 8.49931],
			"shade": false,
			"rotation": {"angle": 0, "axis": "y", "origin": [9.50711, 5.25, 7.9922]},
			"faces": {
				"north": {"uv": [4.25, 0, 4.75, 1.5], "texture": "#3"},
				"east": {"uv": [2.75, 3, 3, 4.5], "texture": "#3"},
				"south": {"uv": [4.75, 0, 4.25, 1.5], "texture": "#3"},
				"west": {"uv": [5, 3, 5.25, 4.5], "texture": "#3"},
				"up": {"uv": [5.75, 3.75, 5.25, 3.5], "texture": "#3"},
				"down": {"uv": [5.75, 3.75, 5.25, 4], "texture": "#3"}
			}
		},
		{
			"from": [7.00486, 29, 7.49931],
			"to": [9.00486, 32, 8.49931],
			"shade": false,
			"rotation": {"angle": 0, "axis": "y", "origin": [12.00711, 9.25, 7.9922]},
			"faces": {
				"north": {"uv": [5.75, 0.25, 6.25, 1], "texture": "#3"},
				"east": {"uv": [5.5, 0.25, 5.75, 1], "texture": "#3"},
				"south": {"uv": [6.25, 0.25, 5.75, 1], "texture": "#3"},
				"west": {"uv": [6.25, 0.25, 6.5, 1], "texture": "#3"},
				"up": {"uv": [6.25, 0.25, 5.75, 0], "texture": "#3"},
				"down": {"uv": [6.75, 0, 6.25, 0.25], "texture": "#3"}
			}
		}
	],
	"display": {
		"thirdperson_righthand": {
			"rotation": [0, 90, 0],
			"translation": [-0.5, 1, 1.75],
			"scale": [0.85, 0.85, 0.85]
		},
		"thirdperson_lefthand": {
			"rotation": [0, 90, 0],
			"translation": [-0.5, 1, 1.75],
			"scale": [0.85, 0.85, 0.85]
		},
		"firstperson_righthand": {
			"rotation": [169.95, 83.26, 178.72],
			"translation": [1.5, 1.75, 0.75],
			"scale": [0.55, 0.55, 0.55]
		},
		"firstperson_lefthand": {
			"rotation": [126, 93, -135.52],
			"translation": [1.75, 1.25, 1.75],
			"scale": [0.55, 0.55, 0.55]
		},
		"ground": {
			"rotation": [12.74, 17, -28.36],
			"translation": [0, 6.5, 0],
			"scale": [0.4, 0.4, 0.4]
		},
		"gui": {
			"rotation": [140.93, 0.17, -143.26],
			"translation": [-5.25, -5.5, 0],
			"scale": [0.75, 0.75, 0.75]
		},
		"fixed": {
			"rotation": [0, 0, 45],
			"translation": [-0.5, 0.5, 0],
			"scale": [0.9, 0.9, 0.9]
		}
	},
	"groups": [
		{
			"name": "group",
			"origin": [8.00629, 8.75, 7.98995],
			"color": 0,
			"children": [0, 1, 2, 3, 4, 5, 6]
		}
	]
}