{
	"format_version": "1.21.6",
	"credit": "davka",
	"texture_size": [32, 32],
	"textures": {
		"1": "block/iron_axe"
	},
	"elements": [
		{
			"from": [6.97868, 3, 7.5],
			"to": [8.97868, 16, 8.5],
			"rotation": {"angle": 0, "axis": "y", "origin": [7.72868, 8.91421, 8.25]},
			"faces": {
				"north": {"uv": [3, 0, 4, 6.5], "texture": "#1"},
				"east": {"uv": [3, 6.5, 3.5, 13], "texture": "#1"},
				"south": {"uv": [4, 0, 5, 6.5], "texture": "#1"},
				"west": {"uv": [3.5, 6.5, 4, 13], "texture": "#1"},
				"up": {"uv": [5, 7, 4, 6.5], "texture": "#1"},
				"down": {"uv": [9.5, 8.5, 8.5, 9], "texture": "#1"}
			}
		},
		{
			"from": [6.5, 0.5, 7],
			"to": [9.5, 3.5, 9],
			"rotation": {"angle": 45, "axis": "z", "origin": [8, 2, 8]},
			"faces": {
				"north": {"uv": [4, 7, 5.5, 8.5], "texture": "#1"},
				"east": {"uv": [7, 7, 8, 8.5], "texture": "#1"},
				"south": {"uv": [5.5, 7, 7, 8.5], "texture": "#1"},
				"west": {"uv": [7.5, 4, 8.5, 5.5], "texture": "#1"},
				"up": {"uv": [7.5, 5, 6, 4], "texture": "#1"},
				"down": {"uv": [9, 5.5, 7.5, 6.5], "texture": "#1"}
			}
		},
		{
			"from": [6.51421, 13, 6.99445],
			"to": [9.51421, 23, 8.99445],
			"rotation": {"angle": 0, "axis": "y", "origin": [7.26421, 4.32843, 7.74445]},
			"faces": {
				"north": {"uv": [0, 0, 1.5, 5], "texture": "#1"},
				"east": {"uv": [5, 0, 6, 5], "texture": "#1"},
				"south": {"uv": [1.5, 0, 3, 5], "texture": "#1"},
				"west": {"uv": [2, 5, 3, 10], "texture": "#1"},
				"up": {"uv": [1.5, 9, 0, 8], "texture": "#1"},
				"down": {"uv": [9.5, 0, 8, 1], "texture": "#1"}
			}
		},
		{
			"from": [12.43995, 17.02, 7.608],
			"to": [16.43995, 23.02, 8.608],
			"rotation": {"angle": 0, "axis": "y", "origin": [18.73995, 20, 7.60805]},
			"faces": {
				"north": {"uv": [0, 5, 2, 8], "texture": "#1"},
				"east": {"uv": [1.5, 8, 2, 11], "texture": "#1"},
				"south": {"uv": [2, 5, 0, 8], "texture": "#1"},
				"west": {"uv": [8, 6.5, 8.5, 9.5], "texture": "#1"},
				"up": {"uv": [6, 9, 4, 8.5], "texture": "#1"},
				"down": {"uv": [10.5, 4, 8.5, 4.5], "texture": "#1"}
			}
		},
		{
			"from": [11.43995, 23.02, 7.608],
			"to": [16.43995, 25.02, 8.608],
			"rotation": {"angle": 0, "axis": "y", "origin": [18.73995, 23, 7.60805]},
			"faces": {
				"north": {"uv": [6, 2, 8.5, 3], "texture": "#1"},
				"east": {"uv": [7.5, 8.5, 8, 9.5], "texture": "#1"},
				"south": {"uv": [8.5, 2, 6, 3], "texture": "#1"},
				"west": {"uv": [0, 9, 0.5, 10], "texture": "#1"},
				"up": {"uv": [10.5, 1.5, 8, 1], "texture": "#1"},
				"down": {"uv": [10.5, 1.5, 8, 2], "texture": "#1"}
			}
		},
		{
			"from": [11.43995, 15.02, 7.608],
			"to": [16.43995, 17.02, 8.608],
			"rotation": {"angle": 0, "axis": "y", "origin": [18.73995, 15, 7.60805]},
			"faces": {
				"north": {"uv": [6, 3, 8.5, 4], "texture": "#1"},
				"east": {"uv": [0.5, 9, 1, 10], "texture": "#1"},
				"south": {"uv": [8.5, 3, 6, 4], "texture": "#1"},
				"west": {"uv": [1, 9, 1.5, 10], "texture": "#1"},
				"up": {"uv": [11, 2.5, 8.5, 2], "texture": "#1"},
				"down": {"uv": [11, 2.5, 8.5, 3], "texture": "#1"}
			}
		},
		{
			"from": [8.43995, 18.02, 7.608],
			"to": [12.43995, 22.02, 8.608],
			"rotation": {"angle": 0, "axis": "y", "origin": [14.73995, 20, 7.60805]},
			"faces": {
				"north": {"uv": [6, 0, 8, 2], "texture": "#1"},
				"east": {"uv": [6, 8.5, 6.5, 10.5], "texture": "#1"},
				"south": {"uv": [8, 0, 6, 2], "texture": "#1"},
				"west": {"uv": [6.5, 8.5, 7, 10.5], "texture": "#1"},
				"up": {"uv": [10.5, 5, 8.5, 4.5], "texture": "#1"},
				"down": {"uv": [10.5, 5, 8.5, 5.5], "texture": "#1"}
			}
		},
		{
			"from": [3.56005, 18.02, 7.608],
			"to": [8.56005, 22.02, 8.608],
			"rotation": {"angle": 0, "axis": "y", "origin": [2.26005, 20, 7.60805]},
			"faces": {
				"north": {"uv": [5, 5, 7.5, 7], "texture": "#1"},
				"east": {"uv": [8.5, 6.5, 9, 8.5], "texture": "#1"},
				"south": {"uv": [7.5, 5, 5, 7], "texture": "#1"},
				"west": {"uv": [7, 8.5, 7.5, 10.5], "texture": "#1"},
				"up": {"uv": [11, 3.5, 8.5, 3], "texture": "#1"},
				"down": {"uv": [11, 3.5, 8.5, 4], "texture": "#1"}
			}
		}
	],
	"display": {
		"thirdperson_righthand": {
			"rotation": [0, 90, 0],
			"translation": [-0.5, -2, 1.75],
			"scale": [0.85, 0.85, 0.85]
		},
		"thirdperson_lefthand": {
			"rotation": [0, -90, 0],
			"translation": [-0.5, -1.5, 1.75],
			"scale": [0.85, 0.85, 0.85]
		},
		"firstperson_righthand": {
			"rotation": [56.05, 84.96, -44.68],
			"translation": [1.75, -0.5, 0],
			"scale": [0.55, 0.55, 0.55]
		},
		"firstperson_lefthand": {
			"rotation": [-56.05, -84.96, -62],
			"translation": [1.5, -0.5, 0],
			"scale": [0.55, 0.55, 0.55]
		},
		"ground": {
			"rotation": [12.74, 17, -28.36],
			"translation": [0, 1.75, 0],
			"scale": [0.4, 0.4, 0.4]
		},
		"gui": {
			"rotation": [140.93, 0.17, -143.26],
			"translation": [-2.25, -3, 0],
			"scale": [0.75, 0.75, 0.75]
		},
		"fixed": {
			"rotation": [0, 0, 45],
			"translation": [3.5, -3.75, 0],
			"scale": [0.9, 0.9, 0.9]
		}
	},
	"groups": [
		{
			"name": "group",
			"origin": [7.72868, 8.91421, 8.25],
			"color": 0,
			"children": [0, 1, 2, 3, 4, 5, 6, 7]
		}
	]
}