{
	"format_version": "1.21.6",
	"credit": "davka",
	"texture_size": [64, 64],
	"textures": {
		"1": "block/iron_sword"
	},
	"elements": [
		{
			"from": [7.50629, 2, 6.98995],
			"to": [8.50629, 7, 8.98995],
			"shade": false,
			"rotation": {"angle": 0, "axis": "y", "origin": [8.00629, 8.75, 7.98995]},
			"faces": {
				"north": {"uv": [3, 6.25, 3.25, 7.5], "texture": "#1"},
				"east": {"uv": [2.5, 6.25, 3, 7.5], "texture": "#1"},
				"south": {"uv": [3.75, 6.25, 4, 7.5], "texture": "#1"},
				"west": {"uv": [3.25, 6.25, 3.75, 7.5], "texture": "#1"},
				"up": {"uv": [3.25, 6.25, 3, 5.75], "texture": "#1"},
				"down": {"uv": [3.5, 5.75, 3.25, 6.25], "texture": "#1"}
			}
		},
		{
			"from": [6.50629, 7, 4],
			"to": [9.50629, 8, 12],
			"shade": false,
			"rotation": {"angle": 0, "axis": "y", "origin": [8.00629, 9.75, 8]},
			"faces": {
				"north": {"uv": [5.5, 5.5, 6.25, 5.75], "texture": "#1"},
				"east": {"uv": [3.5, 5.5, 5.5, 5.75], "texture": "#1"},
				"south": {"uv": [8.25, 5.5, 9, 5.75], "texture": "#1"},
				"west": {"uv": [6.25, 5.5, 8.25, 5.75], "texture": "#1"},
				"up": {"uv": [6.25, 5.5, 5.5, 3.5], "texture": "#1"},
				"down": {"uv": [7, 3.5, 6.25, 5.5], "texture": "#1"}
			}
		},
		{
			"from": [7.50629, 8, 4.98995],
			"to": [8.50629, 19, 10.98995],
			"shade": false,
			"rotation": {"angle": 0, "axis": "y", "origin": [7.00629, 35.75, 8.98995]},
			"faces": {
				"north": {"uv": [1.5, 1.5, 1.75, 5], "texture": "#1"},
				"east": {"uv": [3.25, 2.25, 1.75, 5], "texture": "#1"},
				"south": {"uv": [3.25, 1.5, 3.5, 5], "texture": "#1"},
				"west": {"uv": [1.75, 2.25, 3.25, 5], "texture": "#1"},
				"up": {"uv": [1.75, 1.5, 1.5, 0], "texture": "#1"},
				"down": {"uv": [2, 0, 1.75, 1.5], "texture": "#1"}
			}
		},
		{
			"from": [7.50629, 19, 4.98995],
			"to": [8.50629, 25, 12.98995],
			"shade": false,
			"rotation": {"angle": 0, "axis": "y", "origin": [7.00629, 35.75, 7.98995]},
			"faces": {
				"north": {"uv": [5.5, 2, 5.75, 3.5], "texture": "#1"},
				"east": {"uv": [7.75, 2, 5.75, 3.5], "texture": "#1"},
				"south": {"uv": [7.75, 2, 8, 3.5], "texture": "#1"},
				"west": {"uv": [5.75, 2, 7.75, 3.5], "texture": "#1"},
				"up": {"uv": [5.75, 2, 5.5, 0], "texture": "#1"},
				"down": {"uv": [6, 0, 5.75, 2], "texture": "#1"}
			}
		},
		{
			"from": [7, -1, 6.5],
			"to": [9, 2, 9.5],
			"shade": false,
			"rotation": {"angle": 0, "axis": "y", "origin": [8, 0.99645, 8.75]},
			"faces": {
				"north": {"uv": [0.75, 5.75, 1.25, 6.5], "texture": "#1"},
				"east": {"uv": [0, 5.75, 0.75, 6.5], "texture": "#1"},
				"south": {"uv": [2, 5.75, 2.5, 6.5], "texture": "#1"},
				"west": {"uv": [1.25, 5.75, 2, 6.5], "texture": "#1"},
				"up": {"uv": [1.25, 5.75, 0.75, 5], "texture": "#1"},
				"down": {"uv": [1.75, 5, 1.25, 5.75], "texture": "#1"}
			}
		}
	],
	"display": {
		"thirdperson_righthand": {
			"translation": [-0.5, 1, 2],
			"scale": [0.85, 0.85, 0.85]
		},
		"thirdperson_lefthand": {
			"translation": [-0.5, 1.75, 2],
			"scale": [0.85, 0.85, 0.85]
		},
		"firstperson_righthand": {
			"rotation": [7.32, -6.35, -6.85],
			"translation": [2, 1.75, -0.25],
			"scale": [0.55, 0.55, 0.55]
		},
		"firstperson_lefthand": {
			"rotation": [7.32, -6.35, -6.85],
			"translation": [2, 1.75, -0.25],
			"scale": [0.55, 0.55, 0.55]
		},
		"ground": {
			"rotation": [-45, 0, 0],
			"translation": [0, 2, 0],
			"scale": [0.5, 0.5, 0.5]
		},
		"gui": {
			"rotation": [35.89, 49.3, -67.72],
			"translation": [-2.5, -3, 0],
			"scale": [0.7, 0.7, 0.7]
		},
		"fixed": {
			"rotation": [-90, 45, 90],
			"translation": [4.25, -4.25, 0]
		}
	}
}