{
	"format_version": "1.21.6",
	"credit": "davka",
	"texture_size": [32, 32],
	"textures": {
		"1": "block/netherite_hoe",
		"particle": "block/netherite_hoe"
	},
	"elements": [
		{
			"from": [8.81079, 18.675, 7.5095],
			"to": [14.78579, 21.875, 8.4985],
			"rotation": {"angle": 0, "axis": "y", "origin": [9.78579, 22.78, 8.00867]},
			"faces": {
				"north": {"uv": [0, 3, 3, 4.5], "texture": "#1"},
				"east": {"uv": [7, 6, 7.5, 7.5], "texture": "#1"},
				"south": {"uv": [3, 3, 6, 4.5], "texture": "#1"},
				"west": {"uv": [7.5, 6, 8, 7.5], "texture": "#1"},
				"up": {"uv": [8, 1.5, 5, 1], "texture": "#1"},
				"down": {"uv": [8, 1.5, 5, 2], "texture": "#1"}
			}
		},
		{
			"from": [13.95393, 22.69328, 7.509],
			"to": [20.95393, 25.69328, 8.509],
			"rotation": {"angle": -45, "axis": "z", "origin": [9.76079, 22.78, 7.99817]},
			"faces": {
				"north": {"uv": [0, 0, 3.5, 1.5], "texture": "#1"},
				"east": {"uv": [7, 7.5, 7.5, 9], "texture": "#1"},
				"south": {"uv": [0, 1.5, 3.5, 3], "texture": "#1"},
				"west": {"uv": [7.5, 7.5, 8, 9], "texture": "#1"},
				"up": {"uv": [8.5, 0.5, 5, 0], "texture": "#1"},
				"down": {"uv": [8.5, 0.5, 5, 1], "texture": "#1"}
			}
		},
		{
			"from": [14.61422, 14.80393, 7.5099],
			"to": [17.61422, 16.95393, 8.5079],
			"rotation": {"angle": 0, "axis": "y", "origin": [15.61422, 15.30393, 8.01]},
			"faces": {
				"north": {"uv": [5, 2, 6.5, 3], "texture": "#1"},
				"east": {"uv": [8, 5, 8.5, 6], "texture": "#1"},
				"south": {"uv": [6, 3, 7.5, 4], "texture": "#1"},
				"west": {"uv": [6, 8, 6.5, 9], "texture": "#1"},
				"up": {"uv": [9, 3.5, 7.5, 3], "texture": "#1"},
				"down": {"uv": [9, 3.5, 7.5, 4], "texture": "#1"}
			}
		},
		{
			"from": [13.67488, 16.0717, 7.511],
			"to": [16.49988, 16.9467, 8.507],
			"rotation": {"angle": 45, "axis": "z", "origin": [15.67488, 16.5717, 8.01]},
			"faces": {
				"north": {"uv": [8, 1, 9.5, 1.5], "texture": "#1"},
				"east": {"uv": [8, 6, 8.5, 6.5], "texture": "#1"},
				"south": {"uv": [8, 1.5, 9.5, 2], "texture": "#1"},
				"west": {"uv": [6.5, 8, 7, 8.5], "texture": "#1"},
				"up": {"uv": [9.5, 2.5, 8, 2], "texture": "#1"},
				"down": {"uv": [9.5, 2.5, 8, 3], "texture": "#1"}
			}
		},
		{
			"from": [7.23995, 2, 7.31871],
			"to": [8.63995, 16, 8.71871],
			"rotation": {"angle": -45, "axis": "y", "origin": [7.98995, 7.91421, 8.06871]},
			"faces": {
				"north": {"uv": [4, 4.5, 4.5, 11.5], "texture": "#1"},
				"east": {"uv": [4.5, 4.5, 5, 11.5], "texture": "#1"},
				"south": {"uv": [5, 4.5, 5.5, 11.5], "texture": "#1"},
				"west": {"uv": [5.5, 4.5, 6, 11.5], "texture": "#1"},
				"up": {"uv": [8.5, 7, 8, 6.5], "texture": "#1"},
				"down": {"uv": [8.5, 7, 8, 7.5], "texture": "#1"}
			}
		},
		{
			"from": [7.21421, 14, 6.89445],
			"to": [9.21421, 23, 8.89445],
			"rotation": {"angle": -45, "axis": "y", "origin": [7.96421, 5.10343, 7.64445]},
			"faces": {
				"north": {"uv": [0, 4.5, 1, 9], "texture": "#1"},
				"east": {"uv": [1, 4.5, 2, 9], "texture": "#1"},
				"south": {"uv": [2, 4.5, 3, 9], "texture": "#1"},
				"west": {"uv": [3, 4.5, 4, 9], "texture": "#1"},
				"up": {"uv": [8, 6, 7, 5], "texture": "#1"},
				"down": {"uv": [7, 7, 6, 8], "texture": "#1"}
			}
		},
		{
			"from": [6.5, 0.5, 7],
			"to": [9, 3, 9],
			"rotation": {"angle": 45, "axis": "z", "origin": [8, 2, 8]},
			"faces": {
				"north": {"uv": [3.5, 0, 5, 1.5], "texture": "#1"},
				"east": {"uv": [6, 4, 7, 5.5], "texture": "#1"},
				"south": {"uv": [3.5, 1.5, 5, 3], "texture": "#1"},
				"west": {"uv": [6, 5.5, 7, 7], "texture": "#1"},
				"up": {"uv": [8, 3, 6.5, 2], "texture": "#1"},
				"down": {"uv": [8.5, 4, 7, 5], "texture": "#1"}
			}
		}
	],
	"display": {
		"thirdperson_righthand": {
			"rotation": [0, 90, 0],
			"translation": [-0.5, -2, 1.75],
			"scale": [0.85, 0.85, 0.85]
		},
		"thirdperson_lefthand": {
			"rotation": [0, -90, 0],
			"translation": [-0.5, -1.5, 1.75],
			"scale": [0.85, 0.85, 0.85]
		},
		"firstperson_righthand": {
			"rotation": [56.05, 84.96, -44.68],
			"translation": [1.75, -0.5, 0],
			"scale": [0.55, 0.55, 0.55]
		},
		"firstperson_lefthand": {
			"rotation": [-56.05, -84.96, -62],
			"translation": [1.5, -0.5, 0],
			"scale": [0.55, 0.55, 0.55]
		},
		"ground": {
			"rotation": [12.74, 17, -28.36],
			"translation": [0, 1.75, 0],
			"scale": [0.4, 0.4, 0.4]
		},
		"gui": {
			"rotation": [140.93, 0.17, -143.26],
			"translation": [-2.25, -3, 0],
			"scale": [0.75, 0.75, 0.75]
		},
		"fixed": {
			"rotation": [0, 0, 45],
			"translation": [3.5, -3.75, 0],
			"scale": [0.9, 0.9, 0.9]
		}
	},
	"groups": [
		{
			"name": "group",
			"origin": [16.25655, 19.53634, 8.5095],
			"color": 0,
			"children": [
				{
					"name": "group",
					"origin": [16.25655, 19.53634, 8.5095],
					"color": 0,
					"children": [0, 1, 2, 3]
				}
			]
		},
		4,
		5,
		6
	]
}