{
	"format_version": "1.21.6",
	"credit": "Made with Blockbench",
	"texture_size": [32, 32],
	"textures": {
		"1": "block/netherite_spear",
		"particle": "block/netherite_spear"
	},
	"elements": [
		{
			"from": [6.51421, 29, 7.49445],
			"to": [9.51421, 32, 8.49445],
			"rotation": {"angle": 0, "axis": "y", "origin": [9.26421, 17.05343, 8.24445]},
			"faces": {
				"north": {"uv": [5, 4, 6.5, 5.5], "texture": "#1"},
				"east": {"uv": [5, 8.5, 5.5, 10], "texture": "#1"},
				"south": {"uv": [6.5, 4, 5, 5.5], "texture": "#1"},
				"west": {"uv": [5.5, 8.5, 6, 10], "texture": "#1"},
				"up": {"uv": [9.5, 5, 8, 4.5], "texture": "#1"},
				"down": {"uv": [9.5, 5, 8, 5.5], "texture": "#1"}
			}
		},
		{
			"from": [5.51421, 24, 7.49445],
			"to": [10.51421, 29, 8.49445],
			"rotation": {"angle": 0, "axis": "y", "origin": [9.26421, 14.05343, 8.24445]},
			"faces": {
				"north": {"uv": [4.5, 0, 7, 2.5], "texture": "#1"},
				"east": {"uv": [8, 1, 8.5, 3.5], "texture": "#1"},
				"south": {"uv": [7, 0, 4.5, 2.5], "texture": "#1"},
				"west": {"uv": [8.5, 0, 9, 2.5], "texture": "#1"},
				"up": {"uv": [10.5, 4, 8, 3.5], "texture": "#1"},
				"down": {"uv": [10.5, 4, 8, 4.5], "texture": "#1"}
			}
		},
		{
			"from": [4.51421, 21, 7.49445],
			"to": [11.51421, 24, 8.49445],
			"rotation": {"angle": 0, "axis": "y", "origin": [9.26421, 9.05343, 8.24445]},
			"faces": {
				"north": {"uv": [4.5, 2.5, 8, 4], "texture": "#1"},
				"east": {"uv": [6, 8.5, 6.5, 10], "texture": "#1"},
				"south": {"uv": [8, 2.5, 4.5, 4], "texture": "#1"},
				"west": {"uv": [6.5, 8.5, 7, 10], "texture": "#1"},
				"up": {"uv": [10, 6, 6.5, 5.5], "texture": "#1"},
				"down": {"uv": [10, 6, 6.5, 6.5], "texture": "#1"}
			}
		},
		{
			"from": [7.26464, -14, 7.29047],
			"to": [8.66464, 17, 8.69047],
			"rotation": {"angle": 45, "axis": "y", "origin": [7.98579, 1.16783, 8.00364]},
			"faces": {
				"north": {"uv": [1, 0, 1.5, 15.5], "texture": "#1"},
				"east": {"uv": [0.5, 0, 1, 15.5], "texture": "#1"},
				"south": {"uv": [0, 0, 0.5, 15.5], "texture": "#1"},
				"west": {"uv": [1.5, 0, 2, 15.5], "texture": "#1"},
				"up": {"uv": [0.25, 0.25, 0.5, 0], "rotation": 180, "texture": "#1"},
				"down": {"uv": [0.5, 0, 0.75, 0.25], "rotation": 180, "texture": "#1"}
			}
		},
		{
			"from": [7.0019, 17, 6.97956],
			"to": [9.0019, 24, 8.97956],
			"rotation": {"angle": -45, "axis": "y", "origin": [7.98579, 1.36783, 8.00364]},
			"faces": {
				"north": {"uv": [11.5, 1, 12.5, 4.5], "texture": "#1"},
				"east": {"uv": [10.5, 1, 11.5, 4.5], "texture": "#1"},
				"south": {"uv": [13.5, 1, 14.5, 4.5], "texture": "#1"},
				"west": {"uv": [12.5, 1, 13.5, 4.5], "texture": "#1"},
				"up": {"uv": [12.5, 1, 11.5, 0], "texture": "#1"},
				"down": {"uv": [13.5, 0, 12.5, 1], "texture": "#1"}
			}
		},
		{
			"from": [17.72111, -11.0474, 7],
			"to": [20.22111, -8.5474, 9],
			"rotation": {"angle": -45, "axis": "z", "origin": [7.98579, 1.16783, 8.00364]},
			"faces": {
				"north": {"uv": [5, 11, 4, 12], "texture": "#1"},
				"east": {"uv": [6, 11, 5, 12], "texture": "#1"},
				"south": {"uv": [7, 11, 6, 12], "texture": "#1"},
				"west": {"uv": [4, 11, 3, 12], "texture": "#1"},
				"up": {"uv": [4, 11, 5, 10], "texture": "#1"},
				"down": {"uv": [5, 10, 6, 11], "texture": "#1"}
			}
		}
	],
	"display": {
		"thirdperson_righthand": {
			"rotation": [0, 90, 0],
			"translation": [-0.5, 1, 1.75],
			"scale": [0.85, 0.85, 0.85]
		},
		"thirdperson_lefthand": {
			"rotation": [0, 90, 0],
			"translation": [-0.5, 1, 1.75],
			"scale": [0.85, 0.85, 0.85]
		},
		"firstperson_righthand": {
			"rotation": [169.95, 83.26, 178.72],
			"translation": [1.5, 1.75, 0.75],
			"scale": [0.55, 0.55, 0.55]
		},
		"firstperson_lefthand": {
			"rotation": [126, 93, -135.52],
			"translation": [1.75, 1.25, 1.75],
			"scale": [0.55, 0.55, 0.55]
		},
		"ground": {
			"rotation": [12.74, 17, -28.36],
			"translation": [0, 6.5, 0],
			"scale": [0.4, 0.4, 0.4]
		},
		"gui": {
			"rotation": [140.93, 0.17, -143.26],
			"translation": [-5.25, -5.5, 0],
			"scale": [0.75, 0.75, 0.75]
		},
		"fixed": {
			"rotation": [0, 0, 45],
			"translation": [-0.5, 0.5, 0],
			"scale": [0.9, 0.9, 0.9]
		}
	},
	"groups": [
		{
			"name": "head",
			"origin": [10.26421, 8.45343, 7.74445],
			"color": 0,
			"children": [0, 1, 2]
		},
		3,
		4,
		5
	]
}