{
	"format_version": "1.21.6",
	"credit": "davka",
	"texture_size": [32, 32],
	"textures": {
		"1": "block/netherite_axe"
	},
	"elements": [
		{
			"from": [7.23995, 2, 7.31871],
			"to": [8.63995, 16, 8.71871],
			"rotation": {"angle": -45, "axis": "y", "origin": [7.98995, 7.91421, 8.06871]},
			"faces": {
				"north": {"uv": [0.5, 3.5, 1, 10.5], "texture": "#1"},
				"east": {"uv": [0, 3.5, 0.5, 10.5], "texture": "#1"},
				"south": {"uv": [1.5, 3.5, 2, 10.5], "texture": "#1"},
				"west": {"uv": [1, 3.5, 1.5, 10.5], "texture": "#1"},
				"up": {"uv": [1, 3.5, 0.5, 3], "texture": "#1"},
				"down": {"uv": [1.5, 3, 1, 3.5], "texture": "#1"}
			}
		},
		{
			"from": [7.83921, 17.025, 7.5095],
			"to": [15.83921, 22.025, 8.5095],
			"rotation": {"angle": 0, "axis": "y", "origin": [12.83921, 22.13, 8.00867]},
			"faces": {
				"north": {"uv": [0.5, 0.5, 4.5, 3], "texture": "#1"},
				"east": {"uv": [0, 0.5, 0.5, 3], "texture": "#1"},
				"south": {"uv": [4.5, 0.5, 0.5, 3], "texture": "#1"},
				"west": {"uv": [4.5, 0.5, 5, 3], "texture": "#1"},
				"up": {"uv": [4.5, 0.5, 0.5, 0], "texture": "#1"},
				"down": {"uv": [8.5, 0, 4.5, 0.5], "texture": "#1"}
			}
		},
		{
			"from": [5.08921, 17.025, 7.5095],
			"to": [8.08921, 22.025, 8.5095],
			"rotation": {"angle": 0, "axis": "y", "origin": [5.08921, 22.13, 8.00867]},
			"faces": {
				"north": {"uv": [11.5, 3.5, 13, 6], "texture": "#1"},
				"east": {"uv": [11, 3.5, 11.5, 6], "texture": "#1"},
				"south": {"uv": [13, 3.5, 11.5, 6], "texture": "#1"},
				"west": {"uv": [13, 3.5, 13.5, 6], "texture": "#1"},
				"up": {"uv": [13, 3.5, 11.5, 3], "texture": "#1"},
				"down": {"uv": [14.5, 3, 13, 3.5], "texture": "#1"}
			}
		},
		{
			"from": [11.83921, 14.025, 7.5095],
			"to": [15.83921, 17.025, 8.5095],
			"rotation": {"angle": 0, "axis": "z", "origin": [14.83921, 16.58, 8.00867]},
			"faces": {
				"north": {"uv": [6.5, 3.5, 8.5, 5], "texture": "#1"},
				"east": {"uv": [6, 3.5, 6.5, 5], "texture": "#1"},
				"south": {"uv": [8.5, 3.5, 6.5, 5], "texture": "#1"},
				"west": {"uv": [8.5, 3.5, 9, 5], "texture": "#1"},
				"up": {"uv": [8.5, 3.5, 6.5, 3], "texture": "#1"},
				"down": {"uv": [10.5, 3, 8.5, 3.5], "texture": "#1"}
			}
		},
		{
			"from": [11.83921, 22.025, 7.5095],
			"to": [15.83921, 25.025, 8.5095],
			"rotation": {"angle": 0, "axis": "z", "origin": [14.83921, 24.58, 8.00867]},
			"faces": {
				"north": {"uv": [9.5, 3, 11.5, 1.5], "texture": "#1"},
				"east": {"uv": [9, 1.5, 9.5, 3], "texture": "#1"},
				"south": {"uv": [11.5, 3, 9.5, 1.5], "texture": "#1"},
				"west": {"uv": [11.5, 1.5, 12, 3], "texture": "#1"},
				"up": {"uv": [11.5, 1.5, 9.5, 1], "texture": "#1"},
				"down": {"uv": [13.5, 1, 11.5, 1.5], "texture": "#1"}
			}
		},
		{
			"from": [7.21421, 14, 6.89445],
			"to": [9.21421, 23, 8.89445],
			"rotation": {"angle": -45, "axis": "y", "origin": [7.96421, 5.10343, 7.64445]},
			"faces": {
				"north": {"uv": [3, 4, 4, 8.5], "texture": "#1"},
				"east": {"uv": [2, 4, 3, 8.5], "texture": "#1"},
				"south": {"uv": [5, 4, 6, 8.5], "texture": "#1"},
				"west": {"uv": [4, 4, 5, 8.5], "texture": "#1"},
				"up": {"uv": [4, 4, 3, 3], "texture": "#1"},
				"down": {"uv": [5, 3, 4, 4], "texture": "#1"}
			}
		},
		{
			"from": [6.5, 0.5, 7],
			"to": [9, 3, 9],
			"rotation": {"angle": 45, "axis": "z", "origin": [8, 2, 8]},
			"faces": {
				"north": {"uv": [7, 6, 8, 7], "texture": "#1"},
				"east": {"uv": [6, 6, 7, 7], "texture": "#1"},
				"south": {"uv": [9, 6, 10, 7], "texture": "#1"},
				"west": {"uv": [8, 6, 9, 7], "texture": "#1"},
				"up": {"uv": [8, 6, 7, 5], "texture": "#1"},
				"down": {"uv": [9, 5, 8, 6], "texture": "#1"}
			}
		}
	],
	"display": {
		"thirdperson_righthand": {
			"rotation": [0, 90, 0],
			"translation": [-0.5, -2, 1.75],
			"scale": [0.85, 0.85, 0.85]
		},
		"thirdperson_lefthand": {
			"rotation": [0, -90, 0],
			"translation": [-0.5, -1.5, 1.75],
			"scale": [0.85, 0.85, 0.85]
		},
		"firstperson_righthand": {
			"rotation": [56.05, 84.96, -44.68],
			"translation": [1.75, -0.5, 0],
			"scale": [0.55, 0.55, 0.55]
		},
		"firstperson_lefthand": {
			"rotation": [-56.05, -84.96, -62],
			"translation": [1.5, -0.5, 0],
			"scale": [0.55, 0.55, 0.55]
		},
		"ground": {
			"rotation": [12.74, 17, -28.36],
			"translation": [0, 1.75, 0],
			"scale": [0.4, 0.4, 0.4]
		},
		"gui": {
			"rotation": [140.93, 0.17, -143.26],
			"translation": [-2.25, -3, 0],
			"scale": [0.75, 0.75, 0.75]
		},
		"fixed": {
			"rotation": [0, 0, 45],
			"translation": [3.5, -3.75, 0],
			"scale": [0.9, 0.9, 0.9]
		}
	}
}