{
	"format_version": "1.21.6",
	"credit": "davka",
	"texture_size": [32, 32],
	"textures": {
		"1": "block/netherite_sword"
	},
	"elements": [
		{
			"from": [7, -1, 6.5],
			"to": [9, 1, 9.5],
			"rotation": {"angle": 0, "axis": "x", "origin": [8, 0, 7.5]},
			"faces": {
				"north": {"uv": [1.5, 1.5, 2.5, 2.5], "texture": "#1"},
				"east": {"uv": [0, 1.5, 1.5, 2.5], "texture": "#1"},
				"south": {"uv": [4, 1.5, 5, 2.5], "texture": "#1"},
				"west": {"uv": [2.5, 1.5, 4, 2.5], "texture": "#1"},
				"up": {"uv": [2.5, 1.5, 1.5, 0], "texture": "#1"},
				"down": {"uv": [3.5, 0, 2.5, 1.5], "texture": "#1"}
			}
		},
		{
			"from": [7.5, 1, 7],
			"to": [8.5, 7, 9],
			"rotation": {"angle": 0, "axis": "y", "origin": [8, 4, 7.5]},
			"faces": {
				"north": {"uv": [12, 1, 12.5, 4], "texture": "#1"},
				"east": {"uv": [11, 1, 12, 4], "texture": "#1"},
				"south": {"uv": [13.5, 1, 14, 4], "texture": "#1"},
				"west": {"uv": [12.5, 1, 13.5, 4], "texture": "#1"},
				"up": {"uv": [12.5, 1, 12, 0], "texture": "#1"},
				"down": {"uv": [13, 0, 12.5, 1], "texture": "#1"}
			}
		},
		{
			"from": [7, 6, 4],
			"to": [9, 8, 11],
			"rotation": {"angle": 0, "axis": "y", "origin": [8.5, 7, 8.5]},
			"faces": {
				"north": {"uv": [6, 0, 7, 1], "texture": "#1"},
				"east": {"uv": [7, 6, 10.5, 7], "texture": "#1"},
				"south": {"uv": [6, 1, 7, 2], "texture": "#1"},
				"west": {"uv": [7, 7, 10.5, 8], "texture": "#1"},
				"up": {"uv": [8, 11.5, 7, 8], "texture": "#1"},
				"down": {"uv": [9, 8, 8, 11.5], "texture": "#1"}
			}
		},
		{
			"from": [7.5, 8, 5],
			"to": [8.5, 16, 11],
			"rotation": {"angle": 0, "axis": "y", "origin": [9, 8, 8.5]},
			"faces": {
				"north": {"uv": [9, 8, 9.5, 12], "texture": "#1"},
				"east": {"uv": [10, 0, 7, 4], "texture": "#1"},
				"south": {"uv": [9.5, 8, 10, 12], "texture": "#1"},
				"west": {"uv": [7, 0, 10, 4], "texture": "#1"},
				"up": {"uv": [5.5, 3, 5, 0], "texture": "#1"},
				"down": {"uv": [6, 0, 5.5, 3], "texture": "#1"}
			}
		},
		{
			"from": [7.5, 24, 3],
			"to": [8.5, 25, 4],
			"rotation": {"angle": 0, "axis": "y", "origin": [9, 16, 8.5]},
			"faces": {
				"north": {"uv": [6.5, 10, 7, 10.5], "texture": "#1"},
				"east": {"uv": [10, 10, 10.5, 10.5], "texture": "#1"},
				"south": {"uv": [10, 9.5, 10.5, 10], "texture": "#1"},
				"west": {"uv": [10, 10, 10.5, 10.5], "texture": "#1"},
				"up": {"uv": [11, 0.5, 10.5, 0], "texture": "#1"},
				"down": {"uv": [11, 0.5, 10.5, 1], "texture": "#1"}
			}
		},
		{
			"from": [7.5, 17, 3],
			"to": [8.5, 24, 11],
			"rotation": {"angle": 0, "axis": "y", "origin": [9, 15, 8.5]},
			"faces": {
				"north": {"uv": [4.5, 10, 5, 13.5], "texture": "#1"},
				"east": {"uv": [7, 6.5, 3, 10], "texture": "#1"},
				"south": {"uv": [5, 10, 5.5, 13.5], "texture": "#1"},
				"west": {"uv": [3, 6.5, 7, 10], "texture": "#1"},
				"up": {"uv": [10.5, 4, 10, 0], "texture": "#1"},
				"down": {"uv": [3.5, 10, 3, 14], "texture": "#1"}
			}
		},
		{
			"from": [7.5, 16, 4],
			"to": [8.5, 17, 11],
			"rotation": {"angle": 0, "axis": "y", "origin": [9, 15, 8.5]},
			"faces": {
				"north": {"uv": [10.5, 1, 11, 1.5], "texture": "#1"},
				"east": {"uv": [13.5, 8.5, 10, 9], "texture": "#1"},
				"south": {"uv": [10.5, 1.5, 11, 2], "texture": "#1"},
				"west": {"uv": [10, 8.5, 13.5, 9], "texture": "#1"},
				"up": {"uv": [6, 13.5, 5.5, 10], "texture": "#1"},
				"down": {"uv": [6.5, 10, 6, 13.5], "texture": "#1"}
			}
		},
		{
			"from": [7.5, 24, 4],
			"to": [8.5, 26, 12],
			"rotation": {"angle": 0, "axis": "y", "origin": [9, 15, 8.5]},
			"faces": {
				"north": {"uv": [6, 2, 6.5, 3], "texture": "#1"},
				"east": {"uv": [11, 5, 7, 6], "texture": "#1"},
				"south": {"uv": [6.5, 2, 7, 3], "texture": "#1"},
				"west": {"uv": [7, 5, 11, 6], "texture": "#1"},
				"up": {"uv": [4, 14, 3.5, 10], "texture": "#1"},
				"down": {"uv": [4.5, 10, 4, 14], "texture": "#1"}
			}
		}
	],
	"display": {
		"thirdperson_righthand": {
			"translation": [-0.5, 1.75, 2],
			"scale": [0.85, 0.85, 0.85]
		},
		"thirdperson_lefthand": {
			"translation": [-0.5, 1.75, 2],
			"scale": [0.85, 0.85, 0.85]
		},
		"firstperson_righthand": {
			"rotation": [13.82, -6.35, -6.85],
			"translation": [1.75, 1.75, 0],
			"scale": [0.55, 0.55, 0.55]
		},
		"firstperson_lefthand": {
			"rotation": [13.82, -6.35, -6.85],
			"translation": [1.75, 1.75, 0],
			"scale": [0.55, 0.55, 0.55]
		},
		"ground": {
			"rotation": [-45, 0, 0],
			"translation": [0, 2, 0],
			"scale": [0.5, 0.5, 0.5]
		},
		"gui": {
			"rotation": [35.89, 49.3, -67.72],
			"translation": [-2.5, -3, 0],
			"scale": [0.7, 0.7, 0.7]
		},
		"fixed": {
			"rotation": [-90, 45, 90],
			"translation": [4.25, -4.25, 0]
		},
		"on_shelf": {
			"rotation": [0, 90, 0],
			"translation": [1.75, -4.5, -1]
		}
	}
}