{
	"format_version": "1.21.6",
	"credit": "davka",
	"texture_size": [32, 32],
	"textures": {
		"2": "block/netherite_pickaxe",
		"particle": "block/glint/enchanted_netherite_pickaxe_glint_fp"
	},
	"elements": [
		{
			"from": [3.01079, 18.675, 7.5095],
			"to": [12.98579, 21.875, 8.4985],
			"rotation": {"angle": 0, "axis": "y", "origin": [7.98579, 22.78, 8.00867]},
			"faces": {
				"north": {"uv": [0, 0, 5, 1.5], "texture": "#2"},
				"east": {"uv": [6, 8.5, 6.5, 10], "texture": "#2"},
				"south": {"uv": [0, 1.5, 5, 3], "texture": "#2"},
				"west": {"uv": [6.5, 8.5, 7, 10], "texture": "#2"},
				"up": {"uv": [10, 0.5, 5, 0], "texture": "#2"},
				"down": {"uv": [10, 0.5, 5, 1], "texture": "#2"}
			}
		},
		{
			"from": [12.15393, 22.69328, 7.509],
			"to": [19.15393, 25.69328, 8.509],
			"rotation": {"angle": -45, "axis": "z", "origin": [7.96079, 22.78, 7.99817]},
			"faces": {
				"north": {"uv": [0, 3, 3.5, 4.5], "texture": "#2"},
				"east": {"uv": [8.5, 6.5, 9, 8], "texture": "#2"},
				"south": {"uv": [3.5, 3, 7, 4.5], "texture": "#2"},
				"west": {"uv": [7, 8.5, 7.5, 10], "texture": "#2"},
				"up": {"uv": [8.5, 3, 5, 2.5], "texture": "#2"},
				"down": {"uv": [10, 1, 6.5, 1.5], "texture": "#2"}
			}
		},
		{
			"from": [12.81422, 14.80393, 7.5099],
			"to": [15.81422, 16.95393, 8.5079],
			"rotation": {"angle": 0, "axis": "y", "origin": [13.81422, 15.30393, 8.01]},
			"faces": {
				"north": {"uv": [7, 3, 8.5, 4], "texture": "#2"},
				"east": {"uv": [10, 1, 10.5, 2], "texture": "#2"},
				"south": {"uv": [7, 4, 8.5, 5], "texture": "#2"},
				"west": {"uv": [10, 2, 10.5, 3], "texture": "#2"},
				"up": {"uv": [10, 8.5, 8.5, 8], "texture": "#2"},
				"down": {"uv": [10, 8.5, 8.5, 9], "texture": "#2"}
			}
		},
		{
			"from": [11.87488, 16.0717, 7.511],
			"to": [14.69988, 16.9467, 8.507],
			"rotation": {"angle": 45, "axis": "z", "origin": [13.87488, 16.5717, 8.01]},
			"faces": {
				"north": {"uv": [9, 6.5, 10.5, 7], "texture": "#2"},
				"east": {"uv": [10, 5, 10.5, 5.5], "texture": "#2"},
				"south": {"uv": [9, 7, 10.5, 7.5], "texture": "#2"},
				"west": {"uv": [10, 5.5, 10.5, 6], "texture": "#2"},
				"up": {"uv": [9, 9.5, 7.5, 9], "texture": "#2"},
				"down": {"uv": [10.5, 7.5, 9, 8], "texture": "#2"}
			}
		},
		{
			"from": [-3.15393, 22.69328, 7.509],
			"to": [3.84607, 25.69328, 8.509],
			"rotation": {"angle": 45, "axis": "z", "origin": [8.03921, 22.78, 7.99817]},
			"faces": {
				"north": {"uv": [0, 4.5, 3.5, 6], "texture": "#2"},
				"east": {"uv": [9, 9, 9.5, 10.5], "texture": "#2"},
				"south": {"uv": [3.5, 4.5, 7, 6], "texture": "#2"},
				"west": {"uv": [9.5, 4.5, 10, 6], "texture": "#2"},
				"up": {"uv": [10, 2, 6.5, 1.5], "texture": "#2"},
				"down": {"uv": [10, 2, 6.5, 2.5], "texture": "#2"}
			}
		},
		{
			"from": [0.18578, 14.80393, 7.5099],
			"to": [3.18578, 16.95393, 8.5079],
			"rotation": {"angle": 0, "axis": "y", "origin": [2.18578, 15.30393, 8.01]},
			"faces": {
				"north": {"uv": [7, 5, 8.5, 6], "texture": "#2"},
				"east": {"uv": [10, 3, 10.5, 4], "texture": "#2"},
				"south": {"uv": [6, 7.5, 7.5, 8.5], "texture": "#2"},
				"west": {"uv": [10, 4, 10.5, 5], "texture": "#2"},
				"up": {"uv": [11, 6.5, 9.5, 6], "texture": "#2"},
				"down": {"uv": [9, 9.5, 7.5, 10], "texture": "#2"}
			}
		},
		{
			"from": [1.30012, 16.0717, 7.511],
			"to": [4.12512, 16.9467, 8.507],
			"rotation": {"angle": -45, "axis": "z", "origin": [2.12512, 16.5717, 8.01]},
			"faces": {
				"north": {"uv": [9.5, 9, 11, 9.5], "texture": "#2"},
				"east": {"uv": [6, 10, 6.5, 10.5], "texture": "#2"},
				"south": {"uv": [9.5, 9.5, 11, 10], "texture": "#2"},
				"west": {"uv": [6.5, 10, 7, 10.5], "texture": "#2"},
				"up": {"uv": [11.5, 0.5, 10, 0], "texture": "#2"},
				"down": {"uv": [11.5, 0.5, 10, 1], "texture": "#2"}
			}
		},
		{
			"from": [7.36005, 2, 7.31871],
			"to": [8.76005, 16, 8.71871],
			"rotation": {"angle": 45, "axis": "y", "origin": [8.01005, 7.91421, 8.06871]},
			"faces": {
				"north": {"uv": [4.5, 6, 4, 13], "texture": "#2"},
				"east": {"uv": [6, 6, 5.5, 13], "texture": "#2"},
				"south": {"uv": [5.5, 6, 5, 13], "texture": "#2"},
				"west": {"uv": [5, 6, 4.5, 13], "texture": "#2"},
				"up": {"uv": [7, 10.5, 7.5, 10], "texture": "#2"},
				"down": {"uv": [7.5, 10, 8, 10.5], "texture": "#2"}
			}
		},
		{
			"from": [6.78579, 13.325, 6.89445],
			"to": [8.78579, 22.95, 8.89445],
			"rotation": {"angle": 45, "axis": "y", "origin": [8.03579, 5.22843, 7.64445]},
			"faces": {
				"north": {"uv": [1, 6, 0, 10.5], "texture": "#2"},
				"east": {"uv": [4, 6, 3, 10.5], "texture": "#2"},
				"south": {"uv": [3, 6, 2, 10.5], "texture": "#2"},
				"west": {"uv": [2, 6, 1, 10.5], "texture": "#2"},
				"up": {"uv": [8.5, 5.5, 9.5, 4.5], "texture": "#2"},
				"down": {"uv": [8.5, 5.5, 9.5, 6.5], "texture": "#2"}
			}
		},
		{
			"from": [7, 0.5, 7],
			"to": [9.5, 3, 9],
			"rotation": {"angle": -45, "axis": "z", "origin": [8, 2, 8]},
			"faces": {
				"north": {"uv": [6, 1, 5, 2], "texture": "#2"},
				"east": {"uv": [8.5, 7.5, 7.5, 8.5], "texture": "#2"},
				"south": {"uv": [7, 6, 6, 7], "texture": "#2"},
				"west": {"uv": [8.5, 6, 7.5, 7.5], "texture": "#2"},
				"up": {"uv": [8.5, 3.5, 9.5, 2.5], "texture": "#2"},
				"down": {"uv": [8.5, 3.5, 9.5, 4.5], "texture": "#2"}
			}
		}
	],
	"display": {
		"thirdperson_righthand": {
			"rotation": [0, 90, 0],
			"translation": [-0.5, -2, 1.75],
			"scale": [0.85, 0.85, 0.85]
		},
		"thirdperson_lefthand": {
			"rotation": [0, -90, 0],
			"translation": [-0.5, -1.5, 1.75],
			"scale": [0.85, 0.85, 0.85]
		},
		"firstperson_righthand": {
			"rotation": [-56.05, -84.96, -62],
			"translation": [1.5, -0.5, 0],
			"scale": [0.55, 0.55, 0.55]
		},
		"firstperson_lefthand": {
			"rotation": [-56.05, -84.96, -62],
			"translation": [1.5, -0.5, 0],
			"scale": [0.55, 0.55, 0.55]
		},
		"ground": {
			"rotation": [12.74, 17, -28.36],
			"translation": [0, 1.75, 0],
			"scale": [0.4, 0.4, 0.4]
		},
		"gui": {
			"rotation": [140.93, 0.17, -143.26],
			"translation": [-2.25, -3, 0],
			"scale": [0.75, 0.75, 0.75]
		},
		"fixed": {
			"rotation": [0, 0, 45],
			"translation": [3.5, -3.75, 0],
			"scale": [0.9, 0.9, 0.9]
		}
	},
	"groups": [
		{
			"name": "group",
			"origin": [16.25655, 19.53634, 8.5095],
			"color": 0,
			"children": [
				{
					"name": "group",
					"origin": [16.25655, 19.53634, 8.5095],
					"color": 0,
					"children": [0, 1, 2, 3, 4, 5, 6]
				}
			]
		},
		7,
		8,
		9
	]
}