{
	"format_version": "1.21.6",
	"credit": "Made with Blockbench",
	"texture_size": [64, 64],
	"textures": {
		"1": "block/stone_spear",
		"particle": "block/wooden_spear"
	},
	"elements": [
		{
			"from": [6.98995, -13, 7.49371],
			"to": [8.98995, 22, 8.49371],
			"rotation": {"angle": 0, "axis": "y", "origin": [7.98995, -6.25, 7.99371]},
			"faces": {
				"north": {"uv": [0.25, 0.25, 0.75, 9], "texture": "#1"},
				"east": {"uv": [0, 0.25, 0.25, 9], "texture": "#1"},
				"south": {"uv": [1, 0.25, 1.5, 9], "texture": "#1"},
				"west": {"uv": [0.75, 0.25, 1, 9], "texture": "#1"},
				"up": {"uv": [0.75, 0.25, 0.25, 0], "texture": "#1"},
				"down": {"uv": [1.25, 0, 0.75, 0.25], "texture": "#1"}
			}
		},
		{
			"from": [6.51421, 18.5, 6.99445],
			"to": [9.51421, 23.5, 8.99445],
			"rotation": {"angle": 0, "axis": "y", "origin": [8.26421, 10.55343, 7.74445]},
			"faces": {
				"north": {"uv": [4, 2, 3.25, 3.25], "texture": "#1"},
				"east": {"uv": [1.5, 2, 2, 3.25], "texture": "#1"},
				"south": {"uv": [3.25, 2, 4, 3.25], "texture": "#1"},
				"west": {"uv": [2.75, 2, 3.25, 3.25], "texture": "#1"},
				"up": {"uv": [2.75, 2, 2, 1.5], "texture": "#1"},
				"down": {"uv": [3.5, 1.5, 2.75, 2], "texture": "#1"}
			}
		},
		{
			"from": [-1.59683, 25.15381, 7.49145],
			"to": [3.40317, 30.15381, 8.48945],
			"rotation": {"angle": 45, "axis": "z", "origin": [7.90317, 34.78553, 7.996]},
			"faces": {
				"north": {"uv": [4, 3.25, 2.75, 4.5], "texture": "#1"},
				"east": {"uv": [4, 3.25, 4.25, 4.5], "texture": "#1"},
				"south": {"uv": [2.75, 3.25, 4, 4.5], "texture": "#1"},
				"west": {"uv": [2.75, 3.25, 2.75, 4.5], "texture": "#1"},
				"up": {"uv": [4.25, 3.25, 5.5, 3.5], "texture": "#1"},
				"down": {"uv": [4, 3.25, 2.75, 3.25], "texture": "#1"}
			}
		},
		{
			"from": [5.49632, 25.11789, 7.489],
			"to": [10.49632, 30.11789, 8.49],
			"rotation": {"angle": 45, "axis": "z", "origin": [7.99632, 27.61789, 7.99445]},
			"faces": {
				"north": {"uv": [4.5, 0.25, 3.25, 1.5], "texture": "#1"},
				"east": {"uv": [1.5, 0.25, 1.75, 1.5], "texture": "#1"},
				"south": {"uv": [3.25, 0.25, 4.5, 1.5], "texture": "#1"},
				"west": {"uv": [3, 0.25, 3.25, 1.5], "texture": "#1"},
				"up": {"uv": [3, 0.25, 1.75, 0], "texture": "#1"},
				"down": {"uv": [4.25, 0, 3, 0.25], "texture": "#1"}
			}
		},
		{
			"from": [6.5, -16, 7],
			"to": [9.5, -13, 9],
			"rotation": {"angle": 0, "axis": "y", "origin": [8.75, -14.00355, 8]},
			"faces": {
				"north": {"uv": [4.5, 2, 5.25, 2.75], "texture": "#1"},
				"east": {"uv": [4, 2, 4.5, 2.75], "texture": "#1"},
				"south": {"uv": [5.75, 2, 6.5, 2.75], "texture": "#1"},
				"west": {"uv": [5.25, 2, 5.75, 2.75], "texture": "#1"},
				"up": {"uv": [5.25, 2, 4.5, 1.5], "texture": "#1"},
				"down": {"uv": [6, 1.5, 5.25, 2], "texture": "#1"}
			}
		}
	],
	"display": {
		"thirdperson_righthand": {
			"rotation": [0, 90, 0],
			"translation": [-0.5, 1, 1.75],
			"scale": [0.85, 0.85, 0.85]
		},
		"thirdperson_lefthand": {
			"rotation": [0, 90, 0],
			"translation": [-0.5, 1, 1.75],
			"scale": [0.85, 0.85, 0.85]
		},
		"firstperson_righthand": {
			"rotation": [169.95, 83.26, 178.72],
			"translation": [1.5, 1.75, 0.75],
			"scale": [0.55, 0.55, 0.55]
		},
		"firstperson_lefthand": {
			"rotation": [126, 93, -135.52],
			"translation": [1.75, 1.25, 1.75],
			"scale": [0.55, 0.55, 0.55]
		},
		"ground": {
			"rotation": [12.74, 17, -28.36],
			"translation": [0, 6.5, 0],
			"scale": [0.4, 0.4, 0.4]
		},
		"gui": {
			"rotation": [140.93, 0.17, -143.26],
			"translation": [-5.25, -5.5, 0],
			"scale": [0.75, 0.75, 0.75]
		},
		"fixed": {
			"rotation": [0, 0, 45],
			"translation": [-0.5, 0.5, 0],
			"scale": [0.9, 0.9, 0.9]
		}
	},
	"groups": [
		0,
		1,
		{
			"name": "head",
			"origin": [10.26421, 8.45343, 7.74445],
			"color": 0,
			"children": [2, 3]
		},
		4
	]
}