{
	"format_version": "1.21.6",
	"credit": "davka",
	"texture_size": [32, 32],
	"textures": {
		"2": "block/stone_sword",
		"particle": "block/stone_sword"
	},
	"elements": [
		{
			"from": [7.50629, 2, 6.98995],
			"to": [8.50629, 7, 8.98995],
			"shade": false,
			"rotation": {"angle": 0, "axis": "y", "origin": [8.00629, 8.75, 7.98995]},
			"faces": {
				"north": {"uv": [9.5, 8.5, 10, 11], "texture": "#2"},
				"east": {"uv": [7, 6.5, 8, 9], "texture": "#2"},
				"south": {"uv": [10, 5.5, 10.5, 8], "texture": "#2"},
				"west": {"uv": [8, 6.5, 9, 9], "texture": "#2"},
				"up": {"uv": [10, 6.5, 9.5, 5.5], "texture": "#2"},
				"down": {"uv": [10.5, 9, 10, 10], "texture": "#2"}
			}
		},
		{
			"from": [6.50629, 7, 4],
			"to": [9.50629, 8, 12],
			"shade": false,
			"rotation": {"angle": 0, "axis": "y", "origin": [9.00629, 9.75, 8]},
			"faces": {
				"north": {"uv": [10, 8, 11.5, 8.5], "texture": "#2"},
				"east": {"uv": [9, 3, 13, 3.5], "texture": "#2"},
				"south": {"uv": [10, 8.5, 11.5, 9], "texture": "#2"},
				"west": {"uv": [9, 3.5, 13, 4], "texture": "#2"},
				"up": {"uv": [4.5, 10.5, 3, 6.5], "texture": "#2"},
				"down": {"uv": [6, 6.5, 4.5, 10.5], "texture": "#2"}
			}
		},
		{
			"from": [7.50629, 8, 4.98995],
			"to": [8.50629, 22, 10.98995],
			"shade": false,
			"rotation": {"angle": 0, "axis": "y", "origin": [7.00629, 34.75, 8.98995]},
			"faces": {
				"north": {"uv": [6, 6.5, 6.5, 13.5], "texture": "#2"},
				"east": {"uv": [3, 6.5, 0, 13.5], "texture": "#2"},
				"south": {"uv": [6.5, 6.5, 7, 13.5], "texture": "#2"},
				"west": {"uv": [0, 6.5, 3, 13.5], "texture": "#2"},
				"up": {"uv": [9.5, 7, 9, 4], "texture": "#2"},
				"down": {"uv": [7.5, 9, 7, 12], "texture": "#2"}
			}
		},
		{
			"from": [7.50629, 22, 3.98995],
			"to": [8.50629, 27, 11.98995],
			"shade": false,
			"rotation": {"angle": 0, "axis": "y", "origin": [7.00629, 39.75, 8.98995]},
			"faces": {
				"north": {"uv": [4, 4, 4.5, 6.5], "texture": "#2"},
				"east": {"uv": [8.5, 4, 4.5, 6.5], "texture": "#2"},
				"south": {"uv": [8.5, 4, 9, 6.5], "texture": "#2"},
				"west": {"uv": [4.5, 4, 8.5, 6.5], "texture": "#2"},
				"up": {"uv": [4.5, 4, 4, 0], "texture": "#2"},
				"down": {"uv": [5, 0, 4.5, 4], "texture": "#2"}
			}
		},
		{
			"from": [7, -1, 6.5],
			"to": [9, 2, 9.5],
			"shade": false,
			"rotation": {"angle": 0, "axis": "y", "origin": [8, 0.99645, 8.75]},
			"faces": {
				"north": {"uv": [9, 7, 10, 8.5], "texture": "#2"},
				"east": {"uv": [9, 0, 10.5, 1.5], "texture": "#2"},
				"south": {"uv": [7.5, 9, 8.5, 10.5], "texture": "#2"},
				"west": {"uv": [9, 1.5, 10.5, 3], "texture": "#2"},
				"up": {"uv": [9.5, 10.5, 8.5, 9], "texture": "#2"},
				"down": {"uv": [10.5, 4, 9.5, 5.5], "texture": "#2"}
			}
		}
	],
	"display": {
		"thirdperson_righthand": {
			"translation": [-0.5, 1, 2],
			"scale": [0.85, 0.85, 0.85]
		},
		"thirdperson_lefthand": {
			"translation": [-0.5, 1.75, 2],
			"scale": [0.85, 0.85, 0.85]
		},
		"firstperson_righthand": {
			"rotation": [13.82, -6.35, -6.85],
			"translation": [1.75, 1.75, 0],
			"scale": [0.55, 0.55, 0.55]
		},
		"firstperson_lefthand": {
			"rotation": [13.82, -6.35, -6.85],
			"translation": [1.75, 1.75, 0],
			"scale": [0.55, 0.55, 0.55]
		},
		"ground": {
			"rotation": [-45, 0, 0],
			"translation": [0, 2, 0],
			"scale": [0.5, 0.5, 0.5]
		},
		"gui": {
			"rotation": [35.89, 49.3, -67.72],
			"translation": [-2.5, -3, 0],
			"scale": [0.7, 0.7, 0.7]
		},
		"fixed": {
			"rotation": [-90, 45, 90],
			"translation": [4.25, -4.25, 0]
		}
	}
}