{
	"format_version": "1.21.6",
	"credit": "davka",
	"texture_size": [32, 32],
	"textures": {
		"0": "block/stone_axe",
		"particle": "block/stone_axe"
	},
	"elements": [
		{
			"from": [6.98995, 2, 7.49371],
			"to": [8.98995, 15, 8.49371],
			"rotation": {"angle": 0, "axis": "y", "origin": [7.98995, 8.75, 7.99371]},
			"faces": {
				"north": {"uv": [6.5, 3.5, 7.5, 10], "texture": "#0"},
				"east": {"uv": [1, 8.5, 1.5, 15], "texture": "#0"},
				"south": {"uv": [7.5, 3.5, 8.5, 10], "texture": "#0"},
				"west": {"uv": [1.5, 8.5, 2, 15], "texture": "#0"},
				"up": {"uv": [7.5, 10.5, 6.5, 10], "texture": "#0"},
				"down": {"uv": [11, 6.5, 10, 7], "texture": "#0"}
			}
		},
		{
			"from": [6.51421, 11, 6.99445],
			"to": [9.51421, 23, 8.99445],
			"rotation": {"angle": 0, "axis": "y", "origin": [8.26421, 7.05343, 7.74445]},
			"faces": {
				"north": {"uv": [3.5, 5, 5, 11], "texture": "#0"},
				"east": {"uv": [0, 8.5, 1, 14.5], "texture": "#0"},
				"south": {"uv": [5, 5, 3.5, 11], "texture": "#0"},
				"west": {"uv": [8.5, 0, 9.5, 6], "texture": "#0"},
				"up": {"uv": [11, 1.5, 9.5, 0.5], "texture": "#0"},
				"down": {"uv": [11, 1.5, 9.5, 2.5], "texture": "#0"}
			}
		},
		{
			"from": [6.5, 0, 7],
			"to": [9.5, 3, 9],
			"rotation": {"angle": 0, "axis": "y", "origin": [8.75, 1.99645, 8]},
			"faces": {
				"north": {"uv": [8.5, 6, 10, 7.5], "texture": "#0"},
				"east": {"uv": [9.5, 2.5, 10.5, 4], "texture": "#0"},
				"south": {"uv": [8.5, 7.5, 10, 9], "texture": "#0"},
				"west": {"uv": [9.5, 4, 10.5, 5.5], "texture": "#0"},
				"up": {"uv": [6.5, 10.5, 5, 9.5], "texture": "#0"},
				"down": {"uv": [10.5, 9.5, 9, 10.5], "texture": "#0"}
			}
		},
		{
			"from": [4.51421, 15, 7.49445],
			"to": [11.51421, 22, 8.49445],
			"rotation": {"angle": 0, "axis": "y", "origin": [9.26421, 7.05343, 8.24445]},
			"faces": {
				"north": {"uv": [0, 5, 3.5, 8.5], "texture": "#0"},
				"east": {"uv": [3, 8.5, 3.5, 12], "texture": "#0"},
				"south": {"uv": [3.5, 5, 0, 8.5], "texture": "#0"},
				"west": {"uv": [8.5, 9, 9, 12.5], "texture": "#0"},
				"up": {"uv": [12.5, 9.5, 9, 9], "texture": "#0"},
				"down": {"uv": [13, 0, 9.5, 0.5], "texture": "#0"}
			}
		},
		{
			"from": [11.51421, 12, 7.49445],
			"to": [16.51421, 22, 8.49445],
			"rotation": {"angle": 0, "axis": "y", "origin": [13.26421, 7.05343, 8.24445]},
			"faces": {
				"north": {"uv": [0, 0, 2.5, 5], "texture": "#0"},
				"east": {"uv": [2, 8.5, 2.5, 13.5], "texture": "#0"},
				"south": {"uv": [2.5, 0, 0, 5], "texture": "#0"},
				"west": {"uv": [2.5, 8.5, 3, 13.5], "texture": "#0"},
				"up": {"uv": [12, 6, 9.5, 5.5], "texture": "#0"},
				"down": {"uv": [12.5, 6, 10, 6.5], "texture": "#0"}
			}
		}
	],
	"display": {
		"thirdperson_righthand": {
			"rotation": [0, 90, 0],
			"translation": [-0.5, -2, 1.75],
			"scale": [0.85, 0.85, 0.85]
		},
		"thirdperson_lefthand": {
			"rotation": [0, -90, 0],
			"translation": [-0.5, -1.5, 1.75],
			"scale": [0.85, 0.85, 0.85]
		},
		"firstperson_righthand": {
			"rotation": [56.05, 84.96, -44.68],
			"translation": [1.75, -0.5, 0],
			"scale": [0.55, 0.55, 0.55]
		},
		"firstperson_lefthand": {
			"rotation": [-56.05, -84.96, -62],
			"translation": [1.5, -0.5, 0],
			"scale": [0.55, 0.55, 0.55]
		},
		"ground": {
			"rotation": [12.74, 17, -28.36],
			"translation": [0, 1.75, 0],
			"scale": [0.4, 0.4, 0.4]
		},
		"gui": {
			"rotation": [140.93, 0.17, -143.26],
			"translation": [-2.25, -3, 0],
			"scale": [0.75, 0.75, 0.75]
		},
		"fixed": {
			"rotation": [0, 0, 45],
			"translation": [3.5, -3.75, 0],
			"scale": [0.9, 0.9, 0.9]
		}
	},
	"groups": [
		{
			"name": "axe",
			"origin": [10.26421, 8.45343, 7.74445],
			"color": 0,
			"children": [
				0,
				1,
				2,
				{
					"name": "head",
					"origin": [10.26421, 8.45343, 7.74445],
					"color": 0,
					"children": [3, 4]
				}
			]
		}
	]
}