{
	"format_version": "1.21.6",
	"credit": "davka",
	"texture_size": [32, 32],
	"textures": {
		"2": "block/stone_pickaxe",
		"particle": "block/stone_pickaxe"
	},
	"elements": [
		{
			"from": [6.98995, 2, 7.49371],
			"to": [8.98995, 15, 8.49371],
			"rotation": {"angle": 0, "axis": "y", "origin": [7.98995, 8.75, 7.99371]},
			"faces": {
				"north": {"uv": [1.5, 0, 2.5, 6.5], "texture": "#2"},
				"east": {"uv": [5.5, 2, 6, 8.5], "texture": "#2"},
				"south": {"uv": [2.5, 0, 3.5, 6.5], "texture": "#2"},
				"west": {"uv": [0, 6, 0.5, 12.5], "texture": "#2"},
				"up": {"uv": [8.5, 7.5, 7.5, 7], "texture": "#2"},
				"down": {"uv": [8.5, 7.5, 7.5, 8], "texture": "#2"}
			}
		},
		{
			"from": [6.51421, 11, 6.99445],
			"to": [9.51421, 23, 8.99445],
			"rotation": {"angle": 0, "axis": "y", "origin": [8.26421, 7.05343, 7.74445]},
			"faces": {
				"north": {"uv": [0, 0, 1.5, 6], "texture": "#2"},
				"east": {"uv": [3.5, 3, 4.5, 9], "texture": "#2"},
				"south": {"uv": [0, 0, 1.5, 6], "texture": "#2"},
				"west": {"uv": [4.5, 3, 5.5, 9], "texture": "#2"},
				"up": {"uv": [7.5, 6, 6, 5], "texture": "#2"},
				"down": {"uv": [7.5, 6, 6, 7], "texture": "#2"}
			}
		},
		{
			"from": [9.26421, 17.5, 7.49445],
			"to": [13.26421, 21.5, 8.49445],
			"rotation": {"angle": -22.5, "axis": "z", "origin": [11.26421, 21.5, 7.99445]},
			"faces": {
				"north": {"uv": [5.5, 0, 7.5, 2], "texture": "#2"},
				"east": {"uv": [7.5, 1, 8, 3], "texture": "#2"},
				"south": {"uv": [7.5, 0, 5.5, 2], "texture": "#2"},
				"west": {"uv": [7.5, 3, 8, 5], "texture": "#2"},
				"up": {"uv": [9.5, 5.5, 7.5, 5], "texture": "#2"},
				"down": {"uv": [9.5, 5.5, 7.5, 6], "texture": "#2"}
			}
		},
		{
			"from": [13.26421, 15.5, 7.49445],
			"to": [17.26421, 21.5, 8.49445],
			"rotation": {"angle": -22.5, "axis": "z", "origin": [11.26421, 21.5, 7.99445]},
			"faces": {
				"north": {"uv": [3.5, 0, 5.5, 3], "texture": "#2"},
				"east": {"uv": [0.5, 6, 1, 9], "texture": "#2"},
				"south": {"uv": [5.5, 0, 3.5, 3], "texture": "#2"},
				"west": {"uv": [1, 6, 1.5, 9], "texture": "#2"},
				"up": {"uv": [9.5, 6.5, 7.5, 6], "texture": "#2"},
				"down": {"uv": [9.5, 6.5, 7.5, 7], "texture": "#2"}
			}
		},
		{
			"from": [6.5, 0, 7],
			"to": [9.5, 3, 9],
			"rotation": {"angle": 0, "axis": "y", "origin": [8.75, 1.99645, 8]},
			"faces": {
				"north": {"uv": [6, 2, 7.5, 3.5], "texture": "#2"},
				"east": {"uv": [1.5, 6.5, 2.5, 8], "texture": "#2"},
				"south": {"uv": [6, 3.5, 7.5, 5], "texture": "#2"},
				"west": {"uv": [2.5, 6.5, 3.5, 8], "texture": "#2"},
				"up": {"uv": [7.5, 8, 6, 7], "texture": "#2"},
				"down": {"uv": [9, 0, 7.5, 1], "texture": "#2"}
			}
		},
		{
			"from": [2.73579, 17.5, 7.49445],
			"to": [6.73579, 21.5, 8.49445],
			"rotation": {"angle": 22.5, "axis": "z", "origin": [4.73579, 21.5, 7.99445]},
			"faces": {
				"north": {"uv": [7.5, 0, 5.5, 2], "texture": "#2"},
				"east": {"uv": [8, 3, 7.5, 5], "texture": "#2"},
				"south": {"uv": [5.5, 0, 7.5, 2], "texture": "#2"},
				"west": {"uv": [8, 1, 7.5, 3], "texture": "#2"},
				"up": {"uv": [7.5, 5, 9.5, 5.5], "texture": "#2"},
				"down": {"uv": [9.5, 5.5, 7.5, 6], "texture": "#2"}
			}
		},
		{
			"from": [-1.26421, 15.5, 7.49445],
			"to": [2.73579, 21.5, 8.49445],
			"rotation": {"angle": 22.5, "axis": "z", "origin": [4.73579, 21.5, 7.99445]},
			"faces": {
				"north": {"uv": [5.5, 0, 3.5, 3], "texture": "#2"},
				"east": {"uv": [1.5, 6, 1, 9], "texture": "#2"},
				"south": {"uv": [3.5, 0, 5.5, 3], "texture": "#2"},
				"west": {"uv": [1, 6, 0.5, 9], "texture": "#2"},
				"up": {"uv": [9.5, 6, 7.5, 6.5], "texture": "#2"},
				"down": {"uv": [9.5, 6.5, 7.5, 7], "texture": "#2"}
			}
		}
	],
	"display": {
		"thirdperson_righthand": {
			"rotation": [0, 90, 0],
			"translation": [-0.5, -2, 1.75],
			"scale": [0.85, 0.85, 0.85]
		},
		"thirdperson_lefthand": {
			"rotation": [0, -90, 0],
			"translation": [-0.5, -1.5, 1.75],
			"scale": [0.85, 0.85, 0.85]
		},
		"firstperson_righthand": {
			"rotation": [56.05, 84.96, -44.68],
			"translation": [1.75, -0.5, 0],
			"scale": [0.55, 0.55, 0.55]
		},
		"firstperson_lefthand": {
			"rotation": [-56.05, -84.96, -62],
			"translation": [1.5, -0.5, 0],
			"scale": [0.55, 0.55, 0.55]
		},
		"ground": {
			"rotation": [12.74, 17, -28.36],
			"translation": [0, 1.75, 0],
			"scale": [0.4, 0.4, 0.4]
		},
		"gui": {
			"rotation": [140.93, 0.17, -143.26],
			"translation": [-2.25, -3, 0],
			"scale": [0.75, 0.75, 0.75]
		},
		"fixed": {
			"rotation": [0, 0, 45],
			"translation": [3.5, -3.75, 0],
			"scale": [0.9, 0.9, 0.9]
		}
	},
	"groups": [
		0,
		1,
		{
			"name": "head",
			"origin": [10.26421, 8.45343, 7.74445],
			"color": 0,
			"children": [2, 3]
		},
		4,
		{
			"name": "head",
			"origin": [5.73579, 8.45343, 7.74445],
			"color": 0,
			"children": [5, 6]
		}
	]
}