{
	"format_version": "1.21.6",
	"credit": "davka",
	"textures": {
		"0": "block/wooden_shovel",
		"particle": "block/wooden_shovel"
	},
	"elements": [
		{
			"from": [6.98995, 2, 7.49371],
			"to": [8.98995, 15, 8.49371],
			"rotation": {"angle": 0, "axis": "y", "origin": [7.98995, 8.75, 7.99371]},
			"faces": {
				"north": {"uv": [0.5, 5.5, 1.5, 12], "texture": "#0"},
				"east": {"uv": [0, 5.5, 0.5, 12], "texture": "#0"},
				"south": {"uv": [2, 5.5, 3, 12], "texture": "#0"},
				"west": {"uv": [1.5, 5.5, 2, 12], "texture": "#0"},
				"up": {"uv": [1.5, 5.5, 0.5, 5], "texture": "#0"},
				"down": {"uv": [2.5, 5, 1.5, 5.5], "texture": "#0"}
			}
		},
		{
			"from": [6.51421, 11, 6.99445],
			"to": [9.51421, 17, 8.99445],
			"rotation": {"angle": 0, "axis": "y", "origin": [8.26421, 7.05343, 7.74445]},
			"faces": {
				"north": {"uv": [4, 6, 5.5, 9], "texture": "#0"},
				"east": {"uv": [3, 6, 4, 9], "texture": "#0"},
				"south": {"uv": [5.5, 6, 4, 9], "texture": "#0"},
				"west": {"uv": [5.5, 6, 6.5, 9], "texture": "#0"},
				"up": {"uv": [5.5, 6, 4, 5], "texture": "#0"},
				"down": {"uv": [7, 5, 5.5, 6], "texture": "#0"}
			}
		},
		{
			"from": [4.51421, 14, 7.49445],
			"to": [11.51421, 23, 8.49445],
			"rotation": {"angle": 0, "axis": "y", "origin": [9.26421, 7.05343, 8.24445]},
			"faces": {
				"north": {"uv": [0.5, 0.5, 4, 5], "texture": "#0"},
				"east": {"uv": [0, 0.5, 0.5, 5], "texture": "#0"},
				"south": {"uv": [4, 0.5, 0.5, 5], "texture": "#0"},
				"west": {"uv": [4, 0.5, 4.5, 5], "texture": "#0"},
				"up": {"uv": [4, 0.5, 0.5, 0], "texture": "#0"},
				"down": {"uv": [7.5, 0, 4, 0.5], "texture": "#0"}
			}
		},
		{
			"from": [6.5, 0, 7],
			"to": [9.5, 3, 9],
			"rotation": {"angle": 0, "axis": "y", "origin": [8.75, 1.99645, 8]},
			"faces": {
				"north": {"uv": [9, 1, 10.5, 2.5], "texture": "#0"},
				"east": {"uv": [8, 1, 9, 2.5], "texture": "#0"},
				"south": {"uv": [11.5, 1, 13, 2.5], "texture": "#0"},
				"west": {"uv": [10.5, 1, 11.5, 2.5], "texture": "#0"},
				"up": {"uv": [10.5, 1, 9, 0], "texture": "#0"},
				"down": {"uv": [12, 0, 10.5, 1], "texture": "#0"}
			}
		}
	],
	"display": {
		"thirdperson_righthand": {
			"rotation": [0, 90, 0],
			"translation": [-0.5, -2, 1.75],
			"scale": [0.85, 0.85, 0.85]
		},
		"thirdperson_lefthand": {
			"rotation": [0, -90, 0],
			"translation": [-0.5, -1.5, 1.75],
			"scale": [0.85, 0.85, 0.85]
		},
		"firstperson_righthand": {
			"rotation": [56.05, 84.96, -44.68],
			"translation": [1.75, -0.5, 0],
			"scale": [0.55, 0.55, 0.55]
		},
		"firstperson_lefthand": {
			"rotation": [-56.05, -84.96, -62],
			"translation": [1.5, -0.5, 0],
			"scale": [0.55, 0.55, 0.55]
		},
		"ground": {
			"rotation": [12.74, 17, -28.36],
			"translation": [0, 1.75, 0],
			"scale": [0.4, 0.4, 0.4]
		},
		"gui": {
			"rotation": [140.93, 0.17, -143.26],
			"translation": [-2.25, -3, 0],
			"scale": [0.75, 0.75, 0.75]
		},
		"fixed": {
			"rotation": [0, 0, 45],
			"translation": [3.5, -3.75, 0],
			"scale": [0.9, 0.9, 0.9]
		}
	},
	"groups": [
		0,
		1,
		{
			"name": "head",
			"origin": [10.26421, 8.45343, 7.74445],
			"color": 0,
			"children": [2]
		},
		3
	]
}