{
	"format_version": "1.21.6",
	"credit": "davka",
	"texture_size": [32, 32],
	"textures": {
		"2": "block/wooden_pickaxe",
		"particle": "block/wooden_pickaxe"
	},
	"elements": [
		{
			"from": [6.98995, 2, 7.49371],
			"to": [8.98995, 15, 8.49371],
			"rotation": {"angle": 0, "axis": "y", "origin": [7.98995, 8.75, 7.99371]},
			"faces": {
				"north": {"uv": [4, 2, 5, 8.5], "texture": "#2"},
				"east": {"uv": [3.5, 5, 4, 11.5], "texture": "#2"},
				"south": {"uv": [0, 5, 1, 11.5], "texture": "#2"},
				"west": {"uv": [6, 2, 6.5, 8.5], "texture": "#2"},
				"up": {"uv": [6, 8, 5, 7.5], "texture": "#2"},
				"down": {"uv": [9, 3, 8, 3.5], "texture": "#2"}
			}
		},
		{
			"from": [6.51421, 15, 6.99445],
			"to": [9.51421, 23, 8.99445],
			"rotation": {"angle": 0, "axis": "y", "origin": [8.26421, 7.05343, 7.74445]},
			"faces": {
				"north": {"uv": [1, 5, 2.5, 9], "texture": "#2"},
				"east": {"uv": [5, 2, 6, 6], "texture": "#2"},
				"south": {"uv": [2.5, 5, 1, 9], "texture": "#2"},
				"west": {"uv": [2.5, 5, 3.5, 9], "texture": "#2"},
				"up": {"uv": [8, 6, 6.5, 5], "texture": "#2"},
				"down": {"uv": [8, 6, 6.5, 7], "texture": "#2"}
			}
		},
		{
			"from": [9.76421, 20, 7.492],
			"to": [11.76421, 21, 7.492],
			"rotation": {"angle": 0, "axis": "y", "origin": [8, 20.5, 8]},
			"faces": {
				"north": {"uv": [10, 0, 11, 0.5], "texture": "#2"},
				"east": {"uv": [10, 0, 10, 0.5], "texture": "#2"},
				"south": {"uv": [11, 0, 12, 0.5], "texture": "#2"},
				"west": {"uv": [11, 0, 11, 0.5], "texture": "#2"},
				"up": {"uv": [11, 0, 10, 0], "texture": "#2"},
				"down": {"uv": [12, 0, 11, 0], "texture": "#2"}
			}
		},
		{
			"from": [9.76421, 20, 8.508],
			"to": [11.76421, 21, 8.508],
			"rotation": {"angle": 0, "axis": "y", "origin": [8, 20.5, 8]},
			"faces": {
				"north": {"uv": [10, 0, 11, 0.5], "texture": "#2"},
				"east": {"uv": [10, 0, 10, 0.5], "texture": "#2"},
				"south": {"uv": [11, 0, 12, 0.5], "texture": "#2"},
				"west": {"uv": [11, 0, 11, 0.5], "texture": "#2"},
				"up": {"uv": [11, 0, 10, 0], "texture": "#2"},
				"down": {"uv": [12, 0, 11, 0], "texture": "#2"}
			}
		},
		{
			"from": [14.13553, 16.84315, 7.493],
			"to": [17.13553, 21.84315, 8.495],
			"rotation": {"angle": 45, "axis": "z", "origin": [14.63553, 16.34315, 7.99445]},
			"faces": {
				"north": {"uv": [0.5, 2.5, 2, 5], "texture": "#2"},
				"east": {"uv": [0, 2.5, 0.5, 5], "texture": "#2"},
				"south": {"uv": [2, 2.5, 0.5, 5], "texture": "#2"},
				"west": {"uv": [2, 2.5, 2.5, 5], "texture": "#2"},
				"up": {"uv": [2, 2.5, 0.5, 2], "texture": "#2"},
				"down": {"uv": [3.5, 2, 2, 2.5], "texture": "#2"}
			}
		},
		{
			"from": [6.5, 0, 7],
			"to": [9.5, 3, 9],
			"rotation": {"angle": 0, "axis": "y", "origin": [8, 1.5, 8]},
			"faces": {
				"north": {"uv": [6.5, 2, 8, 3.5], "texture": "#2"},
				"east": {"uv": [5, 6, 6, 7.5], "texture": "#2"},
				"south": {"uv": [6.5, 3.5, 8, 5], "texture": "#2"},
				"west": {"uv": [6.5, 7, 7.5, 8.5], "texture": "#2"},
				"up": {"uv": [9, 8, 7.5, 7], "texture": "#2"},
				"down": {"uv": [9.5, 2, 8, 3], "texture": "#2"}
			}
		},
		{
			"from": [4.23579, 20, 7.492],
			"to": [6.23579, 21, 7.492],
			"rotation": {"angle": 0, "axis": "y", "origin": [8, 20.5, 8]},
			"faces": {
				"north": {"uv": [11, 0, 10, 0.5], "texture": "#2"},
				"east": {"uv": [11, 0, 11, 0.5], "texture": "#2"},
				"south": {"uv": [12, 0, 11, 0.5], "texture": "#2"},
				"west": {"uv": [10, 0, 10, 0.5], "texture": "#2"},
				"up": {"uv": [10, 0, 11, 0], "texture": "#2"},
				"down": {"uv": [11, 0, 12, 0], "texture": "#2"}
			}
		},
		{
			"from": [4.23579, 20, 8.508],
			"to": [6.23579, 21, 8.508],
			"rotation": {"angle": 0, "axis": "y", "origin": [8, 20.5, 8]},
			"faces": {
				"north": {"uv": [11, 0, 10, 0.5], "texture": "#2"},
				"east": {"uv": [11, 0, 11, 0.5], "texture": "#2"},
				"south": {"uv": [12, 0, 11, 0.5], "texture": "#2"},
				"west": {"uv": [10, 0, 10, 0.5], "texture": "#2"},
				"up": {"uv": [10, 0, 11, 0], "texture": "#2"},
				"down": {"uv": [11, 0, 12, 0], "texture": "#2"}
			}
		},
		{
			"from": [-1.13553, 16.84315, 7.493],
			"to": [1.86447, 21.84315, 8.495],
			"rotation": {"angle": -45, "axis": "z", "origin": [1.36447, 16.34315, 7.99445]},
			"faces": {
				"north": {"uv": [2, 2.5, 0.5, 5], "texture": "#2"},
				"east": {"uv": [2.5, 2.5, 2, 5], "texture": "#2"},
				"south": {"uv": [0.5, 2.5, 2, 5], "texture": "#2"},
				"west": {"uv": [0.5, 2.5, 0, 5], "texture": "#2"},
				"up": {"uv": [0.5, 2.5, 2, 2], "texture": "#2"},
				"down": {"uv": [2, 2, 3.5, 2.5], "texture": "#2"}
			}
		},
		{
			"from": [3.48579, 19, 7.49445],
			"to": [12.48579, 22, 8.49445],
			"rotation": {"angle": 0, "axis": "y", "origin": [6.73579, 7.05343, 8.24445]},
			"faces": {
				"north": {"uv": [5, 0.5, 0.5, 2], "texture": "#2"},
				"east": {"uv": [5.5, 0.5, 5, 2], "texture": "#2"},
				"south": {"uv": [5, 0.5, 0.5, 2], "texture": "#2"},
				"west": {"uv": [0.5, 0.5, 0, 2], "texture": "#2"},
				"up": {"uv": [0.5, 0.5, 5, 0], "texture": "#2"},
				"down": {"uv": [5, 0, 9.5, 0.5], "texture": "#2"}
			}
		}
	],
	"display": {
		"thirdperson_righthand": {
			"rotation": [0, 90, 0],
			"translation": [-0.5, -2, 1.75],
			"scale": [0.85, 0.85, 0.85]
		},
		"thirdperson_lefthand": {
			"rotation": [0, -90, 0],
			"translation": [-0.5, -1.5, 1.75],
			"scale": [0.85, 0.85, 0.85]
		},
		"firstperson_righthand": {
			"rotation": [56.05, 84.96, -44.68],
			"translation": [1.75, -0.5, 0],
			"scale": [0.55, 0.55, 0.55]
		},
		"firstperson_lefthand": {
			"rotation": [-56.05, -84.96, -62],
			"translation": [1.5, -0.5, 0],
			"scale": [0.55, 0.55, 0.55]
		},
		"ground": {
			"rotation": [12.74, 17, -28.36],
			"translation": [0, 1.75, 0],
			"scale": [0.4, 0.4, 0.4]
		},
		"gui": {
			"rotation": [140.93, 0.17, -143.26],
			"translation": [-2.25, -3, 0],
			"scale": [0.75, 0.75, 0.75]
		},
		"fixed": {
			"rotation": [0, 0, 45],
			"translation": [3.5, -3.75, 0],
			"scale": [0.9, 0.9, 0.9]
		}
	},
	"groups": [
		0,
		1,
		{
			"name": "head",
			"origin": [10.26421, 8.45343, 7.74445],
			"color": 0,
			"children": [2, 3, 4]
		},
		5,
		{
			"name": "head",
			"origin": [5.73579, 8.45343, 7.74445],
			"color": 0,
			"children": [6, 7, 8, 9]
		}
	]
}