{
	"format_version": "1.21.6",
	"credit": "Made with Blockbench",
	"texture_size": [64, 64],
	"textures": {
		"0": "block/wooden_spear",
		"particle": "block/wooden_spear"
	},
	"elements": [
		{
			"from": [6.98995, -13, 7.49371],
			"to": [8.98995, 22, 8.49371],
			"rotation": {"angle": 0, "axis": "y", "origin": [7.98995, -6.25, 7.99371]},
			"faces": {
				"north": {"uv": [0.25, 0.25, 0.75, 9], "texture": "#0"},
				"east": {"uv": [0, 0.25, 0.25, 9], "texture": "#0"},
				"south": {"uv": [1, 0.25, 1.5, 9], "texture": "#0"},
				"west": {"uv": [0.75, 0.25, 1, 9], "texture": "#0"},
				"up": {"uv": [0.75, 0.25, 0.25, 0], "texture": "#0"},
				"down": {"uv": [1.25, 0, 0.75, 0.25], "texture": "#0"}
			}
		},
		{
			"from": [6.51421, 20, 6.99445],
			"to": [9.51421, 25, 8.99445],
			"rotation": {"angle": 0, "axis": "y", "origin": [8.26421, 12.05343, 7.74445]},
			"faces": {
				"north": {"uv": [2, 3.25, 2.75, 4.5], "texture": "#0"},
				"east": {"uv": [1.5, 3.25, 2, 4.5], "texture": "#0"},
				"south": {"uv": [2.75, 3.25, 2, 4.5], "texture": "#0"},
				"west": {"uv": [2.75, 3.25, 3.25, 4.5], "texture": "#0"},
				"up": {"uv": [2.75, 3.25, 2, 2.75], "texture": "#0"},
				"down": {"uv": [3.5, 2.75, 2.75, 3.25], "texture": "#0"}
			}
		},
		{
			"from": [5.51421, 26, 7.49445],
			"to": [10.51421, 32, 8.49445],
			"rotation": {"angle": 0, "axis": "y", "origin": [9.26421, 16.05343, 8.24445]},
			"faces": {
				"north": {"uv": [1.75, 1.25, 3, 2.75], "texture": "#0"},
				"east": {"uv": [1.5, 1.25, 1.75, 2.75], "texture": "#0"},
				"south": {"uv": [3, 1.25, 1.75, 2.75], "texture": "#0"},
				"west": {"uv": [3, 1.25, 3.25, 2.75], "texture": "#0"},
				"up": {"uv": [3, 1.25, 1.75, 1], "texture": "#0"},
				"down": {"uv": [4.25, 1, 3, 1.25], "texture": "#0"}
			}
		},
		{
			"from": [4.51421, 23, 7.49445],
			"to": [11.51421, 26, 8.49445],
			"rotation": {"angle": 0, "axis": "y", "origin": [9.26421, 11.05343, 8.24445]},
			"faces": {
				"north": {"uv": [1.75, 0.25, 3.5, 1], "texture": "#0"},
				"east": {"uv": [1.5, 0.25, 1.75, 1], "texture": "#0"},
				"south": {"uv": [3.5, 0.25, 1.75, 1], "texture": "#0"},
				"west": {"uv": [3.5, 0.25, 3.75, 1], "texture": "#0"},
				"up": {"uv": [3.5, 0.25, 1.75, 0], "texture": "#0"},
				"down": {"uv": [5.25, 0, 3.5, 0.25], "texture": "#0"}
			}
		},
		{
			"from": [6.5, -16, 7],
			"to": [9.5, -13, 9],
			"rotation": {"angle": 0, "axis": "y", "origin": [8.75, -14.00355, 8]},
			"faces": {
				"north": {"uv": [4.5, 3.25, 5.25, 4], "texture": "#0"},
				"east": {"uv": [4, 3.25, 4.5, 4], "texture": "#0"},
				"south": {"uv": [5.75, 3.25, 6.5, 4], "texture": "#0"},
				"west": {"uv": [5.25, 3.25, 5.75, 4], "texture": "#0"},
				"up": {"uv": [5.25, 3.25, 4.5, 2.75], "texture": "#0"},
				"down": {"uv": [6, 2.75, 5.25, 3.25], "texture": "#0"}
			}
		}
	],
	"display": {
		"thirdperson_righthand": {
			"rotation": [0, 90, 0],
			"translation": [-0.5, 1, 1.75],
			"scale": [0.85, 0.85, 0.85]
		},
		"thirdperson_lefthand": {
			"rotation": [0, 90, 0],
			"translation": [-0.5, 1, 1.75],
			"scale": [0.85, 0.85, 0.85]
		},
		"firstperson_righthand": {
			"rotation": [169.95, 83.26, 178.72],
			"translation": [1.5, 1.75, 0.75],
			"scale": [0.55, 0.55, 0.55]
		},
		"firstperson_lefthand": {
			"rotation": [126, 93, -135.52],
			"translation": [1.75, 1.25, 1.75],
			"scale": [0.55, 0.55, 0.55]
		},
		"ground": {
			"rotation": [12.74, 17, -28.36],
			"translation": [0, 6.5, 0],
			"scale": [0.4, 0.4, 0.4]
		},
		"gui": {
			"rotation": [140.93, 0.17, -143.26],
			"translation": [-5.25, -5.5, 0],
			"scale": [0.75, 0.75, 0.75]
		},
		"fixed": {
			"rotation": [0, 0, 45],
			"translation": [-0.5, 0.5, 0],
			"scale": [0.9, 0.9, 0.9]
		}
	},
	"groups": [
		0,
		1,
		{
			"name": "head",
			"origin": [10.26421, 8.45343, 7.74445],
			"color": 0,
			"children": [2, 3]
		},
		4
	]
}